Running tiny, run 01
python3: can't open file '/home/msak1/ietf_meetingnotes_evaulation/Scripts_audio/whisper_transription.py': [Errno 2] No such file or directory
/var/spool/slurm/d/job1001547/slurm_script: line 26: --input: command not found
mv: cannot stat 'reproducibility_results/idr/tiny/idr_tech.wav}_whisper.txt': No such file or directory
python3: can't open file '/home/msak1/ietf_meetingnotes_evaulation/Scripts_audio/WER_assessment.py': [Errno 2] No such file or directory
Running tiny, run 02
python3: can't open file '/home/msak1/ietf_meetingnotes_evaulation/Scripts_audio/whisper_transription.py': [Errno 2] No such file or directory
/var/spool/slurm/d/job1001547/slurm_script: line 26: --input: command not found
mv: cannot stat 'reproducibility_results/idr/tiny/idr_tech.wav}_whisper.txt': No such file or directory
python3: can't open file '/home/msak1/ietf_meetingnotes_evaulation/Scripts_audio/WER_assessment.py': [Errno 2] No such file or directory
Running tiny, run 03
python3: can't open file '/home/msak1/ietf_meetingnotes_evaulation/Scripts_audio/whisper_transription.py': [Errno 2] No such file or directory
/var/spool/slurm/d/job1001547/slurm_script: line 26: --input: command not found
mv: cannot stat 'reproducibility_results/idr/tiny/idr_tech.wav}_whisper.txt': No such file or directory
python3: can't open file '/home/msak1/ietf_meetingnotes_evaulation/Scripts_audio/WER_assessment.py': [Errno 2] No such file or directory
Running tiny, run 04
python3: can't open file '/home/msak1/ietf_meetingnotes_evaulation/Scripts_audio/whisper_transription.py': [Errno 2] No such file or directory
/var/spool/slurm/d/job1001547/slurm_script: line 26: --input: command not found
mv: cannot stat 'reproducibility_results/idr/tiny/idr_tech.wav}_whisper.txt': No such file or directory
python3: can't open file '/home/msak1/ietf_meetingnotes_evaulation/Scripts_audio/WER_assessment.py': [Errno 2] No such file or directory
Running tiny, run 05
python3: can't open file '/home/msak1/ietf_meetingnotes_evaulation/Scripts_audio/whisper_transription.py': [Errno 2] No such file or directory
/var/spool/slurm/d/job1001547/slurm_script: line 26: --input: command not found
mv: cannot stat 'reproducibility_results/idr/tiny/idr_tech.wav}_whisper.txt': No such file or directory
python3: can't open file '/home/msak1/ietf_meetingnotes_evaulation/Scripts_audio/WER_assessment.py': [Errno 2] No such file or directory
Running tiny, run 06
python3: can't open file '/home/msak1/ietf_meetingnotes_evaulation/Scripts_audio/whisper_transription.py': [Errno 2] No such file or directory
/var/spool/slurm/d/job1001547/slurm_script: line 26: --input: command not found
mv: cannot stat 'reproducibility_results/idr/tiny/idr_tech.wav}_whisper.txt': No such file or directory
python3: can't open file '/home/msak1/ietf_meetingnotes_evaulation/Scripts_audio/WER_assessment.py': [Errno 2] No such file or directory
Running tiny, run 07
python3: can't open file '/home/msak1/ietf_meetingnotes_evaulation/Scripts_audio/whisper_transription.py': [Errno 2] No such file or directory
/var/spool/slurm/d/job1001547/slurm_script: line 26: --input: command not found
mv: cannot stat 'reproducibility_results/idr/tiny/idr_tech.wav}_whisper.txt': No such file or directory
python3: can't open file '/home/msak1/ietf_meetingnotes_evaulation/Scripts_audio/WER_assessment.py': [Errno 2] No such file or directory
Running tiny, run 08
python3: can't open file '/home/msak1/ietf_meetingnotes_evaulation/Scripts_audio/whisper_transription.py': [Errno 2] No such file or directory
/var/spool/slurm/d/job1001547/slurm_script: line 26: --input: command not found
mv: cannot stat 'reproducibility_results/idr/tiny/idr_tech.wav}_whisper.txt': No such file or directory
python3: can't open file '/home/msak1/ietf_meetingnotes_evaulation/Scripts_audio/WER_assessment.py': [Errno 2] No such file or directory
Running tiny, run 09
python3: can't open file '/home/msak1/ietf_meetingnotes_evaulation/Scripts_audio/whisper_transription.py': [Errno 2] No such file or directory
/var/spool/slurm/d/job1001547/slurm_script: line 26: --input: command not found
mv: cannot stat 'reproducibility_results/idr/tiny/idr_tech.wav}_whisper.txt': No such file or directory
python3: can't open file '/home/msak1/ietf_meetingnotes_evaulation/Scripts_audio/WER_assessment.py': [Errno 2] No such file or directory
Running tiny, run 10
python3: can't open file '/home/msak1/ietf_meetingnotes_evaulation/Scripts_audio/whisper_transription.py': [Errno 2] No such file or directory
/var/spool/slurm/d/job1001547/slurm_script: line 26: --input: command not found
mv: cannot stat 'reproducibility_results/idr/tiny/idr_tech.wav}_whisper.txt': No such file or directory
python3: can't open file '/home/msak1/ietf_meetingnotes_evaulation/Scripts_audio/WER_assessment.py': [Errno 2] No such file or directory
Running tiny, run 11
python3: can't open file '/home/msak1/ietf_meetingnotes_evaulation/Scripts_audio/whisper_transription.py': [Errno 2] No such file or directory
/var/spool/slurm/d/job1001547/slurm_script: line 26: --input: command not found
mv: cannot stat 'reproducibility_results/idr/tiny/idr_tech.wav}_whisper.txt': No such file or directory
python3: can't open file '/home/msak1/ietf_meetingnotes_evaulation/Scripts_audio/WER_assessment.py': [Errno 2] No such file or directory
Running tiny, run 12
python3: can't open file '/home/msak1/ietf_meetingnotes_evaulation/Scripts_audio/whisper_transription.py': [Errno 2] No such file or directory
/var/spool/slurm/d/job1001547/slurm_script: line 26: --input: command not found
mv: cannot stat 'reproducibility_results/idr/tiny/idr_tech.wav}_whisper.txt': No such file or directory
python3: can't open file '/home/msak1/ietf_meetingnotes_evaulation/Scripts_audio/WER_assessment.py': [Errno 2] No such file or directory
Running tiny, run 13
python3: can't open file '/home/msak1/ietf_meetingnotes_evaulation/Scripts_audio/whisper_transription.py': [Errno 2] No such file or directory
/var/spool/slurm/d/job1001547/slurm_script: line 26: --input: command not found
mv: cannot stat 'reproducibility_results/idr/tiny/idr_tech.wav}_whisper.txt': No such file or directory
python3: can't open file '/home/msak1/ietf_meetingnotes_evaulation/Scripts_audio/WER_assessment.py': [Errno 2] No such file or directory
Running tiny, run 14
python3: can't open file '/home/msak1/ietf_meetingnotes_evaulation/Scripts_audio/whisper_transription.py': [Errno 2] No such file or directory
/var/spool/slurm/d/job1001547/slurm_script: line 26: --input: command not found
mv: cannot stat 'reproducibility_results/idr/tiny/idr_tech.wav}_whisper.txt': No such file or directory
python3: can't open file '/home/msak1/ietf_meetingnotes_evaulation/Scripts_audio/WER_assessment.py': [Errno 2] No such file or directory
Running tiny, run 15
python3: can't open file '/home/msak1/ietf_meetingnotes_evaulation/Scripts_audio/whisper_transription.py': [Errno 2] No such file or directory
/var/spool/slurm/d/job1001547/slurm_script: line 26: --input: command not found
mv: cannot stat 'reproducibility_results/idr/tiny/idr_tech.wav}_whisper.txt': No such file or directory
python3: can't open file '/home/msak1/ietf_meetingnotes_evaulation/Scripts_audio/WER_assessment.py': [Errno 2] No such file or directory
Running tiny, run 16
python3: can't open file '/home/msak1/ietf_meetingnotes_evaulation/Scripts_audio/whisper_transription.py': [Errno 2] No such file or directory
/var/spool/slurm/d/job1001547/slurm_script: line 26: --input: command not found
mv: cannot stat 'reproducibility_results/idr/tiny/idr_tech.wav}_whisper.txt': No such file or directory
python3: can't open file '/home/msak1/ietf_meetingnotes_evaulation/Scripts_audio/WER_assessment.py': [Errno 2] No such file or directory
Running tiny, run 17
python3: can't open file '/home/msak1/ietf_meetingnotes_evaulation/Scripts_audio/whisper_transription.py': [Errno 2] No such file or directory
/var/spool/slurm/d/job1001547/slurm_script: line 26: --input: command not found
mv: cannot stat 'reproducibility_results/idr/tiny/idr_tech.wav}_whisper.txt': No such file or directory
python3: can't open file '/home/msak1/ietf_meetingnotes_evaulation/Scripts_audio/WER_assessment.py': [Errno 2] No such file or directory
Running tiny, run 18
python3: can't open file '/home/msak1/ietf_meetingnotes_evaulation/Scripts_audio/whisper_transription.py': [Errno 2] No such file or directory
/var/spool/slurm/d/job1001547/slurm_script: line 26: --input: command not found
mv: cannot stat 'reproducibility_results/idr/tiny/idr_tech.wav}_whisper.txt': No such file or directory
python3: can't open file '/home/msak1/ietf_meetingnotes_evaulation/Scripts_audio/WER_assessment.py': [Errno 2] No such file or directory
Running tiny, run 19
python3: can't open file '/home/msak1/ietf_meetingnotes_evaulation/Scripts_audio/whisper_transription.py': [Errno 2] No such file or directory
/var/spool/slurm/d/job1001547/slurm_script: line 26: --input: command not found
mv: cannot stat 'reproducibility_results/idr/tiny/idr_tech.wav}_whisper.txt': No such file or directory
python3: can't open file '/home/msak1/ietf_meetingnotes_evaulation/Scripts_audio/WER_assessment.py': [Errno 2] No such file or directory
Running tiny, run 20
python3: can't open file '/home/msak1/ietf_meetingnotes_evaulation/Scripts_audio/whisper_transription.py': [Errno 2] No such file or directory
/var/spool/slurm/d/job1001547/slurm_script: line 26: --input: command not found
mv: cannot stat 'reproducibility_results/idr/tiny/idr_tech.wav}_whisper.txt': No such file or directory
python3: can't open file '/home/msak1/ietf_meetingnotes_evaulation/Scripts_audio/WER_assessment.py': [Errno 2] No such file or directory
Running tiny, run 21
python3: can't open file '/home/msak1/ietf_meetingnotes_evaulation/Scripts_audio/whisper_transription.py': [Errno 2] No such file or directory
/var/spool/slurm/d/job1001547/slurm_script: line 26: --input: command not found
mv: cannot stat 'reproducibility_results/idr/tiny/idr_tech.wav}_whisper.txt': No such file or directory
python3: can't open file '/home/msak1/ietf_meetingnotes_evaulation/Scripts_audio/WER_assessment.py': [Errno 2] No such file or directory
Running tiny, run 22
python3: can't open file '/home/msak1/ietf_meetingnotes_evaulation/Scripts_audio/whisper_transription.py': [Errno 2] No such file or directory
/var/spool/slurm/d/job1001547/slurm_script: line 26: --input: command not found
mv: cannot stat 'reproducibility_results/idr/tiny/idr_tech.wav}_whisper.txt': No such file or directory
python3: can't open file '/home/msak1/ietf_meetingnotes_evaulation/Scripts_audio/WER_assessment.py': [Errno 2] No such file or directory
Running tiny, run 23
python3: can't open file '/home/msak1/ietf_meetingnotes_evaulation/Scripts_audio/whisper_transription.py': [Errno 2] No such file or directory
/var/spool/slurm/d/job1001547/slurm_script: line 26: --input: command not found
mv: cannot stat 'reproducibility_results/idr/tiny/idr_tech.wav}_whisper.txt': No such file or directory
python3: can't open file '/home/msak1/ietf_meetingnotes_evaulation/Scripts_audio/WER_assessment.py': [Errno 2] No such file or directory
Running tiny, run 24
python3: can't open file '/home/msak1/ietf_meetingnotes_evaulation/Scripts_audio/whisper_transription.py': [Errno 2] No such file or directory
/var/spool/slurm/d/job1001547/slurm_script: line 26: --input: command not found
mv: cannot stat 'reproducibility_results/idr/tiny/idr_tech.wav}_whisper.txt': No such file or directory
python3: can't open file '/home/msak1/ietf_meetingnotes_evaulation/Scripts_audio/WER_assessment.py': [Errno 2] No such file or directory
Running tiny, run 25
python3: can't open file '/home/msak1/ietf_meetingnotes_evaulation/Scripts_audio/whisper_transription.py': [Errno 2] No such file or directory
/var/spool/slurm/d/job1001547/slurm_script: line 26: --input: command not found
mv: cannot stat 'reproducibility_results/idr/tiny/idr_tech.wav}_whisper.txt': No such file or directory
python3: can't open file '/home/msak1/ietf_meetingnotes_evaulation/Scripts_audio/WER_assessment.py': [Errno 2] No such file or directory
Running tiny.en, run 01
python3: can't open file '/home/msak1/ietf_meetingnotes_evaulation/Scripts_audio/whisper_transription.py': [Errno 2] No such file or directory
/var/spool/slurm/d/job1001547/slurm_script: line 26: --input: command not found
mv: cannot stat 'reproducibility_results/idr/tiny.en/idr_tech.wav}_whisper.txt': No such file or directory
python3: can't open file '/home/msak1/ietf_meetingnotes_evaulation/Scripts_audio/WER_assessment.py': [Errno 2] No such file or directory
Running tiny.en, run 02
python3: can't open file '/home/msak1/ietf_meetingnotes_evaulation/Scripts_audio/whisper_transription.py': [Errno 2] No such file or directory
/var/spool/slurm/d/job1001547/slurm_script: line 26: --input: command not found
mv: cannot stat 'reproducibility_results/idr/tiny.en/idr_tech.wav}_whisper.txt': No such file or directory
python3: can't open file '/home/msak1/ietf_meetingnotes_evaulation/Scripts_audio/WER_assessment.py': [Errno 2] No such file or directory
Running tiny.en, run 03
python3: can't open file '/home/msak1/ietf_meetingnotes_evaulation/Scripts_audio/whisper_transription.py': [Errno 2] No such file or directory
/var/spool/slurm/d/job1001547/slurm_script: line 26: --input: command not found
mv: cannot stat 'reproducibility_results/idr/tiny.en/idr_tech.wav}_whisper.txt': No such file or directory
python3: can't open file '/home/msak1/ietf_meetingnotes_evaulation/Scripts_audio/WER_assessment.py': [Errno 2] No such file or directory
Running tiny.en, run 04
python3: can't open file '/home/msak1/ietf_meetingnotes_evaulation/Scripts_audio/whisper_transription.py': [Errno 2] No such file or directory
/var/spool/slurm/d/job1001547/slurm_script: line 26: --input: command not found
mv: cannot stat 'reproducibility_results/idr/tiny.en/idr_tech.wav}_whisper.txt': No such file or directory
python3: can't open file '/home/msak1/ietf_meetingnotes_evaulation/Scripts_audio/WER_assessment.py': [Errno 2] No such file or directory
Running tiny.en, run 05
python3: can't open file '/home/msak1/ietf_meetingnotes_evaulation/Scripts_audio/whisper_transription.py': [Errno 2] No such file or directory
/var/spool/slurm/d/job1001547/slurm_script: line 26: --input: command not found
mv: cannot stat 'reproducibility_results/idr/tiny.en/idr_tech.wav}_whisper.txt': No such file or directory
python3: can't open file '/home/msak1/ietf_meetingnotes_evaulation/Scripts_audio/WER_assessment.py': [Errno 2] No such file or directory
Running tiny.en, run 06
python3: can't open file '/home/msak1/ietf_meetingnotes_evaulation/Scripts_audio/whisper_transription.py': [Errno 2] No such file or directory
/var/spool/slurm/d/job1001547/slurm_script: line 26: --input: command not found
mv: cannot stat 'reproducibility_results/idr/tiny.en/idr_tech.wav}_whisper.txt': No such file or directory
python3: can't open file '/home/msak1/ietf_meetingnotes_evaulation/Scripts_audio/WER_assessment.py': [Errno 2] No such file or directory
Running tiny.en, run 07
python3: can't open file '/home/msak1/ietf_meetingnotes_evaulation/Scripts_audio/whisper_transription.py': [Errno 2] No such file or directory
/var/spool/slurm/d/job1001547/slurm_script: line 26: --input: command not found
mv: cannot stat 'reproducibility_results/idr/tiny.en/idr_tech.wav}_whisper.txt': No such file or directory
python3: can't open file '/home/msak1/ietf_meetingnotes_evaulation/Scripts_audio/WER_assessment.py': [Errno 2] No such file or directory
Running tiny.en, run 08
python3: can't open file '/home/msak1/ietf_meetingnotes_evaulation/Scripts_audio/whisper_transription.py': [Errno 2] No such file or directory
/var/spool/slurm/d/job1001547/slurm_script: line 26: --input: command not found
mv: cannot stat 'reproducibility_results/idr/tiny.en/idr_tech.wav}_whisper.txt': No such file or directory
python3: can't open file '/home/msak1/ietf_meetingnotes_evaulation/Scripts_audio/WER_assessment.py': [Errno 2] No such file or directory
Running tiny.en, run 09
python3: can't open file '/home/msak1/ietf_meetingnotes_evaulation/Scripts_audio/whisper_transription.py': [Errno 2] No such file or directory
/var/spool/slurm/d/job1001547/slurm_script: line 26: --input: command not found
mv: cannot stat 'reproducibility_results/idr/tiny.en/idr_tech.wav}_whisper.txt': No such file or directory
python3: can't open file '/home/msak1/ietf_meetingnotes_evaulation/Scripts_audio/WER_assessment.py': [Errno 2] No such file or directory
Running tiny.en, run 10
python3: can't open file '/home/msak1/ietf_meetingnotes_evaulation/Scripts_audio/whisper_transription.py': [Errno 2] No such file or directory
/var/spool/slurm/d/job1001547/slurm_script: line 26: --input: command not found
mv: cannot stat 'reproducibility_results/idr/tiny.en/idr_tech.wav}_whisper.txt': No such file or directory
python3: can't open file '/home/msak1/ietf_meetingnotes_evaulation/Scripts_audio/WER_assessment.py': [Errno 2] No such file or directory
Running tiny.en, run 11
python3: can't open file '/home/msak1/ietf_meetingnotes_evaulation/Scripts_audio/whisper_transription.py': [Errno 2] No such file or directory
/var/spool/slurm/d/job1001547/slurm_script: line 26: --input: command not found
mv: cannot stat 'reproducibility_results/idr/tiny.en/idr_tech.wav}_whisper.txt': No such file or directory
python3: can't open file '/home/msak1/ietf_meetingnotes_evaulation/Scripts_audio/WER_assessment.py': [Errno 2] No such file or directory
Running tiny.en, run 12
python3: can't open file '/home/msak1/ietf_meetingnotes_evaulation/Scripts_audio/whisper_transription.py': [Errno 2] No such file or directory
/var/spool/slurm/d/job1001547/slurm_script: line 26: --input: command not found
mv: cannot stat 'reproducibility_results/idr/tiny.en/idr_tech.wav}_whisper.txt': No such file or directory
python3: can't open file '/home/msak1/ietf_meetingnotes_evaulation/Scripts_audio/WER_assessment.py': [Errno 2] No such file or directory
Running tiny.en, run 13
python3: can't open file '/home/msak1/ietf_meetingnotes_evaulation/Scripts_audio/whisper_transription.py': [Errno 2] No such file or directory
/var/spool/slurm/d/job1001547/slurm_script: line 26: --input: command not found
mv: cannot stat 'reproducibility_results/idr/tiny.en/idr_tech.wav}_whisper.txt': No such file or directory
python3: can't open file '/home/msak1/ietf_meetingnotes_evaulation/Scripts_audio/WER_assessment.py': [Errno 2] No such file or directory
Running tiny.en, run 14
python3: can't open file '/home/msak1/ietf_meetingnotes_evaulation/Scripts_audio/whisper_transription.py': [Errno 2] No such file or directory
/var/spool/slurm/d/job1001547/slurm_script: line 26: --input: command not found
mv: cannot stat 'reproducibility_results/idr/tiny.en/idr_tech.wav}_whisper.txt': No such file or directory
python3: can't open file '/home/msak1/ietf_meetingnotes_evaulation/Scripts_audio/WER_assessment.py': [Errno 2] No such file or directory
Running tiny.en, run 15
python3: can't open file '/home/msak1/ietf_meetingnotes_evaulation/Scripts_audio/whisper_transription.py': [Errno 2] No such file or directory
/var/spool/slurm/d/job1001547/slurm_script: line 26: --input: command not found
mv: cannot stat 'reproducibility_results/idr/tiny.en/idr_tech.wav}_whisper.txt': No such file or directory
python3: can't open file '/home/msak1/ietf_meetingnotes_evaulation/Scripts_audio/WER_assessment.py': [Errno 2] No such file or directory
Running tiny.en, run 16
python3: can't open file '/home/msak1/ietf_meetingnotes_evaulation/Scripts_audio/whisper_transription.py': [Errno 2] No such file or directory
/var/spool/slurm/d/job1001547/slurm_script: line 26: --input: command not found
mv: cannot stat 'reproducibility_results/idr/tiny.en/idr_tech.wav}_whisper.txt': No such file or directory
python3: can't open file '/home/msak1/ietf_meetingnotes_evaulation/Scripts_audio/WER_assessment.py': [Errno 2] No such file or directory
Running tiny.en, run 17
python3: can't open file '/home/msak1/ietf_meetingnotes_evaulation/Scripts_audio/whisper_transription.py': [Errno 2] No such file or directory
/var/spool/slurm/d/job1001547/slurm_script: line 26: --input: command not found
mv: cannot stat 'reproducibility_results/idr/tiny.en/idr_tech.wav}_whisper.txt': No such file or directory
python3: can't open file '/home/msak1/ietf_meetingnotes_evaulation/Scripts_audio/WER_assessment.py': [Errno 2] No such file or directory
Running tiny.en, run 18
python3: can't open file '/home/msak1/ietf_meetingnotes_evaulation/Scripts_audio/whisper_transription.py': [Errno 2] No such file or directory
/var/spool/slurm/d/job1001547/slurm_script: line 26: --input: command not found
mv: cannot stat 'reproducibility_results/idr/tiny.en/idr_tech.wav}_whisper.txt': No such file or directory
python3: can't open file '/home/msak1/ietf_meetingnotes_evaulation/Scripts_audio/WER_assessment.py': [Errno 2] No such file or directory
Running tiny.en, run 19
python3: can't open file '/home/msak1/ietf_meetingnotes_evaulation/Scripts_audio/whisper_transription.py': [Errno 2] No such file or directory
/var/spool/slurm/d/job1001547/slurm_script: line 26: --input: command not found
mv: cannot stat 'reproducibility_results/idr/tiny.en/idr_tech.wav}_whisper.txt': No such file or directory
python3: can't open file '/home/msak1/ietf_meetingnotes_evaulation/Scripts_audio/WER_assessment.py': [Errno 2] No such file or directory
Running tiny.en, run 20
python3: can't open file '/home/msak1/ietf_meetingnotes_evaulation/Scripts_audio/whisper_transription.py': [Errno 2] No such file or directory
/var/spool/slurm/d/job1001547/slurm_script: line 26: --input: command not found
mv: cannot stat 'reproducibility_results/idr/tiny.en/idr_tech.wav}_whisper.txt': No such file or directory
python3: can't open file '/home/msak1/ietf_meetingnotes_evaulation/Scripts_audio/WER_assessment.py': [Errno 2] No such file or directory
Running tiny.en, run 21
python3: can't open file '/home/msak1/ietf_meetingnotes_evaulation/Scripts_audio/whisper_transription.py': [Errno 2] No such file or directory
/var/spool/slurm/d/job1001547/slurm_script: line 26: --input: command not found
mv: cannot stat 'reproducibility_results/idr/tiny.en/idr_tech.wav}_whisper.txt': No such file or directory
python3: can't open file '/home/msak1/ietf_meetingnotes_evaulation/Scripts_audio/WER_assessment.py': [Errno 2] No such file or directory
Running tiny.en, run 22
python3: can't open file '/home/msak1/ietf_meetingnotes_evaulation/Scripts_audio/whisper_transription.py': [Errno 2] No such file or directory
/var/spool/slurm/d/job1001547/slurm_script: line 26: --input: command not found
mv: cannot stat 'reproducibility_results/idr/tiny.en/idr_tech.wav}_whisper.txt': No such file or directory
python3: can't open file '/home/msak1/ietf_meetingnotes_evaulation/Scripts_audio/WER_assessment.py': [Errno 2] No such file or directory
Running tiny.en, run 23
python3: can't open file '/home/msak1/ietf_meetingnotes_evaulation/Scripts_audio/whisper_transription.py': [Errno 2] No such file or directory
/var/spool/slurm/d/job1001547/slurm_script: line 26: --input: command not found
mv: cannot stat 'reproducibility_results/idr/tiny.en/idr_tech.wav}_whisper.txt': No such file or directory
python3: can't open file '/home/msak1/ietf_meetingnotes_evaulation/Scripts_audio/WER_assessment.py': [Errno 2] No such file or directory
Running tiny.en, run 24
python3: can't open file '/home/msak1/ietf_meetingnotes_evaulation/Scripts_audio/whisper_transription.py': [Errno 2] No such file or directory
/var/spool/slurm/d/job1001547/slurm_script: line 26: --input: command not found
mv: cannot stat 'reproducibility_results/idr/tiny.en/idr_tech.wav}_whisper.txt': No such file or directory
python3: can't open file '/home/msak1/ietf_meetingnotes_evaulation/Scripts_audio/WER_assessment.py': [Errno 2] No such file or directory
Running tiny.en, run 25
python3: can't open file '/home/msak1/ietf_meetingnotes_evaulation/Scripts_audio/whisper_transription.py': [Errno 2] No such file or directory
/var/spool/slurm/d/job1001547/slurm_script: line 26: --input: command not found
mv: cannot stat 'reproducibility_results/idr/tiny.en/idr_tech.wav}_whisper.txt': No such file or directory
python3: can't open file '/home/msak1/ietf_meetingnotes_evaulation/Scripts_audio/WER_assessment.py': [Errno 2] No such file or directory
Running base, run 01
python3: can't open file '/home/msak1/ietf_meetingnotes_evaulation/Scripts_audio/whisper_transription.py': [Errno 2] No such file or directory
/var/spool/slurm/d/job1001547/slurm_script: line 26: --input: command not found
mv: cannot stat 'reproducibility_results/idr/base/idr_tech.wav}_whisper.txt': No such file or directory
python3: can't open file '/home/msak1/ietf_meetingnotes_evaulation/Scripts_audio/WER_assessment.py': [Errno 2] No such file or directory
Running base, run 02
python3: can't open file '/home/msak1/ietf_meetingnotes_evaulation/Scripts_audio/whisper_transription.py': [Errno 2] No such file or directory
/var/spool/slurm/d/job1001547/slurm_script: line 26: --input: command not found
mv: cannot stat 'reproducibility_results/idr/base/idr_tech.wav}_whisper.txt': No such file or directory
python3: can't open file '/home/msak1/ietf_meetingnotes_evaulation/Scripts_audio/WER_assessment.py': [Errno 2] No such file or directory
Running base, run 03
python3: can't open file '/home/msak1/ietf_meetingnotes_evaulation/Scripts_audio/whisper_transription.py': [Errno 2] No such file or directory
/var/spool/slurm/d/job1001547/slurm_script: line 26: --input: command not found
mv: cannot stat 'reproducibility_results/idr/base/idr_tech.wav}_whisper.txt': No such file or directory
python3: can't open file '/home/msak1/ietf_meetingnotes_evaulation/Scripts_audio/WER_assessment.py': [Errno 2] No such file or directory
Running base, run 04
python3: can't open file '/home/msak1/ietf_meetingnotes_evaulation/Scripts_audio/whisper_transription.py': [Errno 2] No such file or directory
/var/spool/slurm/d/job1001547/slurm_script: line 26: --input: command not found
mv: cannot stat 'reproducibility_results/idr/base/idr_tech.wav}_whisper.txt': No such file or directory
python3: can't open file '/home/msak1/ietf_meetingnotes_evaulation/Scripts_audio/WER_assessment.py': [Errno 2] No such file or directory
Running base, run 05
python3: can't open file '/home/msak1/ietf_meetingnotes_evaulation/Scripts_audio/whisper_transription.py': [Errno 2] No such file or directory
/var/spool/slurm/d/job1001547/slurm_script: line 26: --input: command not found
mv: cannot stat 'reproducibility_results/idr/base/idr_tech.wav}_whisper.txt': No such file or directory
python3: can't open file '/home/msak1/ietf_meetingnotes_evaulation/Scripts_audio/WER_assessment.py': [Errno 2] No such file or directory
Running base, run 06
python3: can't open file '/home/msak1/ietf_meetingnotes_evaulation/Scripts_audio/whisper_transription.py': [Errno 2] No such file or directory
/var/spool/slurm/d/job1001547/slurm_script: line 26: --input: command not found
mv: cannot stat 'reproducibility_results/idr/base/idr_tech.wav}_whisper.txt': No such file or directory
python3: can't open file '/home/msak1/ietf_meetingnotes_evaulation/Scripts_audio/WER_assessment.py': [Errno 2] No such file or directory
Running base, run 07
python3: can't open file '/home/msak1/ietf_meetingnotes_evaulation/Scripts_audio/whisper_transription.py': [Errno 2] No such file or directory
/var/spool/slurm/d/job1001547/slurm_script: line 26: --input: command not found
mv: cannot stat 'reproducibility_results/idr/base/idr_tech.wav}_whisper.txt': No such file or directory
python3: can't open file '/home/msak1/ietf_meetingnotes_evaulation/Scripts_audio/WER_assessment.py': [Errno 2] No such file or directory
Running base, run 08
python3: can't open file '/home/msak1/ietf_meetingnotes_evaulation/Scripts_audio/whisper_transription.py': [Errno 2] No such file or directory
/var/spool/slurm/d/job1001547/slurm_script: line 26: --input: command not found
mv: cannot stat 'reproducibility_results/idr/base/idr_tech.wav}_whisper.txt': No such file or directory
python3: can't open file '/home/msak1/ietf_meetingnotes_evaulation/Scripts_audio/WER_assessment.py': [Errno 2] No such file or directory
Running base, run 09
python3: can't open file '/home/msak1/ietf_meetingnotes_evaulation/Scripts_audio/whisper_transription.py': [Errno 2] No such file or directory
/var/spool/slurm/d/job1001547/slurm_script: line 26: --input: command not found
mv: cannot stat 'reproducibility_results/idr/base/idr_tech.wav}_whisper.txt': No such file or directory
python3: can't open file '/home/msak1/ietf_meetingnotes_evaulation/Scripts_audio/WER_assessment.py': [Errno 2] No such file or directory
Running base, run 10
python3: can't open file '/home/msak1/ietf_meetingnotes_evaulation/Scripts_audio/whisper_transription.py': [Errno 2] No such file or directory
/var/spool/slurm/d/job1001547/slurm_script: line 26: --input: command not found
mv: cannot stat 'reproducibility_results/idr/base/idr_tech.wav}_whisper.txt': No such file or directory
python3: can't open file '/home/msak1/ietf_meetingnotes_evaulation/Scripts_audio/WER_assessment.py': [Errno 2] No such file or directory
Running base, run 11
python3: can't open file '/home/msak1/ietf_meetingnotes_evaulation/Scripts_audio/whisper_transription.py': [Errno 2] No such file or directory
/var/spool/slurm/d/job1001547/slurm_script: line 26: --input: command not found
mv: cannot stat 'reproducibility_results/idr/base/idr_tech.wav}_whisper.txt': No such file or directory
python3: can't open file '/home/msak1/ietf_meetingnotes_evaulation/Scripts_audio/WER_assessment.py': [Errno 2] No such file or directory
Running base, run 12
python3: can't open file '/home/msak1/ietf_meetingnotes_evaulation/Scripts_audio/whisper_transription.py': [Errno 2] No such file or directory
/var/spool/slurm/d/job1001547/slurm_script: line 26: --input: command not found
mv: cannot stat 'reproducibility_results/idr/base/idr_tech.wav}_whisper.txt': No such file or directory
python3: can't open file '/home/msak1/ietf_meetingnotes_evaulation/Scripts_audio/WER_assessment.py': [Errno 2] No such file or directory
Running base, run 13
python3: can't open file '/home/msak1/ietf_meetingnotes_evaulation/Scripts_audio/whisper_transription.py': [Errno 2] No such file or directory
/var/spool/slurm/d/job1001547/slurm_script: line 26: --input: command not found
mv: cannot stat 'reproducibility_results/idr/base/idr_tech.wav}_whisper.txt': No such file or directory
python3: can't open file '/home/msak1/ietf_meetingnotes_evaulation/Scripts_audio/WER_assessment.py': [Errno 2] No such file or directory
Running base, run 14
python3: can't open file '/home/msak1/ietf_meetingnotes_evaulation/Scripts_audio/whisper_transription.py': [Errno 2] No such file or directory
/var/spool/slurm/d/job1001547/slurm_script: line 26: --input: command not found
mv: cannot stat 'reproducibility_results/idr/base/idr_tech.wav}_whisper.txt': No such file or directory
python3: can't open file '/home/msak1/ietf_meetingnotes_evaulation/Scripts_audio/WER_assessment.py': [Errno 2] No such file or directory
Running base, run 15
python3: can't open file '/home/msak1/ietf_meetingnotes_evaulation/Scripts_audio/whisper_transription.py': [Errno 2] No such file or directory
/var/spool/slurm/d/job1001547/slurm_script: line 26: --input: command not found
mv: cannot stat 'reproducibility_results/idr/base/idr_tech.wav}_whisper.txt': No such file or directory
python3: can't open file '/home/msak1/ietf_meetingnotes_evaulation/Scripts_audio/WER_assessment.py': [Errno 2] No such file or directory
Running base, run 16
python3: can't open file '/home/msak1/ietf_meetingnotes_evaulation/Scripts_audio/whisper_transription.py': [Errno 2] No such file or directory
/var/spool/slurm/d/job1001547/slurm_script: line 26: --input: command not found
mv: cannot stat 'reproducibility_results/idr/base/idr_tech.wav}_whisper.txt': No such file or directory
python3: can't open file '/home/msak1/ietf_meetingnotes_evaulation/Scripts_audio/WER_assessment.py': [Errno 2] No such file or directory
Running base, run 17
python3: can't open file '/home/msak1/ietf_meetingnotes_evaulation/Scripts_audio/whisper_transription.py': [Errno 2] No such file or directory
/var/spool/slurm/d/job1001547/slurm_script: line 26: --input: command not found
mv: cannot stat 'reproducibility_results/idr/base/idr_tech.wav}_whisper.txt': No such file or directory
python3: can't open file '/home/msak1/ietf_meetingnotes_evaulation/Scripts_audio/WER_assessment.py': [Errno 2] No such file or directory
Running base, run 18
python3: can't open file '/home/msak1/ietf_meetingnotes_evaulation/Scripts_audio/whisper_transription.py': [Errno 2] No such file or directory
/var/spool/slurm/d/job1001547/slurm_script: line 26: --input: command not found
mv: cannot stat 'reproducibility_results/idr/base/idr_tech.wav}_whisper.txt': No such file or directory
python3: can't open file '/home/msak1/ietf_meetingnotes_evaulation/Scripts_audio/WER_assessment.py': [Errno 2] No such file or directory
Running base, run 19
python3: can't open file '/home/msak1/ietf_meetingnotes_evaulation/Scripts_audio/whisper_transription.py': [Errno 2] No such file or directory
/var/spool/slurm/d/job1001547/slurm_script: line 26: --input: command not found
mv: cannot stat 'reproducibility_results/idr/base/idr_tech.wav}_whisper.txt': No such file or directory
python3: can't open file '/home/msak1/ietf_meetingnotes_evaulation/Scripts_audio/WER_assessment.py': [Errno 2] No such file or directory
Running base, run 20
python3: can't open file '/home/msak1/ietf_meetingnotes_evaulation/Scripts_audio/whisper_transription.py': [Errno 2] No such file or directory
/var/spool/slurm/d/job1001547/slurm_script: line 26: --input: command not found
mv: cannot stat 'reproducibility_results/idr/base/idr_tech.wav}_whisper.txt': No such file or directory
python3: can't open file '/home/msak1/ietf_meetingnotes_evaulation/Scripts_audio/WER_assessment.py': [Errno 2] No such file or directory
Running base, run 21
python3: can't open file '/home/msak1/ietf_meetingnotes_evaulation/Scripts_audio/whisper_transription.py': [Errno 2] No such file or directory
/var/spool/slurm/d/job1001547/slurm_script: line 26: --input: command not found
mv: cannot stat 'reproducibility_results/idr/base/idr_tech.wav}_whisper.txt': No such file or directory
python3: can't open file '/home/msak1/ietf_meetingnotes_evaulation/Scripts_audio/WER_assessment.py': [Errno 2] No such file or directory
Running base, run 22
python3: can't open file '/home/msak1/ietf_meetingnotes_evaulation/Scripts_audio/whisper_transription.py': [Errno 2] No such file or directory
/var/spool/slurm/d/job1001547/slurm_script: line 26: --input: command not found
mv: cannot stat 'reproducibility_results/idr/base/idr_tech.wav}_whisper.txt': No such file or directory
python3: can't open file '/home/msak1/ietf_meetingnotes_evaulation/Scripts_audio/WER_assessment.py': [Errno 2] No such file or directory
Running base, run 23
python3: can't open file '/home/msak1/ietf_meetingnotes_evaulation/Scripts_audio/whisper_transription.py': [Errno 2] No such file or directory
/var/spool/slurm/d/job1001547/slurm_script: line 26: --input: command not found
mv: cannot stat 'reproducibility_results/idr/base/idr_tech.wav}_whisper.txt': No such file or directory
python3: can't open file '/home/msak1/ietf_meetingnotes_evaulation/Scripts_audio/WER_assessment.py': [Errno 2] No such file or directory
Running base, run 24
python3: can't open file '/home/msak1/ietf_meetingnotes_evaulation/Scripts_audio/whisper_transription.py': [Errno 2] No such file or directory
/var/spool/slurm/d/job1001547/slurm_script: line 26: --input: command not found
mv: cannot stat 'reproducibility_results/idr/base/idr_tech.wav}_whisper.txt': No such file or directory
python3: can't open file '/home/msak1/ietf_meetingnotes_evaulation/Scripts_audio/WER_assessment.py': [Errno 2] No such file or directory
Running base, run 25
python3: can't open file '/home/msak1/ietf_meetingnotes_evaulation/Scripts_audio/whisper_transription.py': [Errno 2] No such file or directory
/var/spool/slurm/d/job1001547/slurm_script: line 26: --input: command not found
mv: cannot stat 'reproducibility_results/idr/base/idr_tech.wav}_whisper.txt': No such file or directory
python3: can't open file '/home/msak1/ietf_meetingnotes_evaulation/Scripts_audio/WER_assessment.py': [Errno 2] No such file or directory
Running base.en, run 01
python3: can't open file '/home/msak1/ietf_meetingnotes_evaulation/Scripts_audio/whisper_transription.py': [Errno 2] No such file or directory
/var/spool/slurm/d/job1001547/slurm_script: line 26: --input: command not found
mv: cannot stat 'reproducibility_results/idr/base.en/idr_tech.wav}_whisper.txt': No such file or directory
python3: can't open file '/home/msak1/ietf_meetingnotes_evaulation/Scripts_audio/WER_assessment.py': [Errno 2] No such file or directory
Running base.en, run 02
python3: can't open file '/home/msak1/ietf_meetingnotes_evaulation/Scripts_audio/whisper_transription.py': [Errno 2] No such file or directory
/var/spool/slurm/d/job1001547/slurm_script: line 26: --input: command not found
mv: cannot stat 'reproducibility_results/idr/base.en/idr_tech.wav}_whisper.txt': No such file or directory
python3: can't open file '/home/msak1/ietf_meetingnotes_evaulation/Scripts_audio/WER_assessment.py': [Errno 2] No such file or directory
Running base.en, run 03
python3: can't open file '/home/msak1/ietf_meetingnotes_evaulation/Scripts_audio/whisper_transription.py': [Errno 2] No such file or directory
/var/spool/slurm/d/job1001547/slurm_script: line 26: --input: command not found
mv: cannot stat 'reproducibility_results/idr/base.en/idr_tech.wav}_whisper.txt': No such file or directory
python3: can't open file '/home/msak1/ietf_meetingnotes_evaulation/Scripts_audio/WER_assessment.py': [Errno 2] No such file or directory
Running base.en, run 04
python3: can't open file '/home/msak1/ietf_meetingnotes_evaulation/Scripts_audio/whisper_transription.py': [Errno 2] No such file or directory
/var/spool/slurm/d/job1001547/slurm_script: line 26: --input: command not found
mv: cannot stat 'reproducibility_results/idr/base.en/idr_tech.wav}_whisper.txt': No such file or directory
python3: can't open file '/home/msak1/ietf_meetingnotes_evaulation/Scripts_audio/WER_assessment.py': [Errno 2] No such file or directory
Running base.en, run 05
python3: can't open file '/home/msak1/ietf_meetingnotes_evaulation/Scripts_audio/whisper_transription.py': [Errno 2] No such file or directory
/var/spool/slurm/d/job1001547/slurm_script: line 26: --input: command not found
mv: cannot stat 'reproducibility_results/idr/base.en/idr_tech.wav}_whisper.txt': No such file or directory
python3: can't open file '/home/msak1/ietf_meetingnotes_evaulation/Scripts_audio/WER_assessment.py': [Errno 2] No such file or directory
Running base.en, run 06
python3: can't open file '/home/msak1/ietf_meetingnotes_evaulation/Scripts_audio/whisper_transription.py': [Errno 2] No such file or directory
/var/spool/slurm/d/job1001547/slurm_script: line 26: --input: command not found
mv: cannot stat 'reproducibility_results/idr/base.en/idr_tech.wav}_whisper.txt': No such file or directory
python3: can't open file '/home/msak1/ietf_meetingnotes_evaulation/Scripts_audio/WER_assessment.py': [Errno 2] No such file or directory
Running base.en, run 07
python3: can't open file '/home/msak1/ietf_meetingnotes_evaulation/Scripts_audio/whisper_transription.py': [Errno 2] No such file or directory
/var/spool/slurm/d/job1001547/slurm_script: line 26: --input: command not found
mv: cannot stat 'reproducibility_results/idr/base.en/idr_tech.wav}_whisper.txt': No such file or directory
python3: can't open file '/home/msak1/ietf_meetingnotes_evaulation/Scripts_audio/WER_assessment.py': [Errno 2] No such file or directory
Running base.en, run 08
python3: can't open file '/home/msak1/ietf_meetingnotes_evaulation/Scripts_audio/whisper_transription.py': [Errno 2] No such file or directory
/var/spool/slurm/d/job1001547/slurm_script: line 26: --input: command not found
mv: cannot stat 'reproducibility_results/idr/base.en/idr_tech.wav}_whisper.txt': No such file or directory
python3: can't open file '/home/msak1/ietf_meetingnotes_evaulation/Scripts_audio/WER_assessment.py': [Errno 2] No such file or directory
Running base.en, run 09
python3: can't open file '/home/msak1/ietf_meetingnotes_evaulation/Scripts_audio/whisper_transription.py': [Errno 2] No such file or directory
/var/spool/slurm/d/job1001547/slurm_script: line 26: --input: command not found
mv: cannot stat 'reproducibility_results/idr/base.en/idr_tech.wav}_whisper.txt': No such file or directory
python3: can't open file '/home/msak1/ietf_meetingnotes_evaulation/Scripts_audio/WER_assessment.py': [Errno 2] No such file or directory
Running base.en, run 10
python3: can't open file '/home/msak1/ietf_meetingnotes_evaulation/Scripts_audio/whisper_transription.py': [Errno 2] No such file or directory
/var/spool/slurm/d/job1001547/slurm_script: line 26: --input: command not found
mv: cannot stat 'reproducibility_results/idr/base.en/idr_tech.wav}_whisper.txt': No such file or directory
python3: can't open file '/home/msak1/ietf_meetingnotes_evaulation/Scripts_audio/WER_assessment.py': [Errno 2] No such file or directory
Running base.en, run 11
python3: can't open file '/home/msak1/ietf_meetingnotes_evaulation/Scripts_audio/whisper_transription.py': [Errno 2] No such file or directory
/var/spool/slurm/d/job1001547/slurm_script: line 26: --input: command not found
mv: cannot stat 'reproducibility_results/idr/base.en/idr_tech.wav}_whisper.txt': No such file or directory
python3: can't open file '/home/msak1/ietf_meetingnotes_evaulation/Scripts_audio/WER_assessment.py': [Errno 2] No such file or directory
Running base.en, run 12
python3: can't open file '/home/msak1/ietf_meetingnotes_evaulation/Scripts_audio/whisper_transription.py': [Errno 2] No such file or directory
/var/spool/slurm/d/job1001547/slurm_script: line 26: --input: command not found
mv: cannot stat 'reproducibility_results/idr/base.en/idr_tech.wav}_whisper.txt': No such file or directory
python3: can't open file '/home/msak1/ietf_meetingnotes_evaulation/Scripts_audio/WER_assessment.py': [Errno 2] No such file or directory
Running base.en, run 13
python3: can't open file '/home/msak1/ietf_meetingnotes_evaulation/Scripts_audio/whisper_transription.py': [Errno 2] No such file or directory
/var/spool/slurm/d/job1001547/slurm_script: line 26: --input: command not found
mv: cannot stat 'reproducibility_results/idr/base.en/idr_tech.wav}_whisper.txt': No such file or directory
python3: can't open file '/home/msak1/ietf_meetingnotes_evaulation/Scripts_audio/WER_assessment.py': [Errno 2] No such file or directory
Running base.en, run 14
python3: can't open file '/home/msak1/ietf_meetingnotes_evaulation/Scripts_audio/whisper_transription.py': [Errno 2] No such file or directory
/var/spool/slurm/d/job1001547/slurm_script: line 26: --input: command not found
mv: cannot stat 'reproducibility_results/idr/base.en/idr_tech.wav}_whisper.txt': No such file or directory
python3: can't open file '/home/msak1/ietf_meetingnotes_evaulation/Scripts_audio/WER_assessment.py': [Errno 2] No such file or directory
Running base.en, run 15
python3: can't open file '/home/msak1/ietf_meetingnotes_evaulation/Scripts_audio/whisper_transription.py': [Errno 2] No such file or directory
/var/spool/slurm/d/job1001547/slurm_script: line 26: --input: command not found
mv: cannot stat 'reproducibility_results/idr/base.en/idr_tech.wav}_whisper.txt': No such file or directory
python3: can't open file '/home/msak1/ietf_meetingnotes_evaulation/Scripts_audio/WER_assessment.py': [Errno 2] No such file or directory
Running base.en, run 16
python3: can't open file '/home/msak1/ietf_meetingnotes_evaulation/Scripts_audio/whisper_transription.py': [Errno 2] No such file or directory
/var/spool/slurm/d/job1001547/slurm_script: line 26: --input: command not found
mv: cannot stat 'reproducibility_results/idr/base.en/idr_tech.wav}_whisper.txt': No such file or directory
python3: can't open file '/home/msak1/ietf_meetingnotes_evaulation/Scripts_audio/WER_assessment.py': [Errno 2] No such file or directory
Running base.en, run 17
python3: can't open file '/home/msak1/ietf_meetingnotes_evaulation/Scripts_audio/whisper_transription.py': [Errno 2] No such file or directory
/var/spool/slurm/d/job1001547/slurm_script: line 26: --input: command not found
mv: cannot stat 'reproducibility_results/idr/base.en/idr_tech.wav}_whisper.txt': No such file or directory
python3: can't open file '/home/msak1/ietf_meetingnotes_evaulation/Scripts_audio/WER_assessment.py': [Errno 2] No such file or directory
Running base.en, run 18
python3: can't open file '/home/msak1/ietf_meetingnotes_evaulation/Scripts_audio/whisper_transription.py': [Errno 2] No such file or directory
/var/spool/slurm/d/job1001547/slurm_script: line 26: --input: command not found
mv: cannot stat 'reproducibility_results/idr/base.en/idr_tech.wav}_whisper.txt': No such file or directory
python3: can't open file '/home/msak1/ietf_meetingnotes_evaulation/Scripts_audio/WER_assessment.py': [Errno 2] No such file or directory
Running base.en, run 19
python3: can't open file '/home/msak1/ietf_meetingnotes_evaulation/Scripts_audio/whisper_transription.py': [Errno 2] No such file or directory
/var/spool/slurm/d/job1001547/slurm_script: line 26: --input: command not found
mv: cannot stat 'reproducibility_results/idr/base.en/idr_tech.wav}_whisper.txt': No such file or directory
python3: can't open file '/home/msak1/ietf_meetingnotes_evaulation/Scripts_audio/WER_assessment.py': [Errno 2] No such file or directory
Running base.en, run 20
python3: can't open file '/home/msak1/ietf_meetingnotes_evaulation/Scripts_audio/whisper_transription.py': [Errno 2] No such file or directory
/var/spool/slurm/d/job1001547/slurm_script: line 26: --input: command not found
mv: cannot stat 'reproducibility_results/idr/base.en/idr_tech.wav}_whisper.txt': No such file or directory
python3: can't open file '/home/msak1/ietf_meetingnotes_evaulation/Scripts_audio/WER_assessment.py': [Errno 2] No such file or directory
Running base.en, run 21
python3: can't open file '/home/msak1/ietf_meetingnotes_evaulation/Scripts_audio/whisper_transription.py': [Errno 2] No such file or directory
/var/spool/slurm/d/job1001547/slurm_script: line 26: --input: command not found
mv: cannot stat 'reproducibility_results/idr/base.en/idr_tech.wav}_whisper.txt': No such file or directory
python3: can't open file '/home/msak1/ietf_meetingnotes_evaulation/Scripts_audio/WER_assessment.py': [Errno 2] No such file or directory
Running base.en, run 22
python3: can't open file '/home/msak1/ietf_meetingnotes_evaulation/Scripts_audio/whisper_transription.py': [Errno 2] No such file or directory
/var/spool/slurm/d/job1001547/slurm_script: line 26: --input: command not found
mv: cannot stat 'reproducibility_results/idr/base.en/idr_tech.wav}_whisper.txt': No such file or directory
python3: can't open file '/home/msak1/ietf_meetingnotes_evaulation/Scripts_audio/WER_assessment.py': [Errno 2] No such file or directory
Running base.en, run 23
python3: can't open file '/home/msak1/ietf_meetingnotes_evaulation/Scripts_audio/whisper_transription.py': [Errno 2] No such file or directory
/var/spool/slurm/d/job1001547/slurm_script: line 26: --input: command not found
mv: cannot stat 'reproducibility_results/idr/base.en/idr_tech.wav}_whisper.txt': No such file or directory
python3: can't open file '/home/msak1/ietf_meetingnotes_evaulation/Scripts_audio/WER_assessment.py': [Errno 2] No such file or directory
Running base.en, run 24
python3: can't open file '/home/msak1/ietf_meetingnotes_evaulation/Scripts_audio/whisper_transription.py': [Errno 2] No such file or directory
/var/spool/slurm/d/job1001547/slurm_script: line 26: --input: command not found
mv: cannot stat 'reproducibility_results/idr/base.en/idr_tech.wav}_whisper.txt': No such file or directory
python3: can't open file '/home/msak1/ietf_meetingnotes_evaulation/Scripts_audio/WER_assessment.py': [Errno 2] No such file or directory
Running base.en, run 25
python3: can't open file '/home/msak1/ietf_meetingnotes_evaulation/Scripts_audio/whisper_transription.py': [Errno 2] No such file or directory
/var/spool/slurm/d/job1001547/slurm_script: line 26: --input: command not found
mv: cannot stat 'reproducibility_results/idr/base.en/idr_tech.wav}_whisper.txt': No such file or directory
python3: can't open file '/home/msak1/ietf_meetingnotes_evaulation/Scripts_audio/WER_assessment.py': [Errno 2] No such file or directory
Running small, run 01
python3: can't open file '/home/msak1/ietf_meetingnotes_evaulation/Scripts_audio/whisper_transription.py': [Errno 2] No such file or directory
/var/spool/slurm/d/job1001547/slurm_script: line 26: --input: command not found
mv: cannot stat 'reproducibility_results/idr/small/idr_tech.wav}_whisper.txt': No such file or directory
python3: can't open file '/home/msak1/ietf_meetingnotes_evaulation/Scripts_audio/WER_assessment.py': [Errno 2] No such file or directory
Running small, run 02
python3: can't open file '/home/msak1/ietf_meetingnotes_evaulation/Scripts_audio/whisper_transription.py': [Errno 2] No such file or directory
/var/spool/slurm/d/job1001547/slurm_script: line 26: --input: command not found
mv: cannot stat 'reproducibility_results/idr/small/idr_tech.wav}_whisper.txt': No such file or directory
python3: can't open file '/home/msak1/ietf_meetingnotes_evaulation/Scripts_audio/WER_assessment.py': [Errno 2] No such file or directory
Running small, run 03
python3: can't open file '/home/msak1/ietf_meetingnotes_evaulation/Scripts_audio/whisper_transription.py': [Errno 2] No such file or directory
/var/spool/slurm/d/job1001547/slurm_script: line 26: --input: command not found
mv: cannot stat 'reproducibility_results/idr/small/idr_tech.wav}_whisper.txt': No such file or directory
python3: can't open file '/home/msak1/ietf_meetingnotes_evaulation/Scripts_audio/WER_assessment.py': [Errno 2] No such file or directory
Running small, run 04
python3: can't open file '/home/msak1/ietf_meetingnotes_evaulation/Scripts_audio/whisper_transription.py': [Errno 2] No such file or directory
/var/spool/slurm/d/job1001547/slurm_script: line 26: --input: command not found
mv: cannot stat 'reproducibility_results/idr/small/idr_tech.wav}_whisper.txt': No such file or directory
python3: can't open file '/home/msak1/ietf_meetingnotes_evaulation/Scripts_audio/WER_assessment.py': [Errno 2] No such file or directory
Running small, run 05
python3: can't open file '/home/msak1/ietf_meetingnotes_evaulation/Scripts_audio/whisper_transription.py': [Errno 2] No such file or directory
/var/spool/slurm/d/job1001547/slurm_script: line 26: --input: command not found
mv: cannot stat 'reproducibility_results/idr/small/idr_tech.wav}_whisper.txt': No such file or directory
python3: can't open file '/home/msak1/ietf_meetingnotes_evaulation/Scripts_audio/WER_assessment.py': [Errno 2] No such file or directory
Running small, run 06
python3: can't open file '/home/msak1/ietf_meetingnotes_evaulation/Scripts_audio/whisper_transription.py': [Errno 2] No such file or directory
/var/spool/slurm/d/job1001547/slurm_script: line 26: --input: command not found
mv: cannot stat 'reproducibility_results/idr/small/idr_tech.wav}_whisper.txt': No such file or directory
python3: can't open file '/home/msak1/ietf_meetingnotes_evaulation/Scripts_audio/WER_assessment.py': [Errno 2] No such file or directory
Running small, run 07
python3: can't open file '/home/msak1/ietf_meetingnotes_evaulation/Scripts_audio/whisper_transription.py': [Errno 2] No such file or directory
/var/spool/slurm/d/job1001547/slurm_script: line 26: --input: command not found
mv: cannot stat 'reproducibility_results/idr/small/idr_tech.wav}_whisper.txt': No such file or directory
python3: can't open file '/home/msak1/ietf_meetingnotes_evaulation/Scripts_audio/WER_assessment.py': [Errno 2] No such file or directory
Running small, run 08
python3: can't open file '/home/msak1/ietf_meetingnotes_evaulation/Scripts_audio/whisper_transription.py': [Errno 2] No such file or directory
/var/spool/slurm/d/job1001547/slurm_script: line 26: --input: command not found
mv: cannot stat 'reproducibility_results/idr/small/idr_tech.wav}_whisper.txt': No such file or directory
python3: can't open file '/home/msak1/ietf_meetingnotes_evaulation/Scripts_audio/WER_assessment.py': [Errno 2] No such file or directory
Running small, run 09
python3: can't open file '/home/msak1/ietf_meetingnotes_evaulation/Scripts_audio/whisper_transription.py': [Errno 2] No such file or directory
/var/spool/slurm/d/job1001547/slurm_script: line 26: --input: command not found
mv: cannot stat 'reproducibility_results/idr/small/idr_tech.wav}_whisper.txt': No such file or directory
python3: can't open file '/home/msak1/ietf_meetingnotes_evaulation/Scripts_audio/WER_assessment.py': [Errno 2] No such file or directory
Running small, run 10
python3: can't open file '/home/msak1/ietf_meetingnotes_evaulation/Scripts_audio/whisper_transription.py': [Errno 2] No such file or directory
/var/spool/slurm/d/job1001547/slurm_script: line 26: --input: command not found
mv: cannot stat 'reproducibility_results/idr/small/idr_tech.wav}_whisper.txt': No such file or directory
python3: can't open file '/home/msak1/ietf_meetingnotes_evaulation/Scripts_audio/WER_assessment.py': [Errno 2] No such file or directory
Running small, run 11
python3: can't open file '/home/msak1/ietf_meetingnotes_evaulation/Scripts_audio/whisper_transription.py': [Errno 2] No such file or directory
/var/spool/slurm/d/job1001547/slurm_script: line 26: --input: command not found
mv: cannot stat 'reproducibility_results/idr/small/idr_tech.wav}_whisper.txt': No such file or directory
python3: can't open file '/home/msak1/ietf_meetingnotes_evaulation/Scripts_audio/WER_assessment.py': [Errno 2] No such file or directory
Running small, run 12
python3: can't open file '/home/msak1/ietf_meetingnotes_evaulation/Scripts_audio/whisper_transription.py': [Errno 2] No such file or directory
/var/spool/slurm/d/job1001547/slurm_script: line 26: --input: command not found
mv: cannot stat 'reproducibility_results/idr/small/idr_tech.wav}_whisper.txt': No such file or directory
python3: can't open file '/home/msak1/ietf_meetingnotes_evaulation/Scripts_audio/WER_assessment.py': [Errno 2] No such file or directory
Running small, run 13
python3: can't open file '/home/msak1/ietf_meetingnotes_evaulation/Scripts_audio/whisper_transription.py': [Errno 2] No such file or directory
/var/spool/slurm/d/job1001547/slurm_script: line 26: --input: command not found
mv: cannot stat 'reproducibility_results/idr/small/idr_tech.wav}_whisper.txt': No such file or directory
python3: can't open file '/home/msak1/ietf_meetingnotes_evaulation/Scripts_audio/WER_assessment.py': [Errno 2] No such file or directory
Running small, run 14
python3: can't open file '/home/msak1/ietf_meetingnotes_evaulation/Scripts_audio/whisper_transription.py': [Errno 2] No such file or directory
/var/spool/slurm/d/job1001547/slurm_script: line 26: --input: command not found
mv: cannot stat 'reproducibility_results/idr/small/idr_tech.wav}_whisper.txt': No such file or directory
python3: can't open file '/home/msak1/ietf_meetingnotes_evaulation/Scripts_audio/WER_assessment.py': [Errno 2] No such file or directory
Running small, run 15
python3: can't open file '/home/msak1/ietf_meetingnotes_evaulation/Scripts_audio/whisper_transription.py': [Errno 2] No such file or directory
/var/spool/slurm/d/job1001547/slurm_script: line 26: --input: command not found
mv: cannot stat 'reproducibility_results/idr/small/idr_tech.wav}_whisper.txt': No such file or directory
python3: can't open file '/home/msak1/ietf_meetingnotes_evaulation/Scripts_audio/WER_assessment.py': [Errno 2] No such file or directory
Running small, run 16
python3: can't open file '/home/msak1/ietf_meetingnotes_evaulation/Scripts_audio/whisper_transription.py': [Errno 2] No such file or directory
/var/spool/slurm/d/job1001547/slurm_script: line 26: --input: command not found
mv: cannot stat 'reproducibility_results/idr/small/idr_tech.wav}_whisper.txt': No such file or directory
python3: can't open file '/home/msak1/ietf_meetingnotes_evaulation/Scripts_audio/WER_assessment.py': [Errno 2] No such file or directory
Running small, run 17
python3: can't open file '/home/msak1/ietf_meetingnotes_evaulation/Scripts_audio/whisper_transription.py': [Errno 2] No such file or directory
/var/spool/slurm/d/job1001547/slurm_script: line 26: --input: command not found
mv: cannot stat 'reproducibility_results/idr/small/idr_tech.wav}_whisper.txt': No such file or directory
python3: can't open file '/home/msak1/ietf_meetingnotes_evaulation/Scripts_audio/WER_assessment.py': [Errno 2] No such file or directory
Running small, run 18
python3: can't open file '/home/msak1/ietf_meetingnotes_evaulation/Scripts_audio/whisper_transription.py': [Errno 2] No such file or directory
/var/spool/slurm/d/job1001547/slurm_script: line 26: --input: command not found
mv: cannot stat 'reproducibility_results/idr/small/idr_tech.wav}_whisper.txt': No such file or directory
python3: can't open file '/home/msak1/ietf_meetingnotes_evaulation/Scripts_audio/WER_assessment.py': [Errno 2] No such file or directory
Running small, run 19
python3: can't open file '/home/msak1/ietf_meetingnotes_evaulation/Scripts_audio/whisper_transription.py': [Errno 2] No such file or directory
/var/spool/slurm/d/job1001547/slurm_script: line 26: --input: command not found
mv: cannot stat 'reproducibility_results/idr/small/idr_tech.wav}_whisper.txt': No such file or directory
python3: can't open file '/home/msak1/ietf_meetingnotes_evaulation/Scripts_audio/WER_assessment.py': [Errno 2] No such file or directory
Running small, run 20
python3: can't open file '/home/msak1/ietf_meetingnotes_evaulation/Scripts_audio/whisper_transription.py': [Errno 2] No such file or directory
/var/spool/slurm/d/job1001547/slurm_script: line 26: --input: command not found
mv: cannot stat 'reproducibility_results/idr/small/idr_tech.wav}_whisper.txt': No such file or directory
python3: can't open file '/home/msak1/ietf_meetingnotes_evaulation/Scripts_audio/WER_assessment.py': [Errno 2] No such file or directory
Running small, run 21
python3: can't open file '/home/msak1/ietf_meetingnotes_evaulation/Scripts_audio/whisper_transription.py': [Errno 2] No such file or directory
/var/spool/slurm/d/job1001547/slurm_script: line 26: --input: command not found
mv: cannot stat 'reproducibility_results/idr/small/idr_tech.wav}_whisper.txt': No such file or directory
python3: can't open file '/home/msak1/ietf_meetingnotes_evaulation/Scripts_audio/WER_assessment.py': [Errno 2] No such file or directory
Running small, run 22
python3: can't open file '/home/msak1/ietf_meetingnotes_evaulation/Scripts_audio/whisper_transription.py': [Errno 2] No such file or directory
/var/spool/slurm/d/job1001547/slurm_script: line 26: --input: command not found
mv: cannot stat 'reproducibility_results/idr/small/idr_tech.wav}_whisper.txt': No such file or directory
python3: can't open file '/home/msak1/ietf_meetingnotes_evaulation/Scripts_audio/WER_assessment.py': [Errno 2] No such file or directory
Running small, run 23
python3: can't open file '/home/msak1/ietf_meetingnotes_evaulation/Scripts_audio/whisper_transription.py': [Errno 2] No such file or directory
/var/spool/slurm/d/job1001547/slurm_script: line 26: --input: command not found
mv: cannot stat 'reproducibility_results/idr/small/idr_tech.wav}_whisper.txt': No such file or directory
python3: can't open file '/home/msak1/ietf_meetingnotes_evaulation/Scripts_audio/WER_assessment.py': [Errno 2] No such file or directory
Running small, run 24
python3: can't open file '/home/msak1/ietf_meetingnotes_evaulation/Scripts_audio/whisper_transription.py': [Errno 2] No such file or directory
/var/spool/slurm/d/job1001547/slurm_script: line 26: --input: command not found
mv: cannot stat 'reproducibility_results/idr/small/idr_tech.wav}_whisper.txt': No such file or directory
python3: can't open file '/home/msak1/ietf_meetingnotes_evaulation/Scripts_audio/WER_assessment.py': [Errno 2] No such file or directory
Running small, run 25
python3: can't open file '/home/msak1/ietf_meetingnotes_evaulation/Scripts_audio/whisper_transription.py': [Errno 2] No such file or directory
/var/spool/slurm/d/job1001547/slurm_script: line 26: --input: command not found
mv: cannot stat 'reproducibility_results/idr/small/idr_tech.wav}_whisper.txt': No such file or directory
python3: can't open file '/home/msak1/ietf_meetingnotes_evaulation/Scripts_audio/WER_assessment.py': [Errno 2] No such file or directory
Running small.en, run 01
python3: can't open file '/home/msak1/ietf_meetingnotes_evaulation/Scripts_audio/whisper_transription.py': [Errno 2] No such file or directory
/var/spool/slurm/d/job1001547/slurm_script: line 26: --input: command not found
mv: cannot stat 'reproducibility_results/idr/small.en/idr_tech.wav}_whisper.txt': No such file or directory
python3: can't open file '/home/msak1/ietf_meetingnotes_evaulation/Scripts_audio/WER_assessment.py': [Errno 2] No such file or directory
Running small.en, run 02
python3: can't open file '/home/msak1/ietf_meetingnotes_evaulation/Scripts_audio/whisper_transription.py': [Errno 2] No such file or directory
/var/spool/slurm/d/job1001547/slurm_script: line 26: --input: command not found
mv: cannot stat 'reproducibility_results/idr/small.en/idr_tech.wav}_whisper.txt': No such file or directory
python3: can't open file '/home/msak1/ietf_meetingnotes_evaulation/Scripts_audio/WER_assessment.py': [Errno 2] No such file or directory
Running small.en, run 03
python3: can't open file '/home/msak1/ietf_meetingnotes_evaulation/Scripts_audio/whisper_transription.py': [Errno 2] No such file or directory
/var/spool/slurm/d/job1001547/slurm_script: line 26: --input: command not found
mv: cannot stat 'reproducibility_results/idr/small.en/idr_tech.wav}_whisper.txt': No such file or directory
python3: can't open file '/home/msak1/ietf_meetingnotes_evaulation/Scripts_audio/WER_assessment.py': [Errno 2] No such file or directory
Running small.en, run 04
python3: can't open file '/home/msak1/ietf_meetingnotes_evaulation/Scripts_audio/whisper_transription.py': [Errno 2] No such file or directory
/var/spool/slurm/d/job1001547/slurm_script: line 26: --input: command not found
mv: cannot stat 'reproducibility_results/idr/small.en/idr_tech.wav}_whisper.txt': No such file or directory
python3: can't open file '/home/msak1/ietf_meetingnotes_evaulation/Scripts_audio/WER_assessment.py': [Errno 2] No such file or directory
Running small.en, run 05
python3: can't open file '/home/msak1/ietf_meetingnotes_evaulation/Scripts_audio/whisper_transription.py': [Errno 2] No such file or directory
/var/spool/slurm/d/job1001547/slurm_script: line 26: --input: command not found
mv: cannot stat 'reproducibility_results/idr/small.en/idr_tech.wav}_whisper.txt': No such file or directory
python3: can't open file '/home/msak1/ietf_meetingnotes_evaulation/Scripts_audio/WER_assessment.py': [Errno 2] No such file or directory
Running small.en, run 06
python3: can't open file '/home/msak1/ietf_meetingnotes_evaulation/Scripts_audio/whisper_transription.py': [Errno 2] No such file or directory
/var/spool/slurm/d/job1001547/slurm_script: line 26: --input: command not found
mv: cannot stat 'reproducibility_results/idr/small.en/idr_tech.wav}_whisper.txt': No such file or directory
python3: can't open file '/home/msak1/ietf_meetingnotes_evaulation/Scripts_audio/WER_assessment.py': [Errno 2] No such file or directory
Running small.en, run 07
python3: can't open file '/home/msak1/ietf_meetingnotes_evaulation/Scripts_audio/whisper_transription.py': [Errno 2] No such file or directory
/var/spool/slurm/d/job1001547/slurm_script: line 26: --input: command not found
mv: cannot stat 'reproducibility_results/idr/small.en/idr_tech.wav}_whisper.txt': No such file or directory
python3: can't open file '/home/msak1/ietf_meetingnotes_evaulation/Scripts_audio/WER_assessment.py': [Errno 2] No such file or directory
Running small.en, run 08
python3: can't open file '/home/msak1/ietf_meetingnotes_evaulation/Scripts_audio/whisper_transription.py': [Errno 2] No such file or directory
/var/spool/slurm/d/job1001547/slurm_script: line 26: --input: command not found
mv: cannot stat 'reproducibility_results/idr/small.en/idr_tech.wav}_whisper.txt': No such file or directory
python3: can't open file '/home/msak1/ietf_meetingnotes_evaulation/Scripts_audio/WER_assessment.py': [Errno 2] No such file or directory
Running small.en, run 09
python3: can't open file '/home/msak1/ietf_meetingnotes_evaulation/Scripts_audio/whisper_transription.py': [Errno 2] No such file or directory
/var/spool/slurm/d/job1001547/slurm_script: line 26: --input: command not found
mv: cannot stat 'reproducibility_results/idr/small.en/idr_tech.wav}_whisper.txt': No such file or directory
python3: can't open file '/home/msak1/ietf_meetingnotes_evaulation/Scripts_audio/WER_assessment.py': [Errno 2] No such file or directory
Running small.en, run 10
python3: can't open file '/home/msak1/ietf_meetingnotes_evaulation/Scripts_audio/whisper_transription.py': [Errno 2] No such file or directory
/var/spool/slurm/d/job1001547/slurm_script: line 26: --input: command not found
mv: cannot stat 'reproducibility_results/idr/small.en/idr_tech.wav}_whisper.txt': No such file or directory
python3: can't open file '/home/msak1/ietf_meetingnotes_evaulation/Scripts_audio/WER_assessment.py': [Errno 2] No such file or directory
Running small.en, run 11
python3: can't open file '/home/msak1/ietf_meetingnotes_evaulation/Scripts_audio/whisper_transription.py': [Errno 2] No such file or directory
/var/spool/slurm/d/job1001547/slurm_script: line 26: --input: command not found
mv: cannot stat 'reproducibility_results/idr/small.en/idr_tech.wav}_whisper.txt': No such file or directory
python3: can't open file '/home/msak1/ietf_meetingnotes_evaulation/Scripts_audio/WER_assessment.py': [Errno 2] No such file or directory
Running small.en, run 12
python3: can't open file '/home/msak1/ietf_meetingnotes_evaulation/Scripts_audio/whisper_transription.py': [Errno 2] No such file or directory
/var/spool/slurm/d/job1001547/slurm_script: line 26: --input: command not found
mv: cannot stat 'reproducibility_results/idr/small.en/idr_tech.wav}_whisper.txt': No such file or directory
python3: can't open file '/home/msak1/ietf_meetingnotes_evaulation/Scripts_audio/WER_assessment.py': [Errno 2] No such file or directory
Running small.en, run 13
python3: can't open file '/home/msak1/ietf_meetingnotes_evaulation/Scripts_audio/whisper_transription.py': [Errno 2] No such file or directory
/var/spool/slurm/d/job1001547/slurm_script: line 26: --input: command not found
mv: cannot stat 'reproducibility_results/idr/small.en/idr_tech.wav}_whisper.txt': No such file or directory
python3: can't open file '/home/msak1/ietf_meetingnotes_evaulation/Scripts_audio/WER_assessment.py': [Errno 2] No such file or directory
Running small.en, run 14
python3: can't open file '/home/msak1/ietf_meetingnotes_evaulation/Scripts_audio/whisper_transription.py': [Errno 2] No such file or directory
/var/spool/slurm/d/job1001547/slurm_script: line 26: --input: command not found
mv: cannot stat 'reproducibility_results/idr/small.en/idr_tech.wav}_whisper.txt': No such file or directory
python3: can't open file '/home/msak1/ietf_meetingnotes_evaulation/Scripts_audio/WER_assessment.py': [Errno 2] No such file or directory
Running small.en, run 15
python3: can't open file '/home/msak1/ietf_meetingnotes_evaulation/Scripts_audio/whisper_transription.py': [Errno 2] No such file or directory
/var/spool/slurm/d/job1001547/slurm_script: line 26: --input: command not found
mv: cannot stat 'reproducibility_results/idr/small.en/idr_tech.wav}_whisper.txt': No such file or directory
python3: can't open file '/home/msak1/ietf_meetingnotes_evaulation/Scripts_audio/WER_assessment.py': [Errno 2] No such file or directory
Running small.en, run 16
python3: can't open file '/home/msak1/ietf_meetingnotes_evaulation/Scripts_audio/whisper_transription.py': [Errno 2] No such file or directory
/var/spool/slurm/d/job1001547/slurm_script: line 26: --input: command not found
mv: cannot stat 'reproducibility_results/idr/small.en/idr_tech.wav}_whisper.txt': No such file or directory
python3: can't open file '/home/msak1/ietf_meetingnotes_evaulation/Scripts_audio/WER_assessment.py': [Errno 2] No such file or directory
Running small.en, run 17
python3: can't open file '/home/msak1/ietf_meetingnotes_evaulation/Scripts_audio/whisper_transription.py': [Errno 2] No such file or directory
/var/spool/slurm/d/job1001547/slurm_script: line 26: --input: command not found
mv: cannot stat 'reproducibility_results/idr/small.en/idr_tech.wav}_whisper.txt': No such file or directory
python3: can't open file '/home/msak1/ietf_meetingnotes_evaulation/Scripts_audio/WER_assessment.py': [Errno 2] No such file or directory
Running small.en, run 18
python3: can't open file '/home/msak1/ietf_meetingnotes_evaulation/Scripts_audio/whisper_transription.py': [Errno 2] No such file or directory
/var/spool/slurm/d/job1001547/slurm_script: line 26: --input: command not found
mv: cannot stat 'reproducibility_results/idr/small.en/idr_tech.wav}_whisper.txt': No such file or directory
python3: can't open file '/home/msak1/ietf_meetingnotes_evaulation/Scripts_audio/WER_assessment.py': [Errno 2] No such file or directory
Running small.en, run 19
python3: can't open file '/home/msak1/ietf_meetingnotes_evaulation/Scripts_audio/whisper_transription.py': [Errno 2] No such file or directory
/var/spool/slurm/d/job1001547/slurm_script: line 26: --input: command not found
mv: cannot stat 'reproducibility_results/idr/small.en/idr_tech.wav}_whisper.txt': No such file or directory
python3: can't open file '/home/msak1/ietf_meetingnotes_evaulation/Scripts_audio/WER_assessment.py': [Errno 2] No such file or directory
Running small.en, run 20
python3: can't open file '/home/msak1/ietf_meetingnotes_evaulation/Scripts_audio/whisper_transription.py': [Errno 2] No such file or directory
/var/spool/slurm/d/job1001547/slurm_script: line 26: --input: command not found
mv: cannot stat 'reproducibility_results/idr/small.en/idr_tech.wav}_whisper.txt': No such file or directory
python3: can't open file '/home/msak1/ietf_meetingnotes_evaulation/Scripts_audio/WER_assessment.py': [Errno 2] No such file or directory
Running small.en, run 21
python3: can't open file '/home/msak1/ietf_meetingnotes_evaulation/Scripts_audio/whisper_transription.py': [Errno 2] No such file or directory
/var/spool/slurm/d/job1001547/slurm_script: line 26: --input: command not found
mv: cannot stat 'reproducibility_results/idr/small.en/idr_tech.wav}_whisper.txt': No such file or directory
python3: can't open file '/home/msak1/ietf_meetingnotes_evaulation/Scripts_audio/WER_assessment.py': [Errno 2] No such file or directory
Running small.en, run 22
python3: can't open file '/home/msak1/ietf_meetingnotes_evaulation/Scripts_audio/whisper_transription.py': [Errno 2] No such file or directory
/var/spool/slurm/d/job1001547/slurm_script: line 26: --input: command not found
mv: cannot stat 'reproducibility_results/idr/small.en/idr_tech.wav}_whisper.txt': No such file or directory
python3: can't open file '/home/msak1/ietf_meetingnotes_evaulation/Scripts_audio/WER_assessment.py': [Errno 2] No such file or directory
Running small.en, run 23
python3: can't open file '/home/msak1/ietf_meetingnotes_evaulation/Scripts_audio/whisper_transription.py': [Errno 2] No such file or directory
/var/spool/slurm/d/job1001547/slurm_script: line 26: --input: command not found
mv: cannot stat 'reproducibility_results/idr/small.en/idr_tech.wav}_whisper.txt': No such file or directory
python3: can't open file '/home/msak1/ietf_meetingnotes_evaulation/Scripts_audio/WER_assessment.py': [Errno 2] No such file or directory
Running small.en, run 24
python3: can't open file '/home/msak1/ietf_meetingnotes_evaulation/Scripts_audio/whisper_transription.py': [Errno 2] No such file or directory
/var/spool/slurm/d/job1001547/slurm_script: line 26: --input: command not found
mv: cannot stat 'reproducibility_results/idr/small.en/idr_tech.wav}_whisper.txt': No such file or directory
python3: can't open file '/home/msak1/ietf_meetingnotes_evaulation/Scripts_audio/WER_assessment.py': [Errno 2] No such file or directory
Running small.en, run 25
python3: can't open file '/home/msak1/ietf_meetingnotes_evaulation/Scripts_audio/whisper_transription.py': [Errno 2] No such file or directory
/var/spool/slurm/d/job1001547/slurm_script: line 26: --input: command not found
mv: cannot stat 'reproducibility_results/idr/small.en/idr_tech.wav}_whisper.txt': No such file or directory
python3: can't open file '/home/msak1/ietf_meetingnotes_evaulation/Scripts_audio/WER_assessment.py': [Errno 2] No such file or directory
Running medium, run 01
python3: can't open file '/home/msak1/ietf_meetingnotes_evaulation/Scripts_audio/whisper_transription.py': [Errno 2] No such file or directory
/var/spool/slurm/d/job1001547/slurm_script: line 26: --input: command not found
mv: cannot stat 'reproducibility_results/idr/medium/idr_tech.wav}_whisper.txt': No such file or directory
python3: can't open file '/home/msak1/ietf_meetingnotes_evaulation/Scripts_audio/WER_assessment.py': [Errno 2] No such file or directory
Running medium, run 02
python3: can't open file '/home/msak1/ietf_meetingnotes_evaulation/Scripts_audio/whisper_transription.py': [Errno 2] No such file or directory
/var/spool/slurm/d/job1001547/slurm_script: line 26: --input: command not found
mv: cannot stat 'reproducibility_results/idr/medium/idr_tech.wav}_whisper.txt': No such file or directory
python3: can't open file '/home/msak1/ietf_meetingnotes_evaulation/Scripts_audio/WER_assessment.py': [Errno 2] No such file or directory
Running medium, run 03
python3: can't open file '/home/msak1/ietf_meetingnotes_evaulation/Scripts_audio/whisper_transription.py': [Errno 2] No such file or directory
/var/spool/slurm/d/job1001547/slurm_script: line 26: --input: command not found
mv: cannot stat 'reproducibility_results/idr/medium/idr_tech.wav}_whisper.txt': No such file or directory
python3: can't open file '/home/msak1/ietf_meetingnotes_evaulation/Scripts_audio/WER_assessment.py': [Errno 2] No such file or directory
Running medium, run 04
python3: can't open file '/home/msak1/ietf_meetingnotes_evaulation/Scripts_audio/whisper_transription.py': [Errno 2] No such file or directory
/var/spool/slurm/d/job1001547/slurm_script: line 26: --input: command not found
mv: cannot stat 'reproducibility_results/idr/medium/idr_tech.wav}_whisper.txt': No such file or directory
python3: can't open file '/home/msak1/ietf_meetingnotes_evaulation/Scripts_audio/WER_assessment.py': [Errno 2] No such file or directory
Running medium, run 05
python3: can't open file '/home/msak1/ietf_meetingnotes_evaulation/Scripts_audio/whisper_transription.py': [Errno 2] No such file or directory
/var/spool/slurm/d/job1001547/slurm_script: line 26: --input: command not found
mv: cannot stat 'reproducibility_results/idr/medium/idr_tech.wav}_whisper.txt': No such file or directory
python3: can't open file '/home/msak1/ietf_meetingnotes_evaulation/Scripts_audio/WER_assessment.py': [Errno 2] No such file or directory
Running medium, run 06
python3: can't open file '/home/msak1/ietf_meetingnotes_evaulation/Scripts_audio/whisper_transription.py': [Errno 2] No such file or directory
/var/spool/slurm/d/job1001547/slurm_script: line 26: --input: command not found
mv: cannot stat 'reproducibility_results/idr/medium/idr_tech.wav}_whisper.txt': No such file or directory
python3: can't open file '/home/msak1/ietf_meetingnotes_evaulation/Scripts_audio/WER_assessment.py': [Errno 2] No such file or directory
Running medium, run 07
python3: can't open file '/home/msak1/ietf_meetingnotes_evaulation/Scripts_audio/whisper_transription.py': [Errno 2] No such file or directory
/var/spool/slurm/d/job1001547/slurm_script: line 26: --input: command not found
mv: cannot stat 'reproducibility_results/idr/medium/idr_tech.wav}_whisper.txt': No such file or directory
python3: can't open file '/home/msak1/ietf_meetingnotes_evaulation/Scripts_audio/WER_assessment.py': [Errno 2] No such file or directory
Running medium, run 08
python3: can't open file '/home/msak1/ietf_meetingnotes_evaulation/Scripts_audio/whisper_transription.py': [Errno 2] No such file or directory
/var/spool/slurm/d/job1001547/slurm_script: line 26: --input: command not found
mv: cannot stat 'reproducibility_results/idr/medium/idr_tech.wav}_whisper.txt': No such file or directory
python3: can't open file '/home/msak1/ietf_meetingnotes_evaulation/Scripts_audio/WER_assessment.py': [Errno 2] No such file or directory
Running medium, run 09
python3: can't open file '/home/msak1/ietf_meetingnotes_evaulation/Scripts_audio/whisper_transription.py': [Errno 2] No such file or directory
/var/spool/slurm/d/job1001547/slurm_script: line 26: --input: command not found
mv: cannot stat 'reproducibility_results/idr/medium/idr_tech.wav}_whisper.txt': No such file or directory
python3: can't open file '/home/msak1/ietf_meetingnotes_evaulation/Scripts_audio/WER_assessment.py': [Errno 2] No such file or directory
Running medium, run 10
python3: can't open file '/home/msak1/ietf_meetingnotes_evaulation/Scripts_audio/whisper_transription.py': [Errno 2] No such file or directory
/var/spool/slurm/d/job1001547/slurm_script: line 26: --input: command not found
mv: cannot stat 'reproducibility_results/idr/medium/idr_tech.wav}_whisper.txt': No such file or directory
python3: can't open file '/home/msak1/ietf_meetingnotes_evaulation/Scripts_audio/WER_assessment.py': [Errno 2] No such file or directory
Running medium, run 11
python3: can't open file '/home/msak1/ietf_meetingnotes_evaulation/Scripts_audio/whisper_transription.py': [Errno 2] No such file or directory
/var/spool/slurm/d/job1001547/slurm_script: line 26: --input: command not found
mv: cannot stat 'reproducibility_results/idr/medium/idr_tech.wav}_whisper.txt': No such file or directory
python3: can't open file '/home/msak1/ietf_meetingnotes_evaulation/Scripts_audio/WER_assessment.py': [Errno 2] No such file or directory
Running medium, run 12
python3: can't open file '/home/msak1/ietf_meetingnotes_evaulation/Scripts_audio/whisper_transription.py': [Errno 2] No such file or directory
/var/spool/slurm/d/job1001547/slurm_script: line 26: --input: command not found
mv: cannot stat 'reproducibility_results/idr/medium/idr_tech.wav}_whisper.txt': No such file or directory
python3: can't open file '/home/msak1/ietf_meetingnotes_evaulation/Scripts_audio/WER_assessment.py': [Errno 2] No such file or directory
Running medium, run 13
python3: can't open file '/home/msak1/ietf_meetingnotes_evaulation/Scripts_audio/whisper_transription.py': [Errno 2] No such file or directory
/var/spool/slurm/d/job1001547/slurm_script: line 26: --input: command not found
mv: cannot stat 'reproducibility_results/idr/medium/idr_tech.wav}_whisper.txt': No such file or directory
python3: can't open file '/home/msak1/ietf_meetingnotes_evaulation/Scripts_audio/WER_assessment.py': [Errno 2] No such file or directory
Running medium, run 14
python3: can't open file '/home/msak1/ietf_meetingnotes_evaulation/Scripts_audio/whisper_transription.py': [Errno 2] No such file or directory
/var/spool/slurm/d/job1001547/slurm_script: line 26: --input: command not found
mv: cannot stat 'reproducibility_results/idr/medium/idr_tech.wav}_whisper.txt': No such file or directory
python3: can't open file '/home/msak1/ietf_meetingnotes_evaulation/Scripts_audio/WER_assessment.py': [Errno 2] No such file or directory
Running medium, run 15
python3: can't open file '/home/msak1/ietf_meetingnotes_evaulation/Scripts_audio/whisper_transription.py': [Errno 2] No such file or directory
/var/spool/slurm/d/job1001547/slurm_script: line 26: --input: command not found
mv: cannot stat 'reproducibility_results/idr/medium/idr_tech.wav}_whisper.txt': No such file or directory
python3: can't open file '/home/msak1/ietf_meetingnotes_evaulation/Scripts_audio/WER_assessment.py': [Errno 2] No such file or directory
Running medium, run 16
python3: can't open file '/home/msak1/ietf_meetingnotes_evaulation/Scripts_audio/whisper_transription.py': [Errno 2] No such file or directory
/var/spool/slurm/d/job1001547/slurm_script: line 26: --input: command not found
mv: cannot stat 'reproducibility_results/idr/medium/idr_tech.wav}_whisper.txt': No such file or directory
python3: can't open file '/home/msak1/ietf_meetingnotes_evaulation/Scripts_audio/WER_assessment.py': [Errno 2] No such file or directory
Running medium, run 17
python3: can't open file '/home/msak1/ietf_meetingnotes_evaulation/Scripts_audio/whisper_transription.py': [Errno 2] No such file or directory
/var/spool/slurm/d/job1001547/slurm_script: line 26: --input: command not found
mv: cannot stat 'reproducibility_results/idr/medium/idr_tech.wav}_whisper.txt': No such file or directory
python3: can't open file '/home/msak1/ietf_meetingnotes_evaulation/Scripts_audio/WER_assessment.py': [Errno 2] No such file or directory
Running medium, run 18
python3: can't open file '/home/msak1/ietf_meetingnotes_evaulation/Scripts_audio/whisper_transription.py': [Errno 2] No such file or directory
/var/spool/slurm/d/job1001547/slurm_script: line 26: --input: command not found
mv: cannot stat 'reproducibility_results/idr/medium/idr_tech.wav}_whisper.txt': No such file or directory
python3: can't open file '/home/msak1/ietf_meetingnotes_evaulation/Scripts_audio/WER_assessment.py': [Errno 2] No such file or directory
Running medium, run 19
python3: can't open file '/home/msak1/ietf_meetingnotes_evaulation/Scripts_audio/whisper_transription.py': [Errno 2] No such file or directory
/var/spool/slurm/d/job1001547/slurm_script: line 26: --input: command not found
mv: cannot stat 'reproducibility_results/idr/medium/idr_tech.wav}_whisper.txt': No such file or directory
python3: can't open file '/home/msak1/ietf_meetingnotes_evaulation/Scripts_audio/WER_assessment.py': [Errno 2] No such file or directory
Running medium, run 20
python3: can't open file '/home/msak1/ietf_meetingnotes_evaulation/Scripts_audio/whisper_transription.py': [Errno 2] No such file or directory
/var/spool/slurm/d/job1001547/slurm_script: line 26: --input: command not found
mv: cannot stat 'reproducibility_results/idr/medium/idr_tech.wav}_whisper.txt': No such file or directory
python3: can't open file '/home/msak1/ietf_meetingnotes_evaulation/Scripts_audio/WER_assessment.py': [Errno 2] No such file or directory
Running medium, run 21
python3: can't open file '/home/msak1/ietf_meetingnotes_evaulation/Scripts_audio/whisper_transription.py': [Errno 2] No such file or directory
/var/spool/slurm/d/job1001547/slurm_script: line 26: --input: command not found
mv: cannot stat 'reproducibility_results/idr/medium/idr_tech.wav}_whisper.txt': No such file or directory
python3: can't open file '/home/msak1/ietf_meetingnotes_evaulation/Scripts_audio/WER_assessment.py': [Errno 2] No such file or directory
Running medium, run 22
python3: can't open file '/home/msak1/ietf_meetingnotes_evaulation/Scripts_audio/whisper_transription.py': [Errno 2] No such file or directory
/var/spool/slurm/d/job1001547/slurm_script: line 26: --input: command not found
mv: cannot stat 'reproducibility_results/idr/medium/idr_tech.wav}_whisper.txt': No such file or directory
python3: can't open file '/home/msak1/ietf_meetingnotes_evaulation/Scripts_audio/WER_assessment.py': [Errno 2] No such file or directory
Running medium, run 23
python3: can't open file '/home/msak1/ietf_meetingnotes_evaulation/Scripts_audio/whisper_transription.py': [Errno 2] No such file or directory
/var/spool/slurm/d/job1001547/slurm_script: line 26: --input: command not found
mv: cannot stat 'reproducibility_results/idr/medium/idr_tech.wav}_whisper.txt': No such file or directory
python3: can't open file '/home/msak1/ietf_meetingnotes_evaulation/Scripts_audio/WER_assessment.py': [Errno 2] No such file or directory
Running medium, run 24
python3: can't open file '/home/msak1/ietf_meetingnotes_evaulation/Scripts_audio/whisper_transription.py': [Errno 2] No such file or directory
/var/spool/slurm/d/job1001547/slurm_script: line 26: --input: command not found
mv: cannot stat 'reproducibility_results/idr/medium/idr_tech.wav}_whisper.txt': No such file or directory
python3: can't open file '/home/msak1/ietf_meetingnotes_evaulation/Scripts_audio/WER_assessment.py': [Errno 2] No such file or directory
Running medium, run 25
python3: can't open file '/home/msak1/ietf_meetingnotes_evaulation/Scripts_audio/whisper_transription.py': [Errno 2] No such file or directory
/var/spool/slurm/d/job1001547/slurm_script: line 26: --input: command not found
mv: cannot stat 'reproducibility_results/idr/medium/idr_tech.wav}_whisper.txt': No such file or directory
python3: can't open file '/home/msak1/ietf_meetingnotes_evaulation/Scripts_audio/WER_assessment.py': [Errno 2] No such file or directory
Running medium.en, run 01
python3: can't open file '/home/msak1/ietf_meetingnotes_evaulation/Scripts_audio/whisper_transription.py': [Errno 2] No such file or directory
/var/spool/slurm/d/job1001547/slurm_script: line 26: --input: command not found
mv: cannot stat 'reproducibility_results/idr/medium.en/idr_tech.wav}_whisper.txt': No such file or directory
python3: can't open file '/home/msak1/ietf_meetingnotes_evaulation/Scripts_audio/WER_assessment.py': [Errno 2] No such file or directory
Running medium.en, run 02
python3: can't open file '/home/msak1/ietf_meetingnotes_evaulation/Scripts_audio/whisper_transription.py': [Errno 2] No such file or directory
/var/spool/slurm/d/job1001547/slurm_script: line 26: --input: command not found
mv: cannot stat 'reproducibility_results/idr/medium.en/idr_tech.wav}_whisper.txt': No such file or directory
python3: can't open file '/home/msak1/ietf_meetingnotes_evaulation/Scripts_audio/WER_assessment.py': [Errno 2] No such file or directory
Running medium.en, run 03
python3: can't open file '/home/msak1/ietf_meetingnotes_evaulation/Scripts_audio/whisper_transription.py': [Errno 2] No such file or directory
/var/spool/slurm/d/job1001547/slurm_script: line 26: --input: command not found
mv: cannot stat 'reproducibility_results/idr/medium.en/idr_tech.wav}_whisper.txt': No such file or directory
python3: can't open file '/home/msak1/ietf_meetingnotes_evaulation/Scripts_audio/WER_assessment.py': [Errno 2] No such file or directory
Running medium.en, run 04
python3: can't open file '/home/msak1/ietf_meetingnotes_evaulation/Scripts_audio/whisper_transription.py': [Errno 2] No such file or directory
/var/spool/slurm/d/job1001547/slurm_script: line 26: --input: command not found
mv: cannot stat 'reproducibility_results/idr/medium.en/idr_tech.wav}_whisper.txt': No such file or directory
python3: can't open file '/home/msak1/ietf_meetingnotes_evaulation/Scripts_audio/WER_assessment.py': [Errno 2] No such file or directory
Running medium.en, run 05
python3: can't open file '/home/msak1/ietf_meetingnotes_evaulation/Scripts_audio/whisper_transription.py': [Errno 2] No such file or directory
/var/spool/slurm/d/job1001547/slurm_script: line 26: --input: command not found
mv: cannot stat 'reproducibility_results/idr/medium.en/idr_tech.wav}_whisper.txt': No such file or directory
python3: can't open file '/home/msak1/ietf_meetingnotes_evaulation/Scripts_audio/WER_assessment.py': [Errno 2] No such file or directory
Running medium.en, run 06
python3: can't open file '/home/msak1/ietf_meetingnotes_evaulation/Scripts_audio/whisper_transription.py': [Errno 2] No such file or directory
/var/spool/slurm/d/job1001547/slurm_script: line 26: --input: command not found
mv: cannot stat 'reproducibility_results/idr/medium.en/idr_tech.wav}_whisper.txt': No such file or directory
python3: can't open file '/home/msak1/ietf_meetingnotes_evaulation/Scripts_audio/WER_assessment.py': [Errno 2] No such file or directory
Running medium.en, run 07
python3: can't open file '/home/msak1/ietf_meetingnotes_evaulation/Scripts_audio/whisper_transription.py': [Errno 2] No such file or directory
/var/spool/slurm/d/job1001547/slurm_script: line 26: --input: command not found
mv: cannot stat 'reproducibility_results/idr/medium.en/idr_tech.wav}_whisper.txt': No such file or directory
python3: can't open file '/home/msak1/ietf_meetingnotes_evaulation/Scripts_audio/WER_assessment.py': [Errno 2] No such file or directory
Running medium.en, run 08
python3: can't open file '/home/msak1/ietf_meetingnotes_evaulation/Scripts_audio/whisper_transription.py': [Errno 2] No such file or directory
/var/spool/slurm/d/job1001547/slurm_script: line 26: --input: command not found
mv: cannot stat 'reproducibility_results/idr/medium.en/idr_tech.wav}_whisper.txt': No such file or directory
python3: can't open file '/home/msak1/ietf_meetingnotes_evaulation/Scripts_audio/WER_assessment.py': [Errno 2] No such file or directory
Running medium.en, run 09
python3: can't open file '/home/msak1/ietf_meetingnotes_evaulation/Scripts_audio/whisper_transription.py': [Errno 2] No such file or directory
/var/spool/slurm/d/job1001547/slurm_script: line 26: --input: command not found
mv: cannot stat 'reproducibility_results/idr/medium.en/idr_tech.wav}_whisper.txt': No such file or directory
python3: can't open file '/home/msak1/ietf_meetingnotes_evaulation/Scripts_audio/WER_assessment.py': [Errno 2] No such file or directory
Running medium.en, run 10
python3: can't open file '/home/msak1/ietf_meetingnotes_evaulation/Scripts_audio/whisper_transription.py': [Errno 2] No such file or directory
/var/spool/slurm/d/job1001547/slurm_script: line 26: --input: command not found
mv: cannot stat 'reproducibility_results/idr/medium.en/idr_tech.wav}_whisper.txt': No such file or directory
python3: can't open file '/home/msak1/ietf_meetingnotes_evaulation/Scripts_audio/WER_assessment.py': [Errno 2] No such file or directory
Running medium.en, run 11
python3: can't open file '/home/msak1/ietf_meetingnotes_evaulation/Scripts_audio/whisper_transription.py': [Errno 2] No such file or directory
/var/spool/slurm/d/job1001547/slurm_script: line 26: --input: command not found
mv: cannot stat 'reproducibility_results/idr/medium.en/idr_tech.wav}_whisper.txt': No such file or directory
python3: can't open file '/home/msak1/ietf_meetingnotes_evaulation/Scripts_audio/WER_assessment.py': [Errno 2] No such file or directory
Running medium.en, run 12
python3: can't open file '/home/msak1/ietf_meetingnotes_evaulation/Scripts_audio/whisper_transription.py': [Errno 2] No such file or directory
/var/spool/slurm/d/job1001547/slurm_script: line 26: --input: command not found
mv: cannot stat 'reproducibility_results/idr/medium.en/idr_tech.wav}_whisper.txt': No such file or directory
python3: can't open file '/home/msak1/ietf_meetingnotes_evaulation/Scripts_audio/WER_assessment.py': [Errno 2] No such file or directory
Running medium.en, run 13
python3: can't open file '/home/msak1/ietf_meetingnotes_evaulation/Scripts_audio/whisper_transription.py': [Errno 2] No such file or directory
/var/spool/slurm/d/job1001547/slurm_script: line 26: --input: command not found
mv: cannot stat 'reproducibility_results/idr/medium.en/idr_tech.wav}_whisper.txt': No such file or directory
python3: can't open file '/home/msak1/ietf_meetingnotes_evaulation/Scripts_audio/WER_assessment.py': [Errno 2] No such file or directory
Running medium.en, run 14
python3: can't open file '/home/msak1/ietf_meetingnotes_evaulation/Scripts_audio/whisper_transription.py': [Errno 2] No such file or directory
/var/spool/slurm/d/job1001547/slurm_script: line 26: --input: command not found
mv: cannot stat 'reproducibility_results/idr/medium.en/idr_tech.wav}_whisper.txt': No such file or directory
python3: can't open file '/home/msak1/ietf_meetingnotes_evaulation/Scripts_audio/WER_assessment.py': [Errno 2] No such file or directory
Running medium.en, run 15
python3: can't open file '/home/msak1/ietf_meetingnotes_evaulation/Scripts_audio/whisper_transription.py': [Errno 2] No such file or directory
/var/spool/slurm/d/job1001547/slurm_script: line 26: --input: command not found
mv: cannot stat 'reproducibility_results/idr/medium.en/idr_tech.wav}_whisper.txt': No such file or directory
python3: can't open file '/home/msak1/ietf_meetingnotes_evaulation/Scripts_audio/WER_assessment.py': [Errno 2] No such file or directory
Running medium.en, run 16
python3: can't open file '/home/msak1/ietf_meetingnotes_evaulation/Scripts_audio/whisper_transription.py': [Errno 2] No such file or directory
/var/spool/slurm/d/job1001547/slurm_script: line 26: --input: command not found
mv: cannot stat 'reproducibility_results/idr/medium.en/idr_tech.wav}_whisper.txt': No such file or directory
python3: can't open file '/home/msak1/ietf_meetingnotes_evaulation/Scripts_audio/WER_assessment.py': [Errno 2] No such file or directory
Running medium.en, run 17
python3: can't open file '/home/msak1/ietf_meetingnotes_evaulation/Scripts_audio/whisper_transription.py': [Errno 2] No such file or directory
/var/spool/slurm/d/job1001547/slurm_script: line 26: --input: command not found
mv: cannot stat 'reproducibility_results/idr/medium.en/idr_tech.wav}_whisper.txt': No such file or directory
python3: can't open file '/home/msak1/ietf_meetingnotes_evaulation/Scripts_audio/WER_assessment.py': [Errno 2] No such file or directory
Running medium.en, run 18
python3: can't open file '/home/msak1/ietf_meetingnotes_evaulation/Scripts_audio/whisper_transription.py': [Errno 2] No such file or directory
/var/spool/slurm/d/job1001547/slurm_script: line 26: --input: command not found
mv: cannot stat 'reproducibility_results/idr/medium.en/idr_tech.wav}_whisper.txt': No such file or directory
python3: can't open file '/home/msak1/ietf_meetingnotes_evaulation/Scripts_audio/WER_assessment.py': [Errno 2] No such file or directory
Running medium.en, run 19
python3: can't open file '/home/msak1/ietf_meetingnotes_evaulation/Scripts_audio/whisper_transription.py': [Errno 2] No such file or directory
/var/spool/slurm/d/job1001547/slurm_script: line 26: --input: command not found
mv: cannot stat 'reproducibility_results/idr/medium.en/idr_tech.wav}_whisper.txt': No such file or directory
python3: can't open file '/home/msak1/ietf_meetingnotes_evaulation/Scripts_audio/WER_assessment.py': [Errno 2] No such file or directory
Running medium.en, run 20
python3: can't open file '/home/msak1/ietf_meetingnotes_evaulation/Scripts_audio/whisper_transription.py': [Errno 2] No such file or directory
/var/spool/slurm/d/job1001547/slurm_script: line 26: --input: command not found
mv: cannot stat 'reproducibility_results/idr/medium.en/idr_tech.wav}_whisper.txt': No such file or directory
python3: can't open file '/home/msak1/ietf_meetingnotes_evaulation/Scripts_audio/WER_assessment.py': [Errno 2] No such file or directory
Running medium.en, run 21
python3: can't open file '/home/msak1/ietf_meetingnotes_evaulation/Scripts_audio/whisper_transription.py': [Errno 2] No such file or directory
/var/spool/slurm/d/job1001547/slurm_script: line 26: --input: command not found
mv: cannot stat 'reproducibility_results/idr/medium.en/idr_tech.wav}_whisper.txt': No such file or directory
python3: can't open file '/home/msak1/ietf_meetingnotes_evaulation/Scripts_audio/WER_assessment.py': [Errno 2] No such file or directory
Running medium.en, run 22
python3: can't open file '/home/msak1/ietf_meetingnotes_evaulation/Scripts_audio/whisper_transription.py': [Errno 2] No such file or directory
/var/spool/slurm/d/job1001547/slurm_script: line 26: --input: command not found
mv: cannot stat 'reproducibility_results/idr/medium.en/idr_tech.wav}_whisper.txt': No such file or directory
python3: can't open file '/home/msak1/ietf_meetingnotes_evaulation/Scripts_audio/WER_assessment.py': [Errno 2] No such file or directory
Running medium.en, run 23
python3: can't open file '/home/msak1/ietf_meetingnotes_evaulation/Scripts_audio/whisper_transription.py': [Errno 2] No such file or directory
/var/spool/slurm/d/job1001547/slurm_script: line 26: --input: command not found
mv: cannot stat 'reproducibility_results/idr/medium.en/idr_tech.wav}_whisper.txt': No such file or directory
python3: can't open file '/home/msak1/ietf_meetingnotes_evaulation/Scripts_audio/WER_assessment.py': [Errno 2] No such file or directory
Running medium.en, run 24
python3: can't open file '/home/msak1/ietf_meetingnotes_evaulation/Scripts_audio/whisper_transription.py': [Errno 2] No such file or directory
/var/spool/slurm/d/job1001547/slurm_script: line 26: --input: command not found
mv: cannot stat 'reproducibility_results/idr/medium.en/idr_tech.wav}_whisper.txt': No such file or directory
python3: can't open file '/home/msak1/ietf_meetingnotes_evaulation/Scripts_audio/WER_assessment.py': [Errno 2] No such file or directory
Running medium.en, run 25
python3: can't open file '/home/msak1/ietf_meetingnotes_evaulation/Scripts_audio/whisper_transription.py': [Errno 2] No such file or directory
/var/spool/slurm/d/job1001547/slurm_script: line 26: --input: command not found
mv: cannot stat 'reproducibility_results/idr/medium.en/idr_tech.wav}_whisper.txt': No such file or directory
python3: can't open file '/home/msak1/ietf_meetingnotes_evaulation/Scripts_audio/WER_assessment.py': [Errno 2] No such file or directory
Running large-v3, run 01
python3: can't open file '/home/msak1/ietf_meetingnotes_evaulation/Scripts_audio/whisper_transription.py': [Errno 2] No such file or directory
/var/spool/slurm/d/job1001547/slurm_script: line 26: --input: command not found
mv: cannot stat 'reproducibility_results/idr/large-v3/idr_tech.wav}_whisper.txt': No such file or directory
python3: can't open file '/home/msak1/ietf_meetingnotes_evaulation/Scripts_audio/WER_assessment.py': [Errno 2] No such file or directory
Running large-v3, run 02
python3: can't open file '/home/msak1/ietf_meetingnotes_evaulation/Scripts_audio/whisper_transription.py': [Errno 2] No such file or directory
/var/spool/slurm/d/job1001547/slurm_script: line 26: --input: command not found
mv: cannot stat 'reproducibility_results/idr/large-v3/idr_tech.wav}_whisper.txt': No such file or directory
python3: can't open file '/home/msak1/ietf_meetingnotes_evaulation/Scripts_audio/WER_assessment.py': [Errno 2] No such file or directory
Running large-v3, run 03
python3: can't open file '/home/msak1/ietf_meetingnotes_evaulation/Scripts_audio/whisper_transription.py': [Errno 2] No such file or directory
/var/spool/slurm/d/job1001547/slurm_script: line 26: --input: command not found
mv: cannot stat 'reproducibility_results/idr/large-v3/idr_tech.wav}_whisper.txt': No such file or directory
python3: can't open file '/home/msak1/ietf_meetingnotes_evaulation/Scripts_audio/WER_assessment.py': [Errno 2] No such file or directory
Running large-v3, run 04
python3: can't open file '/home/msak1/ietf_meetingnotes_evaulation/Scripts_audio/whisper_transription.py': [Errno 2] No such file or directory
/var/spool/slurm/d/job1001547/slurm_script: line 26: --input: command not found
mv: cannot stat 'reproducibility_results/idr/large-v3/idr_tech.wav}_whisper.txt': No such file or directory
python3: can't open file '/home/msak1/ietf_meetingnotes_evaulation/Scripts_audio/WER_assessment.py': [Errno 2] No such file or directory
Running large-v3, run 05
python3: can't open file '/home/msak1/ietf_meetingnotes_evaulation/Scripts_audio/whisper_transription.py': [Errno 2] No such file or directory
/var/spool/slurm/d/job1001547/slurm_script: line 26: --input: command not found
mv: cannot stat 'reproducibility_results/idr/large-v3/idr_tech.wav}_whisper.txt': No such file or directory
python3: can't open file '/home/msak1/ietf_meetingnotes_evaulation/Scripts_audio/WER_assessment.py': [Errno 2] No such file or directory
Running large-v3, run 06
python3: can't open file '/home/msak1/ietf_meetingnotes_evaulation/Scripts_audio/whisper_transription.py': [Errno 2] No such file or directory
/var/spool/slurm/d/job1001547/slurm_script: line 26: --input: command not found
mv: cannot stat 'reproducibility_results/idr/large-v3/idr_tech.wav}_whisper.txt': No such file or directory
python3: can't open file '/home/msak1/ietf_meetingnotes_evaulation/Scripts_audio/WER_assessment.py': [Errno 2] No such file or directory
Running large-v3, run 07
python3: can't open file '/home/msak1/ietf_meetingnotes_evaulation/Scripts_audio/whisper_transription.py': [Errno 2] No such file or directory
/var/spool/slurm/d/job1001547/slurm_script: line 26: --input: command not found
mv: cannot stat 'reproducibility_results/idr/large-v3/idr_tech.wav}_whisper.txt': No such file or directory
python3: can't open file '/home/msak1/ietf_meetingnotes_evaulation/Scripts_audio/WER_assessment.py': [Errno 2] No such file or directory
Running large-v3, run 08
python3: can't open file '/home/msak1/ietf_meetingnotes_evaulation/Scripts_audio/whisper_transription.py': [Errno 2] No such file or directory
/var/spool/slurm/d/job1001547/slurm_script: line 26: --input: command not found
mv: cannot stat 'reproducibility_results/idr/large-v3/idr_tech.wav}_whisper.txt': No such file or directory
python3: can't open file '/home/msak1/ietf_meetingnotes_evaulation/Scripts_audio/WER_assessment.py': [Errno 2] No such file or directory
Running large-v3, run 09
python3: can't open file '/home/msak1/ietf_meetingnotes_evaulation/Scripts_audio/whisper_transription.py': [Errno 2] No such file or directory
/var/spool/slurm/d/job1001547/slurm_script: line 26: --input: command not found
mv: cannot stat 'reproducibility_results/idr/large-v3/idr_tech.wav}_whisper.txt': No such file or directory
python3: can't open file '/home/msak1/ietf_meetingnotes_evaulation/Scripts_audio/WER_assessment.py': [Errno 2] No such file or directory
Running large-v3, run 10
python3: can't open file '/home/msak1/ietf_meetingnotes_evaulation/Scripts_audio/whisper_transription.py': [Errno 2] No such file or directory
/var/spool/slurm/d/job1001547/slurm_script: line 26: --input: command not found
mv: cannot stat 'reproducibility_results/idr/large-v3/idr_tech.wav}_whisper.txt': No such file or directory
python3: can't open file '/home/msak1/ietf_meetingnotes_evaulation/Scripts_audio/WER_assessment.py': [Errno 2] No such file or directory
Running large-v3, run 11
python3: can't open file '/home/msak1/ietf_meetingnotes_evaulation/Scripts_audio/whisper_transription.py': [Errno 2] No such file or directory
/var/spool/slurm/d/job1001547/slurm_script: line 26: --input: command not found
mv: cannot stat 'reproducibility_results/idr/large-v3/idr_tech.wav}_whisper.txt': No such file or directory
python3: can't open file '/home/msak1/ietf_meetingnotes_evaulation/Scripts_audio/WER_assessment.py': [Errno 2] No such file or directory
Running large-v3, run 12
python3: can't open file '/home/msak1/ietf_meetingnotes_evaulation/Scripts_audio/whisper_transription.py': [Errno 2] No such file or directory
/var/spool/slurm/d/job1001547/slurm_script: line 26: --input: command not found
mv: cannot stat 'reproducibility_results/idr/large-v3/idr_tech.wav}_whisper.txt': No such file or directory
python3: can't open file '/home/msak1/ietf_meetingnotes_evaulation/Scripts_audio/WER_assessment.py': [Errno 2] No such file or directory
Running large-v3, run 13
python3: can't open file '/home/msak1/ietf_meetingnotes_evaulation/Scripts_audio/whisper_transription.py': [Errno 2] No such file or directory
/var/spool/slurm/d/job1001547/slurm_script: line 26: --input: command not found
mv: cannot stat 'reproducibility_results/idr/large-v3/idr_tech.wav}_whisper.txt': No such file or directory
python3: can't open file '/home/msak1/ietf_meetingnotes_evaulation/Scripts_audio/WER_assessment.py': [Errno 2] No such file or directory
Running large-v3, run 14
python3: can't open file '/home/msak1/ietf_meetingnotes_evaulation/Scripts_audio/whisper_transription.py': [Errno 2] No such file or directory
/var/spool/slurm/d/job1001547/slurm_script: line 26: --input: command not found
mv: cannot stat 'reproducibility_results/idr/large-v3/idr_tech.wav}_whisper.txt': No such file or directory
python3: can't open file '/home/msak1/ietf_meetingnotes_evaulation/Scripts_audio/WER_assessment.py': [Errno 2] No such file or directory
Running large-v3, run 15
python3: can't open file '/home/msak1/ietf_meetingnotes_evaulation/Scripts_audio/whisper_transription.py': [Errno 2] No such file or directory
/var/spool/slurm/d/job1001547/slurm_script: line 26: --input: command not found
mv: cannot stat 'reproducibility_results/idr/large-v3/idr_tech.wav}_whisper.txt': No such file or directory
python3: can't open file '/home/msak1/ietf_meetingnotes_evaulation/Scripts_audio/WER_assessment.py': [Errno 2] No such file or directory
Running large-v3, run 16
python3: can't open file '/home/msak1/ietf_meetingnotes_evaulation/Scripts_audio/whisper_transription.py': [Errno 2] No such file or directory
/var/spool/slurm/d/job1001547/slurm_script: line 26: --input: command not found
mv: cannot stat 'reproducibility_results/idr/large-v3/idr_tech.wav}_whisper.txt': No such file or directory
python3: can't open file '/home/msak1/ietf_meetingnotes_evaulation/Scripts_audio/WER_assessment.py': [Errno 2] No such file or directory
Running large-v3, run 17
python3: can't open file '/home/msak1/ietf_meetingnotes_evaulation/Scripts_audio/whisper_transription.py': [Errno 2] No such file or directory
/var/spool/slurm/d/job1001547/slurm_script: line 26: --input: command not found
mv: cannot stat 'reproducibility_results/idr/large-v3/idr_tech.wav}_whisper.txt': No such file or directory
python3: can't open file '/home/msak1/ietf_meetingnotes_evaulation/Scripts_audio/WER_assessment.py': [Errno 2] No such file or directory
Running large-v3, run 18
python3: can't open file '/home/msak1/ietf_meetingnotes_evaulation/Scripts_audio/whisper_transription.py': [Errno 2] No such file or directory
/var/spool/slurm/d/job1001547/slurm_script: line 26: --input: command not found
mv: cannot stat 'reproducibility_results/idr/large-v3/idr_tech.wav}_whisper.txt': No such file or directory
python3: can't open file '/home/msak1/ietf_meetingnotes_evaulation/Scripts_audio/WER_assessment.py': [Errno 2] No such file or directory
Running large-v3, run 19
python3: can't open file '/home/msak1/ietf_meetingnotes_evaulation/Scripts_audio/whisper_transription.py': [Errno 2] No such file or directory
/var/spool/slurm/d/job1001547/slurm_script: line 26: --input: command not found
mv: cannot stat 'reproducibility_results/idr/large-v3/idr_tech.wav}_whisper.txt': No such file or directory
python3: can't open file '/home/msak1/ietf_meetingnotes_evaulation/Scripts_audio/WER_assessment.py': [Errno 2] No such file or directory
Running large-v3, run 20
python3: can't open file '/home/msak1/ietf_meetingnotes_evaulation/Scripts_audio/whisper_transription.py': [Errno 2] No such file or directory
/var/spool/slurm/d/job1001547/slurm_script: line 26: --input: command not found
mv: cannot stat 'reproducibility_results/idr/large-v3/idr_tech.wav}_whisper.txt': No such file or directory
python3: can't open file '/home/msak1/ietf_meetingnotes_evaulation/Scripts_audio/WER_assessment.py': [Errno 2] No such file or directory
Running large-v3, run 21
python3: can't open file '/home/msak1/ietf_meetingnotes_evaulation/Scripts_audio/whisper_transription.py': [Errno 2] No such file or directory
/var/spool/slurm/d/job1001547/slurm_script: line 26: --input: command not found
mv: cannot stat 'reproducibility_results/idr/large-v3/idr_tech.wav}_whisper.txt': No such file or directory
python3: can't open file '/home/msak1/ietf_meetingnotes_evaulation/Scripts_audio/WER_assessment.py': [Errno 2] No such file or directory
Running large-v3, run 22
python3: can't open file '/home/msak1/ietf_meetingnotes_evaulation/Scripts_audio/whisper_transription.py': [Errno 2] No such file or directory
/var/spool/slurm/d/job1001547/slurm_script: line 26: --input: command not found
mv: cannot stat 'reproducibility_results/idr/large-v3/idr_tech.wav}_whisper.txt': No such file or directory
python3: can't open file '/home/msak1/ietf_meetingnotes_evaulation/Scripts_audio/WER_assessment.py': [Errno 2] No such file or directory
Running large-v3, run 23
python3: can't open file '/home/msak1/ietf_meetingnotes_evaulation/Scripts_audio/whisper_transription.py': [Errno 2] No such file or directory
/var/spool/slurm/d/job1001547/slurm_script: line 26: --input: command not found
mv: cannot stat 'reproducibility_results/idr/large-v3/idr_tech.wav}_whisper.txt': No such file or directory
python3: can't open file '/home/msak1/ietf_meetingnotes_evaulation/Scripts_audio/WER_assessment.py': [Errno 2] No such file or directory
Running large-v3, run 24
python3: can't open file '/home/msak1/ietf_meetingnotes_evaulation/Scripts_audio/whisper_transription.py': [Errno 2] No such file or directory
/var/spool/slurm/d/job1001547/slurm_script: line 26: --input: command not found
mv: cannot stat 'reproducibility_results/idr/large-v3/idr_tech.wav}_whisper.txt': No such file or directory
python3: can't open file '/home/msak1/ietf_meetingnotes_evaulation/Scripts_audio/WER_assessment.py': [Errno 2] No such file or directory
Running large-v3, run 25
python3: can't open file '/home/msak1/ietf_meetingnotes_evaulation/Scripts_audio/whisper_transription.py': [Errno 2] No such file or directory
/var/spool/slurm/d/job1001547/slurm_script: line 26: --input: command not found
mv: cannot stat 'reproducibility_results/idr/large-v3/idr_tech.wav}_whisper.txt': No such file or directory
python3: can't open file '/home/msak1/ietf_meetingnotes_evaulation/Scripts_audio/WER_assessment.py': [Errno 2] No such file or directory
Running turbo, run 01
python3: can't open file '/home/msak1/ietf_meetingnotes_evaulation/Scripts_audio/whisper_transription.py': [Errno 2] No such file or directory
/var/spool/slurm/d/job1001547/slurm_script: line 26: --input: command not found
mv: cannot stat 'reproducibility_results/idr/turbo/idr_tech.wav}_whisper.txt': No such file or directory
python3: can't open file '/home/msak1/ietf_meetingnotes_evaulation/Scripts_audio/WER_assessment.py': [Errno 2] No such file or directory
Running turbo, run 02
python3: can't open file '/home/msak1/ietf_meetingnotes_evaulation/Scripts_audio/whisper_transription.py': [Errno 2] No such file or directory
/var/spool/slurm/d/job1001547/slurm_script: line 26: --input: command not found
mv: cannot stat 'reproducibility_results/idr/turbo/idr_tech.wav}_whisper.txt': No such file or directory
python3: can't open file '/home/msak1/ietf_meetingnotes_evaulation/Scripts_audio/WER_assessment.py': [Errno 2] No such file or directory
Running turbo, run 03
python3: can't open file '/home/msak1/ietf_meetingnotes_evaulation/Scripts_audio/whisper_transription.py': [Errno 2] No such file or directory
/var/spool/slurm/d/job1001547/slurm_script: line 26: --input: command not found
mv: cannot stat 'reproducibility_results/idr/turbo/idr_tech.wav}_whisper.txt': No such file or directory
python3: can't open file '/home/msak1/ietf_meetingnotes_evaulation/Scripts_audio/WER_assessment.py': [Errno 2] No such file or directory
Running turbo, run 04
python3: can't open file '/home/msak1/ietf_meetingnotes_evaulation/Scripts_audio/whisper_transription.py': [Errno 2] No such file or directory
/var/spool/slurm/d/job1001547/slurm_script: line 26: --input: command not found
mv: cannot stat 'reproducibility_results/idr/turbo/idr_tech.wav}_whisper.txt': No such file or directory
python3: can't open file '/home/msak1/ietf_meetingnotes_evaulation/Scripts_audio/WER_assessment.py': [Errno 2] No such file or directory
Running turbo, run 05
python3: can't open file '/home/msak1/ietf_meetingnotes_evaulation/Scripts_audio/whisper_transription.py': [Errno 2] No such file or directory
/var/spool/slurm/d/job1001547/slurm_script: line 26: --input: command not found
mv: cannot stat 'reproducibility_results/idr/turbo/idr_tech.wav}_whisper.txt': No such file or directory
python3: can't open file '/home/msak1/ietf_meetingnotes_evaulation/Scripts_audio/WER_assessment.py': [Errno 2] No such file or directory
Running turbo, run 06
python3: can't open file '/home/msak1/ietf_meetingnotes_evaulation/Scripts_audio/whisper_transription.py': [Errno 2] No such file or directory
/var/spool/slurm/d/job1001547/slurm_script: line 26: --input: command not found
mv: cannot stat 'reproducibility_results/idr/turbo/idr_tech.wav}_whisper.txt': No such file or directory
python3: can't open file '/home/msak1/ietf_meetingnotes_evaulation/Scripts_audio/WER_assessment.py': [Errno 2] No such file or directory
Running turbo, run 07
python3: can't open file '/home/msak1/ietf_meetingnotes_evaulation/Scripts_audio/whisper_transription.py': [Errno 2] No such file or directory
/var/spool/slurm/d/job1001547/slurm_script: line 26: --input: command not found
mv: cannot stat 'reproducibility_results/idr/turbo/idr_tech.wav}_whisper.txt': No such file or directory
python3: can't open file '/home/msak1/ietf_meetingnotes_evaulation/Scripts_audio/WER_assessment.py': [Errno 2] No such file or directory
Running turbo, run 08
python3: can't open file '/home/msak1/ietf_meetingnotes_evaulation/Scripts_audio/whisper_transription.py': [Errno 2] No such file or directory
/var/spool/slurm/d/job1001547/slurm_script: line 26: --input: command not found
mv: cannot stat 'reproducibility_results/idr/turbo/idr_tech.wav}_whisper.txt': No such file or directory
python3: can't open file '/home/msak1/ietf_meetingnotes_evaulation/Scripts_audio/WER_assessment.py': [Errno 2] No such file or directory
Running turbo, run 09
python3: can't open file '/home/msak1/ietf_meetingnotes_evaulation/Scripts_audio/whisper_transription.py': [Errno 2] No such file or directory
/var/spool/slurm/d/job1001547/slurm_script: line 26: --input: command not found
mv: cannot stat 'reproducibility_results/idr/turbo/idr_tech.wav}_whisper.txt': No such file or directory
python3: can't open file '/home/msak1/ietf_meetingnotes_evaulation/Scripts_audio/WER_assessment.py': [Errno 2] No such file or directory
Running turbo, run 10
python3: can't open file '/home/msak1/ietf_meetingnotes_evaulation/Scripts_audio/whisper_transription.py': [Errno 2] No such file or directory
/var/spool/slurm/d/job1001547/slurm_script: line 26: --input: command not found
mv: cannot stat 'reproducibility_results/idr/turbo/idr_tech.wav}_whisper.txt': No such file or directory
python3: can't open file '/home/msak1/ietf_meetingnotes_evaulation/Scripts_audio/WER_assessment.py': [Errno 2] No such file or directory
Running turbo, run 11
python3: can't open file '/home/msak1/ietf_meetingnotes_evaulation/Scripts_audio/whisper_transription.py': [Errno 2] No such file or directory
/var/spool/slurm/d/job1001547/slurm_script: line 26: --input: command not found
mv: cannot stat 'reproducibility_results/idr/turbo/idr_tech.wav}_whisper.txt': No such file or directory
python3: can't open file '/home/msak1/ietf_meetingnotes_evaulation/Scripts_audio/WER_assessment.py': [Errno 2] No such file or directory
Running turbo, run 12
python3: can't open file '/home/msak1/ietf_meetingnotes_evaulation/Scripts_audio/whisper_transription.py': [Errno 2] No such file or directory
/var/spool/slurm/d/job1001547/slurm_script: line 26: --input: command not found
mv: cannot stat 'reproducibility_results/idr/turbo/idr_tech.wav}_whisper.txt': No such file or directory
python3: can't open file '/home/msak1/ietf_meetingnotes_evaulation/Scripts_audio/WER_assessment.py': [Errno 2] No such file or directory
Running turbo, run 13
python3: can't open file '/home/msak1/ietf_meetingnotes_evaulation/Scripts_audio/whisper_transription.py': [Errno 2] No such file or directory
/var/spool/slurm/d/job1001547/slurm_script: line 26: --input: command not found
mv: cannot stat 'reproducibility_results/idr/turbo/idr_tech.wav}_whisper.txt': No such file or directory
python3: can't open file '/home/msak1/ietf_meetingnotes_evaulation/Scripts_audio/WER_assessment.py': [Errno 2] No such file or directory
Running turbo, run 14
python3: can't open file '/home/msak1/ietf_meetingnotes_evaulation/Scripts_audio/whisper_transription.py': [Errno 2] No such file or directory
/var/spool/slurm/d/job1001547/slurm_script: line 26: --input: command not found
mv: cannot stat 'reproducibility_results/idr/turbo/idr_tech.wav}_whisper.txt': No such file or directory
python3: can't open file '/home/msak1/ietf_meetingnotes_evaulation/Scripts_audio/WER_assessment.py': [Errno 2] No such file or directory
Running turbo, run 15
python3: can't open file '/home/msak1/ietf_meetingnotes_evaulation/Scripts_audio/whisper_transription.py': [Errno 2] No such file or directory
/var/spool/slurm/d/job1001547/slurm_script: line 26: --input: command not found
mv: cannot stat 'reproducibility_results/idr/turbo/idr_tech.wav}_whisper.txt': No such file or directory
python3: can't open file '/home/msak1/ietf_meetingnotes_evaulation/Scripts_audio/WER_assessment.py': [Errno 2] No such file or directory
Running turbo, run 16
python3: can't open file '/home/msak1/ietf_meetingnotes_evaulation/Scripts_audio/whisper_transription.py': [Errno 2] No such file or directory
/var/spool/slurm/d/job1001547/slurm_script: line 26: --input: command not found
mv: cannot stat 'reproducibility_results/idr/turbo/idr_tech.wav}_whisper.txt': No such file or directory
python3: can't open file '/home/msak1/ietf_meetingnotes_evaulation/Scripts_audio/WER_assessment.py': [Errno 2] No such file or directory
Running turbo, run 17
python3: can't open file '/home/msak1/ietf_meetingnotes_evaulation/Scripts_audio/whisper_transription.py': [Errno 2] No such file or directory
/var/spool/slurm/d/job1001547/slurm_script: line 26: --input: command not found
mv: cannot stat 'reproducibility_results/idr/turbo/idr_tech.wav}_whisper.txt': No such file or directory
python3: can't open file '/home/msak1/ietf_meetingnotes_evaulation/Scripts_audio/WER_assessment.py': [Errno 2] No such file or directory
Running turbo, run 18
python3: can't open file '/home/msak1/ietf_meetingnotes_evaulation/Scripts_audio/whisper_transription.py': [Errno 2] No such file or directory
/var/spool/slurm/d/job1001547/slurm_script: line 26: --input: command not found
mv: cannot stat 'reproducibility_results/idr/turbo/idr_tech.wav}_whisper.txt': No such file or directory
python3: can't open file '/home/msak1/ietf_meetingnotes_evaulation/Scripts_audio/WER_assessment.py': [Errno 2] No such file or directory
Running turbo, run 19
python3: can't open file '/home/msak1/ietf_meetingnotes_evaulation/Scripts_audio/whisper_transription.py': [Errno 2] No such file or directory
/var/spool/slurm/d/job1001547/slurm_script: line 26: --input: command not found
mv: cannot stat 'reproducibility_results/idr/turbo/idr_tech.wav}_whisper.txt': No such file or directory
python3: can't open file '/home/msak1/ietf_meetingnotes_evaulation/Scripts_audio/WER_assessment.py': [Errno 2] No such file or directory
Running turbo, run 20
python3: can't open file '/home/msak1/ietf_meetingnotes_evaulation/Scripts_audio/whisper_transription.py': [Errno 2] No such file or directory
/var/spool/slurm/d/job1001547/slurm_script: line 26: --input: command not found
mv: cannot stat 'reproducibility_results/idr/turbo/idr_tech.wav}_whisper.txt': No such file or directory
python3: can't open file '/home/msak1/ietf_meetingnotes_evaulation/Scripts_audio/WER_assessment.py': [Errno 2] No such file or directory
Running turbo, run 21
python3: can't open file '/home/msak1/ietf_meetingnotes_evaulation/Scripts_audio/whisper_transription.py': [Errno 2] No such file or directory
/var/spool/slurm/d/job1001547/slurm_script: line 26: --input: command not found
mv: cannot stat 'reproducibility_results/idr/turbo/idr_tech.wav}_whisper.txt': No such file or directory
python3: can't open file '/home/msak1/ietf_meetingnotes_evaulation/Scripts_audio/WER_assessment.py': [Errno 2] No such file or directory
Running turbo, run 22
python3: can't open file '/home/msak1/ietf_meetingnotes_evaulation/Scripts_audio/whisper_transription.py': [Errno 2] No such file or directory
/var/spool/slurm/d/job1001547/slurm_script: line 26: --input: command not found
mv: cannot stat 'reproducibility_results/idr/turbo/idr_tech.wav}_whisper.txt': No such file or directory
python3: can't open file '/home/msak1/ietf_meetingnotes_evaulation/Scripts_audio/WER_assessment.py': [Errno 2] No such file or directory
Running turbo, run 23
python3: can't open file '/home/msak1/ietf_meetingnotes_evaulation/Scripts_audio/whisper_transription.py': [Errno 2] No such file or directory
/var/spool/slurm/d/job1001547/slurm_script: line 26: --input: command not found
mv: cannot stat 'reproducibility_results/idr/turbo/idr_tech.wav}_whisper.txt': No such file or directory
python3: can't open file '/home/msak1/ietf_meetingnotes_evaulation/Scripts_audio/WER_assessment.py': [Errno 2] No such file or directory
Running turbo, run 24
python3: can't open file '/home/msak1/ietf_meetingnotes_evaulation/Scripts_audio/whisper_transription.py': [Errno 2] No such file or directory
/var/spool/slurm/d/job1001547/slurm_script: line 26: --input: command not found
mv: cannot stat 'reproducibility_results/idr/turbo/idr_tech.wav}_whisper.txt': No such file or directory
python3: can't open file '/home/msak1/ietf_meetingnotes_evaulation/Scripts_audio/WER_assessment.py': [Errno 2] No such file or directory
Running turbo, run 25
python3: can't open file '/home/msak1/ietf_meetingnotes_evaulation/Scripts_audio/whisper_transription.py': [Errno 2] No such file or directory
/var/spool/slurm/d/job1001547/slurm_script: line 26: --input: command not found
mv: cannot stat 'reproducibility_results/idr/turbo/idr_tech.wav}_whisper.txt': No such file or directory
python3: can't open file '/home/msak1/ietf_meetingnotes_evaulation/Scripts_audio/WER_assessment.py': [Errno 2] No such file or directory
idr done
