Running tiny, run 01
usage: whisper_transcription.py [-h] [--input INPUT] [--model MODEL]
                                [--output OUTPUT] [--language LANGUAGE]
                                [--glossary GLOSSARY]
whisper_transcription.py: error: unrecognized arguments:  
/var/spool/slurm/d/job1001614/slurm_script: line 26: --input: command not found
mv: cannot stat 'reproducibility_results/plenary_openmic/tiny/plenary_openmic.wav}_whisper.txt': No such file or directory
Traceback (most recent call last):
  File "/home/msak1/ietf_meetingnotes_evaulation/Scripts_Audio/WER_assessment.py", line 55, in <module>
    main()
    ~~~~^^
  File "/home/msak1/ietf_meetingnotes_evaulation/Scripts_Audio/WER_assessment.py", line 19, in main
    hypothesis = load_text(args.hypothesis)
  File "/home/msak1/ietf_meetingnotes_evaulation/Scripts_Audio/WER_assessment.py", line 9, in load_text
    with open(file_path, "r") as f:
         ~~~~^^^^^^^^^^^^^^^^
FileNotFoundError: [Errno 2] No such file or directory: 'reproducibility_results/plenary_openmic/tiny/plenary_openmic.wav_whisper_run01.txt'
Running tiny, run 02
usage: whisper_transcription.py [-h] [--input INPUT] [--model MODEL]
                                [--output OUTPUT] [--language LANGUAGE]
                                [--glossary GLOSSARY]
whisper_transcription.py: error: unrecognized arguments:  
/var/spool/slurm/d/job1001614/slurm_script: line 26: --input: command not found
mv: cannot stat 'reproducibility_results/plenary_openmic/tiny/plenary_openmic.wav}_whisper.txt': No such file or directory
Traceback (most recent call last):
  File "/home/msak1/ietf_meetingnotes_evaulation/Scripts_Audio/WER_assessment.py", line 55, in <module>
    main()
    ~~~~^^
  File "/home/msak1/ietf_meetingnotes_evaulation/Scripts_Audio/WER_assessment.py", line 19, in main
    hypothesis = load_text(args.hypothesis)
  File "/home/msak1/ietf_meetingnotes_evaulation/Scripts_Audio/WER_assessment.py", line 9, in load_text
    with open(file_path, "r") as f:
         ~~~~^^^^^^^^^^^^^^^^
FileNotFoundError: [Errno 2] No such file or directory: 'reproducibility_results/plenary_openmic/tiny/plenary_openmic.wav_whisper_run02.txt'
Running tiny, run 03
usage: whisper_transcription.py [-h] [--input INPUT] [--model MODEL]
                                [--output OUTPUT] [--language LANGUAGE]
                                [--glossary GLOSSARY]
whisper_transcription.py: error: unrecognized arguments:  
/var/spool/slurm/d/job1001614/slurm_script: line 26: --input: command not found
mv: cannot stat 'reproducibility_results/plenary_openmic/tiny/plenary_openmic.wav}_whisper.txt': No such file or directory
Traceback (most recent call last):
  File "/home/msak1/ietf_meetingnotes_evaulation/Scripts_Audio/WER_assessment.py", line 55, in <module>
    main()
    ~~~~^^
  File "/home/msak1/ietf_meetingnotes_evaulation/Scripts_Audio/WER_assessment.py", line 19, in main
    hypothesis = load_text(args.hypothesis)
  File "/home/msak1/ietf_meetingnotes_evaulation/Scripts_Audio/WER_assessment.py", line 9, in load_text
    with open(file_path, "r") as f:
         ~~~~^^^^^^^^^^^^^^^^
FileNotFoundError: [Errno 2] No such file or directory: 'reproducibility_results/plenary_openmic/tiny/plenary_openmic.wav_whisper_run03.txt'
Running tiny, run 04
usage: whisper_transcription.py [-h] [--input INPUT] [--model MODEL]
                                [--output OUTPUT] [--language LANGUAGE]
                                [--glossary GLOSSARY]
whisper_transcription.py: error: unrecognized arguments:  
/var/spool/slurm/d/job1001614/slurm_script: line 26: --input: command not found
mv: cannot stat 'reproducibility_results/plenary_openmic/tiny/plenary_openmic.wav}_whisper.txt': No such file or directory
Traceback (most recent call last):
  File "/home/msak1/ietf_meetingnotes_evaulation/Scripts_Audio/WER_assessment.py", line 55, in <module>
    main()
    ~~~~^^
  File "/home/msak1/ietf_meetingnotes_evaulation/Scripts_Audio/WER_assessment.py", line 19, in main
    hypothesis = load_text(args.hypothesis)
  File "/home/msak1/ietf_meetingnotes_evaulation/Scripts_Audio/WER_assessment.py", line 9, in load_text
    with open(file_path, "r") as f:
         ~~~~^^^^^^^^^^^^^^^^
FileNotFoundError: [Errno 2] No such file or directory: 'reproducibility_results/plenary_openmic/tiny/plenary_openmic.wav_whisper_run04.txt'
Running tiny, run 05
usage: whisper_transcription.py [-h] [--input INPUT] [--model MODEL]
                                [--output OUTPUT] [--language LANGUAGE]
                                [--glossary GLOSSARY]
whisper_transcription.py: error: unrecognized arguments:  
/var/spool/slurm/d/job1001614/slurm_script: line 26: --input: command not found
mv: cannot stat 'reproducibility_results/plenary_openmic/tiny/plenary_openmic.wav}_whisper.txt': No such file or directory
Traceback (most recent call last):
  File "/home/msak1/ietf_meetingnotes_evaulation/Scripts_Audio/WER_assessment.py", line 55, in <module>
    main()
    ~~~~^^
  File "/home/msak1/ietf_meetingnotes_evaulation/Scripts_Audio/WER_assessment.py", line 19, in main
    hypothesis = load_text(args.hypothesis)
  File "/home/msak1/ietf_meetingnotes_evaulation/Scripts_Audio/WER_assessment.py", line 9, in load_text
    with open(file_path, "r") as f:
         ~~~~^^^^^^^^^^^^^^^^
FileNotFoundError: [Errno 2] No such file or directory: 'reproducibility_results/plenary_openmic/tiny/plenary_openmic.wav_whisper_run05.txt'
Running tiny, run 06
usage: whisper_transcription.py [-h] [--input INPUT] [--model MODEL]
                                [--output OUTPUT] [--language LANGUAGE]
                                [--glossary GLOSSARY]
whisper_transcription.py: error: unrecognized arguments:  
/var/spool/slurm/d/job1001614/slurm_script: line 26: --input: command not found
mv: cannot stat 'reproducibility_results/plenary_openmic/tiny/plenary_openmic.wav}_whisper.txt': No such file or directory
Traceback (most recent call last):
  File "/home/msak1/ietf_meetingnotes_evaulation/Scripts_Audio/WER_assessment.py", line 55, in <module>
    main()
    ~~~~^^
  File "/home/msak1/ietf_meetingnotes_evaulation/Scripts_Audio/WER_assessment.py", line 19, in main
    hypothesis = load_text(args.hypothesis)
  File "/home/msak1/ietf_meetingnotes_evaulation/Scripts_Audio/WER_assessment.py", line 9, in load_text
    with open(file_path, "r") as f:
         ~~~~^^^^^^^^^^^^^^^^
FileNotFoundError: [Errno 2] No such file or directory: 'reproducibility_results/plenary_openmic/tiny/plenary_openmic.wav_whisper_run06.txt'
Running tiny, run 07
usage: whisper_transcription.py [-h] [--input INPUT] [--model MODEL]
                                [--output OUTPUT] [--language LANGUAGE]
                                [--glossary GLOSSARY]
whisper_transcription.py: error: unrecognized arguments:  
/var/spool/slurm/d/job1001614/slurm_script: line 26: --input: command not found
mv: cannot stat 'reproducibility_results/plenary_openmic/tiny/plenary_openmic.wav}_whisper.txt': No such file or directory
Traceback (most recent call last):
  File "/home/msak1/ietf_meetingnotes_evaulation/Scripts_Audio/WER_assessment.py", line 55, in <module>
    main()
    ~~~~^^
  File "/home/msak1/ietf_meetingnotes_evaulation/Scripts_Audio/WER_assessment.py", line 19, in main
    hypothesis = load_text(args.hypothesis)
  File "/home/msak1/ietf_meetingnotes_evaulation/Scripts_Audio/WER_assessment.py", line 9, in load_text
    with open(file_path, "r") as f:
         ~~~~^^^^^^^^^^^^^^^^
FileNotFoundError: [Errno 2] No such file or directory: 'reproducibility_results/plenary_openmic/tiny/plenary_openmic.wav_whisper_run07.txt'
Running tiny, run 08
usage: whisper_transcription.py [-h] [--input INPUT] [--model MODEL]
                                [--output OUTPUT] [--language LANGUAGE]
                                [--glossary GLOSSARY]
whisper_transcription.py: error: unrecognized arguments:  
/var/spool/slurm/d/job1001614/slurm_script: line 26: --input: command not found
mv: cannot stat 'reproducibility_results/plenary_openmic/tiny/plenary_openmic.wav}_whisper.txt': No such file or directory
Traceback (most recent call last):
  File "/home/msak1/ietf_meetingnotes_evaulation/Scripts_Audio/WER_assessment.py", line 55, in <module>
    main()
    ~~~~^^
  File "/home/msak1/ietf_meetingnotes_evaulation/Scripts_Audio/WER_assessment.py", line 19, in main
    hypothesis = load_text(args.hypothesis)
  File "/home/msak1/ietf_meetingnotes_evaulation/Scripts_Audio/WER_assessment.py", line 9, in load_text
    with open(file_path, "r") as f:
         ~~~~^^^^^^^^^^^^^^^^
FileNotFoundError: [Errno 2] No such file or directory: 'reproducibility_results/plenary_openmic/tiny/plenary_openmic.wav_whisper_run08.txt'
Running tiny, run 09
usage: whisper_transcription.py [-h] [--input INPUT] [--model MODEL]
                                [--output OUTPUT] [--language LANGUAGE]
                                [--glossary GLOSSARY]
whisper_transcription.py: error: unrecognized arguments:  
/var/spool/slurm/d/job1001614/slurm_script: line 26: --input: command not found
mv: cannot stat 'reproducibility_results/plenary_openmic/tiny/plenary_openmic.wav}_whisper.txt': No such file or directory
Traceback (most recent call last):
  File "/home/msak1/ietf_meetingnotes_evaulation/Scripts_Audio/WER_assessment.py", line 55, in <module>
    main()
    ~~~~^^
  File "/home/msak1/ietf_meetingnotes_evaulation/Scripts_Audio/WER_assessment.py", line 19, in main
    hypothesis = load_text(args.hypothesis)
  File "/home/msak1/ietf_meetingnotes_evaulation/Scripts_Audio/WER_assessment.py", line 9, in load_text
    with open(file_path, "r") as f:
         ~~~~^^^^^^^^^^^^^^^^
FileNotFoundError: [Errno 2] No such file or directory: 'reproducibility_results/plenary_openmic/tiny/plenary_openmic.wav_whisper_run09.txt'
Running tiny, run 10
usage: whisper_transcription.py [-h] [--input INPUT] [--model MODEL]
                                [--output OUTPUT] [--language LANGUAGE]
                                [--glossary GLOSSARY]
whisper_transcription.py: error: unrecognized arguments:  
/var/spool/slurm/d/job1001614/slurm_script: line 26: --input: command not found
mv: cannot stat 'reproducibility_results/plenary_openmic/tiny/plenary_openmic.wav}_whisper.txt': No such file or directory
Traceback (most recent call last):
  File "/home/msak1/ietf_meetingnotes_evaulation/Scripts_Audio/WER_assessment.py", line 55, in <module>
    main()
    ~~~~^^
  File "/home/msak1/ietf_meetingnotes_evaulation/Scripts_Audio/WER_assessment.py", line 19, in main
    hypothesis = load_text(args.hypothesis)
  File "/home/msak1/ietf_meetingnotes_evaulation/Scripts_Audio/WER_assessment.py", line 9, in load_text
    with open(file_path, "r") as f:
         ~~~~^^^^^^^^^^^^^^^^
FileNotFoundError: [Errno 2] No such file or directory: 'reproducibility_results/plenary_openmic/tiny/plenary_openmic.wav_whisper_run10.txt'
Running tiny, run 11
usage: whisper_transcription.py [-h] [--input INPUT] [--model MODEL]
                                [--output OUTPUT] [--language LANGUAGE]
                                [--glossary GLOSSARY]
whisper_transcription.py: error: unrecognized arguments:  
/var/spool/slurm/d/job1001614/slurm_script: line 26: --input: command not found
mv: cannot stat 'reproducibility_results/plenary_openmic/tiny/plenary_openmic.wav}_whisper.txt': No such file or directory
Traceback (most recent call last):
  File "/home/msak1/ietf_meetingnotes_evaulation/Scripts_Audio/WER_assessment.py", line 55, in <module>
    main()
    ~~~~^^
  File "/home/msak1/ietf_meetingnotes_evaulation/Scripts_Audio/WER_assessment.py", line 19, in main
    hypothesis = load_text(args.hypothesis)
  File "/home/msak1/ietf_meetingnotes_evaulation/Scripts_Audio/WER_assessment.py", line 9, in load_text
    with open(file_path, "r") as f:
         ~~~~^^^^^^^^^^^^^^^^
FileNotFoundError: [Errno 2] No such file or directory: 'reproducibility_results/plenary_openmic/tiny/plenary_openmic.wav_whisper_run11.txt'
Running tiny, run 12
usage: whisper_transcription.py [-h] [--input INPUT] [--model MODEL]
                                [--output OUTPUT] [--language LANGUAGE]
                                [--glossary GLOSSARY]
whisper_transcription.py: error: unrecognized arguments:  
/var/spool/slurm/d/job1001614/slurm_script: line 26: --input: command not found
mv: cannot stat 'reproducibility_results/plenary_openmic/tiny/plenary_openmic.wav}_whisper.txt': No such file or directory
Traceback (most recent call last):
  File "/home/msak1/ietf_meetingnotes_evaulation/Scripts_Audio/WER_assessment.py", line 55, in <module>
    main()
    ~~~~^^
  File "/home/msak1/ietf_meetingnotes_evaulation/Scripts_Audio/WER_assessment.py", line 19, in main
    hypothesis = load_text(args.hypothesis)
  File "/home/msak1/ietf_meetingnotes_evaulation/Scripts_Audio/WER_assessment.py", line 9, in load_text
    with open(file_path, "r") as f:
         ~~~~^^^^^^^^^^^^^^^^
FileNotFoundError: [Errno 2] No such file or directory: 'reproducibility_results/plenary_openmic/tiny/plenary_openmic.wav_whisper_run12.txt'
Running tiny, run 13
usage: whisper_transcription.py [-h] [--input INPUT] [--model MODEL]
                                [--output OUTPUT] [--language LANGUAGE]
                                [--glossary GLOSSARY]
whisper_transcription.py: error: unrecognized arguments:  
/var/spool/slurm/d/job1001614/slurm_script: line 26: --input: command not found
mv: cannot stat 'reproducibility_results/plenary_openmic/tiny/plenary_openmic.wav}_whisper.txt': No such file or directory
Traceback (most recent call last):
  File "/home/msak1/ietf_meetingnotes_evaulation/Scripts_Audio/WER_assessment.py", line 55, in <module>
    main()
    ~~~~^^
  File "/home/msak1/ietf_meetingnotes_evaulation/Scripts_Audio/WER_assessment.py", line 19, in main
    hypothesis = load_text(args.hypothesis)
  File "/home/msak1/ietf_meetingnotes_evaulation/Scripts_Audio/WER_assessment.py", line 9, in load_text
    with open(file_path, "r") as f:
         ~~~~^^^^^^^^^^^^^^^^
FileNotFoundError: [Errno 2] No such file or directory: 'reproducibility_results/plenary_openmic/tiny/plenary_openmic.wav_whisper_run13.txt'
Running tiny, run 14
usage: whisper_transcription.py [-h] [--input INPUT] [--model MODEL]
                                [--output OUTPUT] [--language LANGUAGE]
                                [--glossary GLOSSARY]
whisper_transcription.py: error: unrecognized arguments:  
/var/spool/slurm/d/job1001614/slurm_script: line 26: --input: command not found
mv: cannot stat 'reproducibility_results/plenary_openmic/tiny/plenary_openmic.wav}_whisper.txt': No such file or directory
Traceback (most recent call last):
  File "/home/msak1/ietf_meetingnotes_evaulation/Scripts_Audio/WER_assessment.py", line 55, in <module>
    main()
    ~~~~^^
  File "/home/msak1/ietf_meetingnotes_evaulation/Scripts_Audio/WER_assessment.py", line 19, in main
    hypothesis = load_text(args.hypothesis)
  File "/home/msak1/ietf_meetingnotes_evaulation/Scripts_Audio/WER_assessment.py", line 9, in load_text
    with open(file_path, "r") as f:
         ~~~~^^^^^^^^^^^^^^^^
FileNotFoundError: [Errno 2] No such file or directory: 'reproducibility_results/plenary_openmic/tiny/plenary_openmic.wav_whisper_run14.txt'
Running tiny, run 15
usage: whisper_transcription.py [-h] [--input INPUT] [--model MODEL]
                                [--output OUTPUT] [--language LANGUAGE]
                                [--glossary GLOSSARY]
whisper_transcription.py: error: unrecognized arguments:  
/var/spool/slurm/d/job1001614/slurm_script: line 26: --input: command not found
mv: cannot stat 'reproducibility_results/plenary_openmic/tiny/plenary_openmic.wav}_whisper.txt': No such file or directory
Traceback (most recent call last):
  File "/home/msak1/ietf_meetingnotes_evaulation/Scripts_Audio/WER_assessment.py", line 55, in <module>
    main()
    ~~~~^^
  File "/home/msak1/ietf_meetingnotes_evaulation/Scripts_Audio/WER_assessment.py", line 19, in main
    hypothesis = load_text(args.hypothesis)
  File "/home/msak1/ietf_meetingnotes_evaulation/Scripts_Audio/WER_assessment.py", line 9, in load_text
    with open(file_path, "r") as f:
         ~~~~^^^^^^^^^^^^^^^^
FileNotFoundError: [Errno 2] No such file or directory: 'reproducibility_results/plenary_openmic/tiny/plenary_openmic.wav_whisper_run15.txt'
Running tiny, run 16
usage: whisper_transcription.py [-h] [--input INPUT] [--model MODEL]
                                [--output OUTPUT] [--language LANGUAGE]
                                [--glossary GLOSSARY]
whisper_transcription.py: error: unrecognized arguments:  
/var/spool/slurm/d/job1001614/slurm_script: line 26: --input: command not found
mv: cannot stat 'reproducibility_results/plenary_openmic/tiny/plenary_openmic.wav}_whisper.txt': No such file or directory
Traceback (most recent call last):
  File "/home/msak1/ietf_meetingnotes_evaulation/Scripts_Audio/WER_assessment.py", line 55, in <module>
    main()
    ~~~~^^
  File "/home/msak1/ietf_meetingnotes_evaulation/Scripts_Audio/WER_assessment.py", line 19, in main
    hypothesis = load_text(args.hypothesis)
  File "/home/msak1/ietf_meetingnotes_evaulation/Scripts_Audio/WER_assessment.py", line 9, in load_text
    with open(file_path, "r") as f:
         ~~~~^^^^^^^^^^^^^^^^
FileNotFoundError: [Errno 2] No such file or directory: 'reproducibility_results/plenary_openmic/tiny/plenary_openmic.wav_whisper_run16.txt'
Running tiny, run 17
usage: whisper_transcription.py [-h] [--input INPUT] [--model MODEL]
                                [--output OUTPUT] [--language LANGUAGE]
                                [--glossary GLOSSARY]
whisper_transcription.py: error: unrecognized arguments:  
/var/spool/slurm/d/job1001614/slurm_script: line 26: --input: command not found
mv: cannot stat 'reproducibility_results/plenary_openmic/tiny/plenary_openmic.wav}_whisper.txt': No such file or directory
Traceback (most recent call last):
  File "/home/msak1/ietf_meetingnotes_evaulation/Scripts_Audio/WER_assessment.py", line 55, in <module>
    main()
    ~~~~^^
  File "/home/msak1/ietf_meetingnotes_evaulation/Scripts_Audio/WER_assessment.py", line 19, in main
    hypothesis = load_text(args.hypothesis)
  File "/home/msak1/ietf_meetingnotes_evaulation/Scripts_Audio/WER_assessment.py", line 9, in load_text
    with open(file_path, "r") as f:
         ~~~~^^^^^^^^^^^^^^^^
FileNotFoundError: [Errno 2] No such file or directory: 'reproducibility_results/plenary_openmic/tiny/plenary_openmic.wav_whisper_run17.txt'
Running tiny, run 18
usage: whisper_transcription.py [-h] [--input INPUT] [--model MODEL]
                                [--output OUTPUT] [--language LANGUAGE]
                                [--glossary GLOSSARY]
whisper_transcription.py: error: unrecognized arguments:  
/var/spool/slurm/d/job1001614/slurm_script: line 26: --input: command not found
mv: cannot stat 'reproducibility_results/plenary_openmic/tiny/plenary_openmic.wav}_whisper.txt': No such file or directory
Traceback (most recent call last):
  File "/home/msak1/ietf_meetingnotes_evaulation/Scripts_Audio/WER_assessment.py", line 55, in <module>
    main()
    ~~~~^^
  File "/home/msak1/ietf_meetingnotes_evaulation/Scripts_Audio/WER_assessment.py", line 19, in main
    hypothesis = load_text(args.hypothesis)
  File "/home/msak1/ietf_meetingnotes_evaulation/Scripts_Audio/WER_assessment.py", line 9, in load_text
    with open(file_path, "r") as f:
         ~~~~^^^^^^^^^^^^^^^^
FileNotFoundError: [Errno 2] No such file or directory: 'reproducibility_results/plenary_openmic/tiny/plenary_openmic.wav_whisper_run18.txt'
Running tiny, run 19
usage: whisper_transcription.py [-h] [--input INPUT] [--model MODEL]
                                [--output OUTPUT] [--language LANGUAGE]
                                [--glossary GLOSSARY]
whisper_transcription.py: error: unrecognized arguments:  
/var/spool/slurm/d/job1001614/slurm_script: line 26: --input: command not found
mv: cannot stat 'reproducibility_results/plenary_openmic/tiny/plenary_openmic.wav}_whisper.txt': No such file or directory
Traceback (most recent call last):
  File "/home/msak1/ietf_meetingnotes_evaulation/Scripts_Audio/WER_assessment.py", line 55, in <module>
    main()
    ~~~~^^
  File "/home/msak1/ietf_meetingnotes_evaulation/Scripts_Audio/WER_assessment.py", line 19, in main
    hypothesis = load_text(args.hypothesis)
  File "/home/msak1/ietf_meetingnotes_evaulation/Scripts_Audio/WER_assessment.py", line 9, in load_text
    with open(file_path, "r") as f:
         ~~~~^^^^^^^^^^^^^^^^
FileNotFoundError: [Errno 2] No such file or directory: 'reproducibility_results/plenary_openmic/tiny/plenary_openmic.wav_whisper_run19.txt'
Running tiny, run 20
usage: whisper_transcription.py [-h] [--input INPUT] [--model MODEL]
                                [--output OUTPUT] [--language LANGUAGE]
                                [--glossary GLOSSARY]
whisper_transcription.py: error: unrecognized arguments:  
/var/spool/slurm/d/job1001614/slurm_script: line 26: --input: command not found
mv: cannot stat 'reproducibility_results/plenary_openmic/tiny/plenary_openmic.wav}_whisper.txt': No such file or directory
Traceback (most recent call last):
  File "/home/msak1/ietf_meetingnotes_evaulation/Scripts_Audio/WER_assessment.py", line 55, in <module>
    main()
    ~~~~^^
  File "/home/msak1/ietf_meetingnotes_evaulation/Scripts_Audio/WER_assessment.py", line 19, in main
    hypothesis = load_text(args.hypothesis)
  File "/home/msak1/ietf_meetingnotes_evaulation/Scripts_Audio/WER_assessment.py", line 9, in load_text
    with open(file_path, "r") as f:
         ~~~~^^^^^^^^^^^^^^^^
FileNotFoundError: [Errno 2] No such file or directory: 'reproducibility_results/plenary_openmic/tiny/plenary_openmic.wav_whisper_run20.txt'
Running tiny, run 21
usage: whisper_transcription.py [-h] [--input INPUT] [--model MODEL]
                                [--output OUTPUT] [--language LANGUAGE]
                                [--glossary GLOSSARY]
whisper_transcription.py: error: unrecognized arguments:  
/var/spool/slurm/d/job1001614/slurm_script: line 26: --input: command not found
mv: cannot stat 'reproducibility_results/plenary_openmic/tiny/plenary_openmic.wav}_whisper.txt': No such file or directory
Traceback (most recent call last):
  File "/home/msak1/ietf_meetingnotes_evaulation/Scripts_Audio/WER_assessment.py", line 55, in <module>
    main()
    ~~~~^^
  File "/home/msak1/ietf_meetingnotes_evaulation/Scripts_Audio/WER_assessment.py", line 19, in main
    hypothesis = load_text(args.hypothesis)
  File "/home/msak1/ietf_meetingnotes_evaulation/Scripts_Audio/WER_assessment.py", line 9, in load_text
    with open(file_path, "r") as f:
         ~~~~^^^^^^^^^^^^^^^^
FileNotFoundError: [Errno 2] No such file or directory: 'reproducibility_results/plenary_openmic/tiny/plenary_openmic.wav_whisper_run21.txt'
Running tiny, run 22
usage: whisper_transcription.py [-h] [--input INPUT] [--model MODEL]
                                [--output OUTPUT] [--language LANGUAGE]
                                [--glossary GLOSSARY]
whisper_transcription.py: error: unrecognized arguments:  
/var/spool/slurm/d/job1001614/slurm_script: line 26: --input: command not found
mv: cannot stat 'reproducibility_results/plenary_openmic/tiny/plenary_openmic.wav}_whisper.txt': No such file or directory
Traceback (most recent call last):
  File "/home/msak1/ietf_meetingnotes_evaulation/Scripts_Audio/WER_assessment.py", line 55, in <module>
    main()
    ~~~~^^
  File "/home/msak1/ietf_meetingnotes_evaulation/Scripts_Audio/WER_assessment.py", line 19, in main
    hypothesis = load_text(args.hypothesis)
  File "/home/msak1/ietf_meetingnotes_evaulation/Scripts_Audio/WER_assessment.py", line 9, in load_text
    with open(file_path, "r") as f:
         ~~~~^^^^^^^^^^^^^^^^
FileNotFoundError: [Errno 2] No such file or directory: 'reproducibility_results/plenary_openmic/tiny/plenary_openmic.wav_whisper_run22.txt'
Running tiny, run 23
usage: whisper_transcription.py [-h] [--input INPUT] [--model MODEL]
                                [--output OUTPUT] [--language LANGUAGE]
                                [--glossary GLOSSARY]
whisper_transcription.py: error: unrecognized arguments:  
/var/spool/slurm/d/job1001614/slurm_script: line 26: --input: command not found
mv: cannot stat 'reproducibility_results/plenary_openmic/tiny/plenary_openmic.wav}_whisper.txt': No such file or directory
Traceback (most recent call last):
  File "/home/msak1/ietf_meetingnotes_evaulation/Scripts_Audio/WER_assessment.py", line 55, in <module>
    main()
    ~~~~^^
  File "/home/msak1/ietf_meetingnotes_evaulation/Scripts_Audio/WER_assessment.py", line 19, in main
    hypothesis = load_text(args.hypothesis)
  File "/home/msak1/ietf_meetingnotes_evaulation/Scripts_Audio/WER_assessment.py", line 9, in load_text
    with open(file_path, "r") as f:
         ~~~~^^^^^^^^^^^^^^^^
FileNotFoundError: [Errno 2] No such file or directory: 'reproducibility_results/plenary_openmic/tiny/plenary_openmic.wav_whisper_run23.txt'
Running tiny, run 24
usage: whisper_transcription.py [-h] [--input INPUT] [--model MODEL]
                                [--output OUTPUT] [--language LANGUAGE]
                                [--glossary GLOSSARY]
whisper_transcription.py: error: unrecognized arguments:  
/var/spool/slurm/d/job1001614/slurm_script: line 26: --input: command not found
mv: cannot stat 'reproducibility_results/plenary_openmic/tiny/plenary_openmic.wav}_whisper.txt': No such file or directory
Traceback (most recent call last):
  File "/home/msak1/ietf_meetingnotes_evaulation/Scripts_Audio/WER_assessment.py", line 55, in <module>
    main()
    ~~~~^^
  File "/home/msak1/ietf_meetingnotes_evaulation/Scripts_Audio/WER_assessment.py", line 19, in main
    hypothesis = load_text(args.hypothesis)
  File "/home/msak1/ietf_meetingnotes_evaulation/Scripts_Audio/WER_assessment.py", line 9, in load_text
    with open(file_path, "r") as f:
         ~~~~^^^^^^^^^^^^^^^^
FileNotFoundError: [Errno 2] No such file or directory: 'reproducibility_results/plenary_openmic/tiny/plenary_openmic.wav_whisper_run24.txt'
Running tiny, run 25
usage: whisper_transcription.py [-h] [--input INPUT] [--model MODEL]
                                [--output OUTPUT] [--language LANGUAGE]
                                [--glossary GLOSSARY]
whisper_transcription.py: error: unrecognized arguments:  
/var/spool/slurm/d/job1001614/slurm_script: line 26: --input: command not found
mv: cannot stat 'reproducibility_results/plenary_openmic/tiny/plenary_openmic.wav}_whisper.txt': No such file or directory
Traceback (most recent call last):
  File "/home/msak1/ietf_meetingnotes_evaulation/Scripts_Audio/WER_assessment.py", line 55, in <module>
    main()
    ~~~~^^
  File "/home/msak1/ietf_meetingnotes_evaulation/Scripts_Audio/WER_assessment.py", line 19, in main
    hypothesis = load_text(args.hypothesis)
  File "/home/msak1/ietf_meetingnotes_evaulation/Scripts_Audio/WER_assessment.py", line 9, in load_text
    with open(file_path, "r") as f:
         ~~~~^^^^^^^^^^^^^^^^
FileNotFoundError: [Errno 2] No such file or directory: 'reproducibility_results/plenary_openmic/tiny/plenary_openmic.wav_whisper_run25.txt'
Running tiny.en, run 01
usage: whisper_transcription.py [-h] [--input INPUT] [--model MODEL]
                                [--output OUTPUT] [--language LANGUAGE]
                                [--glossary GLOSSARY]
whisper_transcription.py: error: unrecognized arguments:  
/var/spool/slurm/d/job1001614/slurm_script: line 26: --input: command not found
mv: cannot stat 'reproducibility_results/plenary_openmic/tiny.en/plenary_openmic.wav}_whisper.txt': No such file or directory
Traceback (most recent call last):
  File "/home/msak1/ietf_meetingnotes_evaulation/Scripts_Audio/WER_assessment.py", line 55, in <module>
    main()
    ~~~~^^
  File "/home/msak1/ietf_meetingnotes_evaulation/Scripts_Audio/WER_assessment.py", line 19, in main
    hypothesis = load_text(args.hypothesis)
  File "/home/msak1/ietf_meetingnotes_evaulation/Scripts_Audio/WER_assessment.py", line 9, in load_text
    with open(file_path, "r") as f:
         ~~~~^^^^^^^^^^^^^^^^
FileNotFoundError: [Errno 2] No such file or directory: 'reproducibility_results/plenary_openmic/tiny.en/plenary_openmic.wav_whisper_run01.txt'
Running tiny.en, run 02
usage: whisper_transcription.py [-h] [--input INPUT] [--model MODEL]
                                [--output OUTPUT] [--language LANGUAGE]
                                [--glossary GLOSSARY]
whisper_transcription.py: error: unrecognized arguments:  
/var/spool/slurm/d/job1001614/slurm_script: line 26: --input: command not found
mv: cannot stat 'reproducibility_results/plenary_openmic/tiny.en/plenary_openmic.wav}_whisper.txt': No such file or directory
Traceback (most recent call last):
  File "/home/msak1/ietf_meetingnotes_evaulation/Scripts_Audio/WER_assessment.py", line 55, in <module>
    main()
    ~~~~^^
  File "/home/msak1/ietf_meetingnotes_evaulation/Scripts_Audio/WER_assessment.py", line 19, in main
    hypothesis = load_text(args.hypothesis)
  File "/home/msak1/ietf_meetingnotes_evaulation/Scripts_Audio/WER_assessment.py", line 9, in load_text
    with open(file_path, "r") as f:
         ~~~~^^^^^^^^^^^^^^^^
FileNotFoundError: [Errno 2] No such file or directory: 'reproducibility_results/plenary_openmic/tiny.en/plenary_openmic.wav_whisper_run02.txt'
Running tiny.en, run 03
usage: whisper_transcription.py [-h] [--input INPUT] [--model MODEL]
                                [--output OUTPUT] [--language LANGUAGE]
                                [--glossary GLOSSARY]
whisper_transcription.py: error: unrecognized arguments:  
/var/spool/slurm/d/job1001614/slurm_script: line 26: --input: command not found
mv: cannot stat 'reproducibility_results/plenary_openmic/tiny.en/plenary_openmic.wav}_whisper.txt': No such file or directory
Traceback (most recent call last):
  File "/home/msak1/ietf_meetingnotes_evaulation/Scripts_Audio/WER_assessment.py", line 55, in <module>
    main()
    ~~~~^^
  File "/home/msak1/ietf_meetingnotes_evaulation/Scripts_Audio/WER_assessment.py", line 19, in main
    hypothesis = load_text(args.hypothesis)
  File "/home/msak1/ietf_meetingnotes_evaulation/Scripts_Audio/WER_assessment.py", line 9, in load_text
    with open(file_path, "r") as f:
         ~~~~^^^^^^^^^^^^^^^^
FileNotFoundError: [Errno 2] No such file or directory: 'reproducibility_results/plenary_openmic/tiny.en/plenary_openmic.wav_whisper_run03.txt'
Running tiny.en, run 04
usage: whisper_transcription.py [-h] [--input INPUT] [--model MODEL]
                                [--output OUTPUT] [--language LANGUAGE]
                                [--glossary GLOSSARY]
whisper_transcription.py: error: unrecognized arguments:  
/var/spool/slurm/d/job1001614/slurm_script: line 26: --input: command not found
mv: cannot stat 'reproducibility_results/plenary_openmic/tiny.en/plenary_openmic.wav}_whisper.txt': No such file or directory
Traceback (most recent call last):
  File "/home/msak1/ietf_meetingnotes_evaulation/Scripts_Audio/WER_assessment.py", line 55, in <module>
    main()
    ~~~~^^
  File "/home/msak1/ietf_meetingnotes_evaulation/Scripts_Audio/WER_assessment.py", line 19, in main
    hypothesis = load_text(args.hypothesis)
  File "/home/msak1/ietf_meetingnotes_evaulation/Scripts_Audio/WER_assessment.py", line 9, in load_text
    with open(file_path, "r") as f:
         ~~~~^^^^^^^^^^^^^^^^
FileNotFoundError: [Errno 2] No such file or directory: 'reproducibility_results/plenary_openmic/tiny.en/plenary_openmic.wav_whisper_run04.txt'
Running tiny.en, run 05
usage: whisper_transcription.py [-h] [--input INPUT] [--model MODEL]
                                [--output OUTPUT] [--language LANGUAGE]
                                [--glossary GLOSSARY]
whisper_transcription.py: error: unrecognized arguments:  
/var/spool/slurm/d/job1001614/slurm_script: line 26: --input: command not found
mv: cannot stat 'reproducibility_results/plenary_openmic/tiny.en/plenary_openmic.wav}_whisper.txt': No such file or directory
Traceback (most recent call last):
  File "/home/msak1/ietf_meetingnotes_evaulation/Scripts_Audio/WER_assessment.py", line 55, in <module>
    main()
    ~~~~^^
  File "/home/msak1/ietf_meetingnotes_evaulation/Scripts_Audio/WER_assessment.py", line 19, in main
    hypothesis = load_text(args.hypothesis)
  File "/home/msak1/ietf_meetingnotes_evaulation/Scripts_Audio/WER_assessment.py", line 9, in load_text
    with open(file_path, "r") as f:
         ~~~~^^^^^^^^^^^^^^^^
FileNotFoundError: [Errno 2] No such file or directory: 'reproducibility_results/plenary_openmic/tiny.en/plenary_openmic.wav_whisper_run05.txt'
Running tiny.en, run 06
usage: whisper_transcription.py [-h] [--input INPUT] [--model MODEL]
                                [--output OUTPUT] [--language LANGUAGE]
                                [--glossary GLOSSARY]
whisper_transcription.py: error: unrecognized arguments:  
/var/spool/slurm/d/job1001614/slurm_script: line 26: --input: command not found
mv: cannot stat 'reproducibility_results/plenary_openmic/tiny.en/plenary_openmic.wav}_whisper.txt': No such file or directory
Traceback (most recent call last):
  File "/home/msak1/ietf_meetingnotes_evaulation/Scripts_Audio/WER_assessment.py", line 55, in <module>
    main()
    ~~~~^^
  File "/home/msak1/ietf_meetingnotes_evaulation/Scripts_Audio/WER_assessment.py", line 19, in main
    hypothesis = load_text(args.hypothesis)
  File "/home/msak1/ietf_meetingnotes_evaulation/Scripts_Audio/WER_assessment.py", line 9, in load_text
    with open(file_path, "r") as f:
         ~~~~^^^^^^^^^^^^^^^^
FileNotFoundError: [Errno 2] No such file or directory: 'reproducibility_results/plenary_openmic/tiny.en/plenary_openmic.wav_whisper_run06.txt'
Running tiny.en, run 07
usage: whisper_transcription.py [-h] [--input INPUT] [--model MODEL]
                                [--output OUTPUT] [--language LANGUAGE]
                                [--glossary GLOSSARY]
whisper_transcription.py: error: unrecognized arguments:  
/var/spool/slurm/d/job1001614/slurm_script: line 26: --input: command not found
mv: cannot stat 'reproducibility_results/plenary_openmic/tiny.en/plenary_openmic.wav}_whisper.txt': No such file or directory
Traceback (most recent call last):
  File "/home/msak1/ietf_meetingnotes_evaulation/Scripts_Audio/WER_assessment.py", line 55, in <module>
    main()
    ~~~~^^
  File "/home/msak1/ietf_meetingnotes_evaulation/Scripts_Audio/WER_assessment.py", line 19, in main
    hypothesis = load_text(args.hypothesis)
  File "/home/msak1/ietf_meetingnotes_evaulation/Scripts_Audio/WER_assessment.py", line 9, in load_text
    with open(file_path, "r") as f:
         ~~~~^^^^^^^^^^^^^^^^
FileNotFoundError: [Errno 2] No such file or directory: 'reproducibility_results/plenary_openmic/tiny.en/plenary_openmic.wav_whisper_run07.txt'
Running tiny.en, run 08
usage: whisper_transcription.py [-h] [--input INPUT] [--model MODEL]
                                [--output OUTPUT] [--language LANGUAGE]
                                [--glossary GLOSSARY]
whisper_transcription.py: error: unrecognized arguments:  
/var/spool/slurm/d/job1001614/slurm_script: line 26: --input: command not found
mv: cannot stat 'reproducibility_results/plenary_openmic/tiny.en/plenary_openmic.wav}_whisper.txt': No such file or directory
Traceback (most recent call last):
  File "/home/msak1/ietf_meetingnotes_evaulation/Scripts_Audio/WER_assessment.py", line 55, in <module>
    main()
    ~~~~^^
  File "/home/msak1/ietf_meetingnotes_evaulation/Scripts_Audio/WER_assessment.py", line 19, in main
    hypothesis = load_text(args.hypothesis)
  File "/home/msak1/ietf_meetingnotes_evaulation/Scripts_Audio/WER_assessment.py", line 9, in load_text
    with open(file_path, "r") as f:
         ~~~~^^^^^^^^^^^^^^^^
FileNotFoundError: [Errno 2] No such file or directory: 'reproducibility_results/plenary_openmic/tiny.en/plenary_openmic.wav_whisper_run08.txt'
Running tiny.en, run 09
usage: whisper_transcription.py [-h] [--input INPUT] [--model MODEL]
                                [--output OUTPUT] [--language LANGUAGE]
                                [--glossary GLOSSARY]
whisper_transcription.py: error: unrecognized arguments:  
/var/spool/slurm/d/job1001614/slurm_script: line 26: --input: command not found
mv: cannot stat 'reproducibility_results/plenary_openmic/tiny.en/plenary_openmic.wav}_whisper.txt': No such file or directory
Traceback (most recent call last):
  File "/home/msak1/ietf_meetingnotes_evaulation/Scripts_Audio/WER_assessment.py", line 55, in <module>
    main()
    ~~~~^^
  File "/home/msak1/ietf_meetingnotes_evaulation/Scripts_Audio/WER_assessment.py", line 19, in main
    hypothesis = load_text(args.hypothesis)
  File "/home/msak1/ietf_meetingnotes_evaulation/Scripts_Audio/WER_assessment.py", line 9, in load_text
    with open(file_path, "r") as f:
         ~~~~^^^^^^^^^^^^^^^^
FileNotFoundError: [Errno 2] No such file or directory: 'reproducibility_results/plenary_openmic/tiny.en/plenary_openmic.wav_whisper_run09.txt'
Running tiny.en, run 10
usage: whisper_transcription.py [-h] [--input INPUT] [--model MODEL]
                                [--output OUTPUT] [--language LANGUAGE]
                                [--glossary GLOSSARY]
whisper_transcription.py: error: unrecognized arguments:  
/var/spool/slurm/d/job1001614/slurm_script: line 26: --input: command not found
mv: cannot stat 'reproducibility_results/plenary_openmic/tiny.en/plenary_openmic.wav}_whisper.txt': No such file or directory
Traceback (most recent call last):
  File "/home/msak1/ietf_meetingnotes_evaulation/Scripts_Audio/WER_assessment.py", line 55, in <module>
    main()
    ~~~~^^
  File "/home/msak1/ietf_meetingnotes_evaulation/Scripts_Audio/WER_assessment.py", line 19, in main
    hypothesis = load_text(args.hypothesis)
  File "/home/msak1/ietf_meetingnotes_evaulation/Scripts_Audio/WER_assessment.py", line 9, in load_text
    with open(file_path, "r") as f:
         ~~~~^^^^^^^^^^^^^^^^
FileNotFoundError: [Errno 2] No such file or directory: 'reproducibility_results/plenary_openmic/tiny.en/plenary_openmic.wav_whisper_run10.txt'
Running tiny.en, run 11
usage: whisper_transcription.py [-h] [--input INPUT] [--model MODEL]
                                [--output OUTPUT] [--language LANGUAGE]
                                [--glossary GLOSSARY]
whisper_transcription.py: error: unrecognized arguments:  
/var/spool/slurm/d/job1001614/slurm_script: line 26: --input: command not found
mv: cannot stat 'reproducibility_results/plenary_openmic/tiny.en/plenary_openmic.wav}_whisper.txt': No such file or directory
Traceback (most recent call last):
  File "/home/msak1/ietf_meetingnotes_evaulation/Scripts_Audio/WER_assessment.py", line 55, in <module>
    main()
    ~~~~^^
  File "/home/msak1/ietf_meetingnotes_evaulation/Scripts_Audio/WER_assessment.py", line 19, in main
    hypothesis = load_text(args.hypothesis)
  File "/home/msak1/ietf_meetingnotes_evaulation/Scripts_Audio/WER_assessment.py", line 9, in load_text
    with open(file_path, "r") as f:
         ~~~~^^^^^^^^^^^^^^^^
FileNotFoundError: [Errno 2] No such file or directory: 'reproducibility_results/plenary_openmic/tiny.en/plenary_openmic.wav_whisper_run11.txt'
Running tiny.en, run 12
usage: whisper_transcription.py [-h] [--input INPUT] [--model MODEL]
                                [--output OUTPUT] [--language LANGUAGE]
                                [--glossary GLOSSARY]
whisper_transcription.py: error: unrecognized arguments:  
/var/spool/slurm/d/job1001614/slurm_script: line 26: --input: command not found
mv: cannot stat 'reproducibility_results/plenary_openmic/tiny.en/plenary_openmic.wav}_whisper.txt': No such file or directory
Traceback (most recent call last):
  File "/home/msak1/ietf_meetingnotes_evaulation/Scripts_Audio/WER_assessment.py", line 55, in <module>
    main()
    ~~~~^^
  File "/home/msak1/ietf_meetingnotes_evaulation/Scripts_Audio/WER_assessment.py", line 19, in main
    hypothesis = load_text(args.hypothesis)
  File "/home/msak1/ietf_meetingnotes_evaulation/Scripts_Audio/WER_assessment.py", line 9, in load_text
    with open(file_path, "r") as f:
         ~~~~^^^^^^^^^^^^^^^^
FileNotFoundError: [Errno 2] No such file or directory: 'reproducibility_results/plenary_openmic/tiny.en/plenary_openmic.wav_whisper_run12.txt'
Running tiny.en, run 13
usage: whisper_transcription.py [-h] [--input INPUT] [--model MODEL]
                                [--output OUTPUT] [--language LANGUAGE]
                                [--glossary GLOSSARY]
whisper_transcription.py: error: unrecognized arguments:  
/var/spool/slurm/d/job1001614/slurm_script: line 26: --input: command not found
mv: cannot stat 'reproducibility_results/plenary_openmic/tiny.en/plenary_openmic.wav}_whisper.txt': No such file or directory
Traceback (most recent call last):
  File "/home/msak1/ietf_meetingnotes_evaulation/Scripts_Audio/WER_assessment.py", line 55, in <module>
    main()
    ~~~~^^
  File "/home/msak1/ietf_meetingnotes_evaulation/Scripts_Audio/WER_assessment.py", line 19, in main
    hypothesis = load_text(args.hypothesis)
  File "/home/msak1/ietf_meetingnotes_evaulation/Scripts_Audio/WER_assessment.py", line 9, in load_text
    with open(file_path, "r") as f:
         ~~~~^^^^^^^^^^^^^^^^
FileNotFoundError: [Errno 2] No such file or directory: 'reproducibility_results/plenary_openmic/tiny.en/plenary_openmic.wav_whisper_run13.txt'
Running tiny.en, run 14
usage: whisper_transcription.py [-h] [--input INPUT] [--model MODEL]
                                [--output OUTPUT] [--language LANGUAGE]
                                [--glossary GLOSSARY]
whisper_transcription.py: error: unrecognized arguments:  
/var/spool/slurm/d/job1001614/slurm_script: line 26: --input: command not found
mv: cannot stat 'reproducibility_results/plenary_openmic/tiny.en/plenary_openmic.wav}_whisper.txt': No such file or directory
Traceback (most recent call last):
  File "/home/msak1/ietf_meetingnotes_evaulation/Scripts_Audio/WER_assessment.py", line 55, in <module>
    main()
    ~~~~^^
  File "/home/msak1/ietf_meetingnotes_evaulation/Scripts_Audio/WER_assessment.py", line 19, in main
    hypothesis = load_text(args.hypothesis)
  File "/home/msak1/ietf_meetingnotes_evaulation/Scripts_Audio/WER_assessment.py", line 9, in load_text
    with open(file_path, "r") as f:
         ~~~~^^^^^^^^^^^^^^^^
FileNotFoundError: [Errno 2] No such file or directory: 'reproducibility_results/plenary_openmic/tiny.en/plenary_openmic.wav_whisper_run14.txt'
Running tiny.en, run 15
usage: whisper_transcription.py [-h] [--input INPUT] [--model MODEL]
                                [--output OUTPUT] [--language LANGUAGE]
                                [--glossary GLOSSARY]
whisper_transcription.py: error: unrecognized arguments:  
/var/spool/slurm/d/job1001614/slurm_script: line 26: --input: command not found
mv: cannot stat 'reproducibility_results/plenary_openmic/tiny.en/plenary_openmic.wav}_whisper.txt': No such file or directory
Traceback (most recent call last):
  File "/home/msak1/ietf_meetingnotes_evaulation/Scripts_Audio/WER_assessment.py", line 55, in <module>
    main()
    ~~~~^^
  File "/home/msak1/ietf_meetingnotes_evaulation/Scripts_Audio/WER_assessment.py", line 19, in main
    hypothesis = load_text(args.hypothesis)
  File "/home/msak1/ietf_meetingnotes_evaulation/Scripts_Audio/WER_assessment.py", line 9, in load_text
    with open(file_path, "r") as f:
         ~~~~^^^^^^^^^^^^^^^^
FileNotFoundError: [Errno 2] No such file or directory: 'reproducibility_results/plenary_openmic/tiny.en/plenary_openmic.wav_whisper_run15.txt'
Running tiny.en, run 16
usage: whisper_transcription.py [-h] [--input INPUT] [--model MODEL]
                                [--output OUTPUT] [--language LANGUAGE]
                                [--glossary GLOSSARY]
whisper_transcription.py: error: unrecognized arguments:  
/var/spool/slurm/d/job1001614/slurm_script: line 26: --input: command not found
mv: cannot stat 'reproducibility_results/plenary_openmic/tiny.en/plenary_openmic.wav}_whisper.txt': No such file or directory
Traceback (most recent call last):
  File "/home/msak1/ietf_meetingnotes_evaulation/Scripts_Audio/WER_assessment.py", line 55, in <module>
    main()
    ~~~~^^
  File "/home/msak1/ietf_meetingnotes_evaulation/Scripts_Audio/WER_assessment.py", line 19, in main
    hypothesis = load_text(args.hypothesis)
  File "/home/msak1/ietf_meetingnotes_evaulation/Scripts_Audio/WER_assessment.py", line 9, in load_text
    with open(file_path, "r") as f:
         ~~~~^^^^^^^^^^^^^^^^
FileNotFoundError: [Errno 2] No such file or directory: 'reproducibility_results/plenary_openmic/tiny.en/plenary_openmic.wav_whisper_run16.txt'
Running tiny.en, run 17
usage: whisper_transcription.py [-h] [--input INPUT] [--model MODEL]
                                [--output OUTPUT] [--language LANGUAGE]
                                [--glossary GLOSSARY]
whisper_transcription.py: error: unrecognized arguments:  
/var/spool/slurm/d/job1001614/slurm_script: line 26: --input: command not found
mv: cannot stat 'reproducibility_results/plenary_openmic/tiny.en/plenary_openmic.wav}_whisper.txt': No such file or directory
Traceback (most recent call last):
  File "/home/msak1/ietf_meetingnotes_evaulation/Scripts_Audio/WER_assessment.py", line 55, in <module>
    main()
    ~~~~^^
  File "/home/msak1/ietf_meetingnotes_evaulation/Scripts_Audio/WER_assessment.py", line 19, in main
    hypothesis = load_text(args.hypothesis)
  File "/home/msak1/ietf_meetingnotes_evaulation/Scripts_Audio/WER_assessment.py", line 9, in load_text
    with open(file_path, "r") as f:
         ~~~~^^^^^^^^^^^^^^^^
FileNotFoundError: [Errno 2] No such file or directory: 'reproducibility_results/plenary_openmic/tiny.en/plenary_openmic.wav_whisper_run17.txt'
Running tiny.en, run 18
usage: whisper_transcription.py [-h] [--input INPUT] [--model MODEL]
                                [--output OUTPUT] [--language LANGUAGE]
                                [--glossary GLOSSARY]
whisper_transcription.py: error: unrecognized arguments:  
/var/spool/slurm/d/job1001614/slurm_script: line 26: --input: command not found
mv: cannot stat 'reproducibility_results/plenary_openmic/tiny.en/plenary_openmic.wav}_whisper.txt': No such file or directory
Traceback (most recent call last):
  File "/home/msak1/ietf_meetingnotes_evaulation/Scripts_Audio/WER_assessment.py", line 55, in <module>
    main()
    ~~~~^^
  File "/home/msak1/ietf_meetingnotes_evaulation/Scripts_Audio/WER_assessment.py", line 19, in main
    hypothesis = load_text(args.hypothesis)
  File "/home/msak1/ietf_meetingnotes_evaulation/Scripts_Audio/WER_assessment.py", line 9, in load_text
    with open(file_path, "r") as f:
         ~~~~^^^^^^^^^^^^^^^^
FileNotFoundError: [Errno 2] No such file or directory: 'reproducibility_results/plenary_openmic/tiny.en/plenary_openmic.wav_whisper_run18.txt'
Running tiny.en, run 19
usage: whisper_transcription.py [-h] [--input INPUT] [--model MODEL]
                                [--output OUTPUT] [--language LANGUAGE]
                                [--glossary GLOSSARY]
whisper_transcription.py: error: unrecognized arguments:  
/var/spool/slurm/d/job1001614/slurm_script: line 26: --input: command not found
mv: cannot stat 'reproducibility_results/plenary_openmic/tiny.en/plenary_openmic.wav}_whisper.txt': No such file or directory
Traceback (most recent call last):
  File "/home/msak1/ietf_meetingnotes_evaulation/Scripts_Audio/WER_assessment.py", line 55, in <module>
    main()
    ~~~~^^
  File "/home/msak1/ietf_meetingnotes_evaulation/Scripts_Audio/WER_assessment.py", line 19, in main
    hypothesis = load_text(args.hypothesis)
  File "/home/msak1/ietf_meetingnotes_evaulation/Scripts_Audio/WER_assessment.py", line 9, in load_text
    with open(file_path, "r") as f:
         ~~~~^^^^^^^^^^^^^^^^
FileNotFoundError: [Errno 2] No such file or directory: 'reproducibility_results/plenary_openmic/tiny.en/plenary_openmic.wav_whisper_run19.txt'
Running tiny.en, run 20
usage: whisper_transcription.py [-h] [--input INPUT] [--model MODEL]
                                [--output OUTPUT] [--language LANGUAGE]
                                [--glossary GLOSSARY]
whisper_transcription.py: error: unrecognized arguments:  
/var/spool/slurm/d/job1001614/slurm_script: line 26: --input: command not found
mv: cannot stat 'reproducibility_results/plenary_openmic/tiny.en/plenary_openmic.wav}_whisper.txt': No such file or directory
Traceback (most recent call last):
  File "/home/msak1/ietf_meetingnotes_evaulation/Scripts_Audio/WER_assessment.py", line 55, in <module>
    main()
    ~~~~^^
  File "/home/msak1/ietf_meetingnotes_evaulation/Scripts_Audio/WER_assessment.py", line 19, in main
    hypothesis = load_text(args.hypothesis)
  File "/home/msak1/ietf_meetingnotes_evaulation/Scripts_Audio/WER_assessment.py", line 9, in load_text
    with open(file_path, "r") as f:
         ~~~~^^^^^^^^^^^^^^^^
FileNotFoundError: [Errno 2] No such file or directory: 'reproducibility_results/plenary_openmic/tiny.en/plenary_openmic.wav_whisper_run20.txt'
Running tiny.en, run 21
usage: whisper_transcription.py [-h] [--input INPUT] [--model MODEL]
                                [--output OUTPUT] [--language LANGUAGE]
                                [--glossary GLOSSARY]
whisper_transcription.py: error: unrecognized arguments:  
/var/spool/slurm/d/job1001614/slurm_script: line 26: --input: command not found
mv: cannot stat 'reproducibility_results/plenary_openmic/tiny.en/plenary_openmic.wav}_whisper.txt': No such file or directory
Traceback (most recent call last):
  File "/home/msak1/ietf_meetingnotes_evaulation/Scripts_Audio/WER_assessment.py", line 55, in <module>
    main()
    ~~~~^^
  File "/home/msak1/ietf_meetingnotes_evaulation/Scripts_Audio/WER_assessment.py", line 19, in main
    hypothesis = load_text(args.hypothesis)
  File "/home/msak1/ietf_meetingnotes_evaulation/Scripts_Audio/WER_assessment.py", line 9, in load_text
    with open(file_path, "r") as f:
         ~~~~^^^^^^^^^^^^^^^^
FileNotFoundError: [Errno 2] No such file or directory: 'reproducibility_results/plenary_openmic/tiny.en/plenary_openmic.wav_whisper_run21.txt'
Running tiny.en, run 22
usage: whisper_transcription.py [-h] [--input INPUT] [--model MODEL]
                                [--output OUTPUT] [--language LANGUAGE]
                                [--glossary GLOSSARY]
whisper_transcription.py: error: unrecognized arguments:  
/var/spool/slurm/d/job1001614/slurm_script: line 26: --input: command not found
mv: cannot stat 'reproducibility_results/plenary_openmic/tiny.en/plenary_openmic.wav}_whisper.txt': No such file or directory
Traceback (most recent call last):
  File "/home/msak1/ietf_meetingnotes_evaulation/Scripts_Audio/WER_assessment.py", line 55, in <module>
    main()
    ~~~~^^
  File "/home/msak1/ietf_meetingnotes_evaulation/Scripts_Audio/WER_assessment.py", line 19, in main
    hypothesis = load_text(args.hypothesis)
  File "/home/msak1/ietf_meetingnotes_evaulation/Scripts_Audio/WER_assessment.py", line 9, in load_text
    with open(file_path, "r") as f:
         ~~~~^^^^^^^^^^^^^^^^
FileNotFoundError: [Errno 2] No such file or directory: 'reproducibility_results/plenary_openmic/tiny.en/plenary_openmic.wav_whisper_run22.txt'
Running tiny.en, run 23
usage: whisper_transcription.py [-h] [--input INPUT] [--model MODEL]
                                [--output OUTPUT] [--language LANGUAGE]
                                [--glossary GLOSSARY]
whisper_transcription.py: error: unrecognized arguments:  
/var/spool/slurm/d/job1001614/slurm_script: line 26: --input: command not found
mv: cannot stat 'reproducibility_results/plenary_openmic/tiny.en/plenary_openmic.wav}_whisper.txt': No such file or directory
Traceback (most recent call last):
  File "/home/msak1/ietf_meetingnotes_evaulation/Scripts_Audio/WER_assessment.py", line 55, in <module>
    main()
    ~~~~^^
  File "/home/msak1/ietf_meetingnotes_evaulation/Scripts_Audio/WER_assessment.py", line 19, in main
    hypothesis = load_text(args.hypothesis)
  File "/home/msak1/ietf_meetingnotes_evaulation/Scripts_Audio/WER_assessment.py", line 9, in load_text
    with open(file_path, "r") as f:
         ~~~~^^^^^^^^^^^^^^^^
FileNotFoundError: [Errno 2] No such file or directory: 'reproducibility_results/plenary_openmic/tiny.en/plenary_openmic.wav_whisper_run23.txt'
Running tiny.en, run 24
usage: whisper_transcription.py [-h] [--input INPUT] [--model MODEL]
                                [--output OUTPUT] [--language LANGUAGE]
                                [--glossary GLOSSARY]
whisper_transcription.py: error: unrecognized arguments:  
/var/spool/slurm/d/job1001614/slurm_script: line 26: --input: command not found
mv: cannot stat 'reproducibility_results/plenary_openmic/tiny.en/plenary_openmic.wav}_whisper.txt': No such file or directory
Traceback (most recent call last):
  File "/home/msak1/ietf_meetingnotes_evaulation/Scripts_Audio/WER_assessment.py", line 55, in <module>
    main()
    ~~~~^^
  File "/home/msak1/ietf_meetingnotes_evaulation/Scripts_Audio/WER_assessment.py", line 19, in main
    hypothesis = load_text(args.hypothesis)
  File "/home/msak1/ietf_meetingnotes_evaulation/Scripts_Audio/WER_assessment.py", line 9, in load_text
    with open(file_path, "r") as f:
         ~~~~^^^^^^^^^^^^^^^^
FileNotFoundError: [Errno 2] No such file or directory: 'reproducibility_results/plenary_openmic/tiny.en/plenary_openmic.wav_whisper_run24.txt'
Running tiny.en, run 25
usage: whisper_transcription.py [-h] [--input INPUT] [--model MODEL]
                                [--output OUTPUT] [--language LANGUAGE]
                                [--glossary GLOSSARY]
whisper_transcription.py: error: unrecognized arguments:  
/var/spool/slurm/d/job1001614/slurm_script: line 26: --input: command not found
mv: cannot stat 'reproducibility_results/plenary_openmic/tiny.en/plenary_openmic.wav}_whisper.txt': No such file or directory
Traceback (most recent call last):
  File "/home/msak1/ietf_meetingnotes_evaulation/Scripts_Audio/WER_assessment.py", line 55, in <module>
    main()
    ~~~~^^
  File "/home/msak1/ietf_meetingnotes_evaulation/Scripts_Audio/WER_assessment.py", line 19, in main
    hypothesis = load_text(args.hypothesis)
  File "/home/msak1/ietf_meetingnotes_evaulation/Scripts_Audio/WER_assessment.py", line 9, in load_text
    with open(file_path, "r") as f:
         ~~~~^^^^^^^^^^^^^^^^
FileNotFoundError: [Errno 2] No such file or directory: 'reproducibility_results/plenary_openmic/tiny.en/plenary_openmic.wav_whisper_run25.txt'
Running base, run 01
usage: whisper_transcription.py [-h] [--input INPUT] [--model MODEL]
                                [--output OUTPUT] [--language LANGUAGE]
                                [--glossary GLOSSARY]
whisper_transcription.py: error: unrecognized arguments:  
/var/spool/slurm/d/job1001614/slurm_script: line 26: --input: command not found
mv: cannot stat 'reproducibility_results/plenary_openmic/base/plenary_openmic.wav}_whisper.txt': No such file or directory
Traceback (most recent call last):
  File "/home/msak1/ietf_meetingnotes_evaulation/Scripts_Audio/WER_assessment.py", line 55, in <module>
    main()
    ~~~~^^
  File "/home/msak1/ietf_meetingnotes_evaulation/Scripts_Audio/WER_assessment.py", line 19, in main
    hypothesis = load_text(args.hypothesis)
  File "/home/msak1/ietf_meetingnotes_evaulation/Scripts_Audio/WER_assessment.py", line 9, in load_text
    with open(file_path, "r") as f:
         ~~~~^^^^^^^^^^^^^^^^
FileNotFoundError: [Errno 2] No such file or directory: 'reproducibility_results/plenary_openmic/base/plenary_openmic.wav_whisper_run01.txt'
Running base, run 02
usage: whisper_transcription.py [-h] [--input INPUT] [--model MODEL]
                                [--output OUTPUT] [--language LANGUAGE]
                                [--glossary GLOSSARY]
whisper_transcription.py: error: unrecognized arguments:  
/var/spool/slurm/d/job1001614/slurm_script: line 26: --input: command not found
mv: cannot stat 'reproducibility_results/plenary_openmic/base/plenary_openmic.wav}_whisper.txt': No such file or directory
Traceback (most recent call last):
  File "/home/msak1/ietf_meetingnotes_evaulation/Scripts_Audio/WER_assessment.py", line 55, in <module>
    main()
    ~~~~^^
  File "/home/msak1/ietf_meetingnotes_evaulation/Scripts_Audio/WER_assessment.py", line 19, in main
    hypothesis = load_text(args.hypothesis)
  File "/home/msak1/ietf_meetingnotes_evaulation/Scripts_Audio/WER_assessment.py", line 9, in load_text
    with open(file_path, "r") as f:
         ~~~~^^^^^^^^^^^^^^^^
FileNotFoundError: [Errno 2] No such file or directory: 'reproducibility_results/plenary_openmic/base/plenary_openmic.wav_whisper_run02.txt'
Running base, run 03
usage: whisper_transcription.py [-h] [--input INPUT] [--model MODEL]
                                [--output OUTPUT] [--language LANGUAGE]
                                [--glossary GLOSSARY]
whisper_transcription.py: error: unrecognized arguments:  
/var/spool/slurm/d/job1001614/slurm_script: line 26: --input: command not found
mv: cannot stat 'reproducibility_results/plenary_openmic/base/plenary_openmic.wav}_whisper.txt': No such file or directory
Traceback (most recent call last):
  File "/home/msak1/ietf_meetingnotes_evaulation/Scripts_Audio/WER_assessment.py", line 55, in <module>
    main()
    ~~~~^^
  File "/home/msak1/ietf_meetingnotes_evaulation/Scripts_Audio/WER_assessment.py", line 19, in main
    hypothesis = load_text(args.hypothesis)
  File "/home/msak1/ietf_meetingnotes_evaulation/Scripts_Audio/WER_assessment.py", line 9, in load_text
    with open(file_path, "r") as f:
         ~~~~^^^^^^^^^^^^^^^^
FileNotFoundError: [Errno 2] No such file or directory: 'reproducibility_results/plenary_openmic/base/plenary_openmic.wav_whisper_run03.txt'
Running base, run 04
usage: whisper_transcription.py [-h] [--input INPUT] [--model MODEL]
                                [--output OUTPUT] [--language LANGUAGE]
                                [--glossary GLOSSARY]
whisper_transcription.py: error: unrecognized arguments:  
/var/spool/slurm/d/job1001614/slurm_script: line 26: --input: command not found
mv: cannot stat 'reproducibility_results/plenary_openmic/base/plenary_openmic.wav}_whisper.txt': No such file or directory
Traceback (most recent call last):
  File "/home/msak1/ietf_meetingnotes_evaulation/Scripts_Audio/WER_assessment.py", line 55, in <module>
    main()
    ~~~~^^
  File "/home/msak1/ietf_meetingnotes_evaulation/Scripts_Audio/WER_assessment.py", line 19, in main
    hypothesis = load_text(args.hypothesis)
  File "/home/msak1/ietf_meetingnotes_evaulation/Scripts_Audio/WER_assessment.py", line 9, in load_text
    with open(file_path, "r") as f:
         ~~~~^^^^^^^^^^^^^^^^
FileNotFoundError: [Errno 2] No such file or directory: 'reproducibility_results/plenary_openmic/base/plenary_openmic.wav_whisper_run04.txt'
Running base, run 05
usage: whisper_transcription.py [-h] [--input INPUT] [--model MODEL]
                                [--output OUTPUT] [--language LANGUAGE]
                                [--glossary GLOSSARY]
whisper_transcription.py: error: unrecognized arguments:  
/var/spool/slurm/d/job1001614/slurm_script: line 26: --input: command not found
mv: cannot stat 'reproducibility_results/plenary_openmic/base/plenary_openmic.wav}_whisper.txt': No such file or directory
Traceback (most recent call last):
  File "/home/msak1/ietf_meetingnotes_evaulation/Scripts_Audio/WER_assessment.py", line 55, in <module>
    main()
    ~~~~^^
  File "/home/msak1/ietf_meetingnotes_evaulation/Scripts_Audio/WER_assessment.py", line 19, in main
    hypothesis = load_text(args.hypothesis)
  File "/home/msak1/ietf_meetingnotes_evaulation/Scripts_Audio/WER_assessment.py", line 9, in load_text
    with open(file_path, "r") as f:
         ~~~~^^^^^^^^^^^^^^^^
FileNotFoundError: [Errno 2] No such file or directory: 'reproducibility_results/plenary_openmic/base/plenary_openmic.wav_whisper_run05.txt'
Running base, run 06
usage: whisper_transcription.py [-h] [--input INPUT] [--model MODEL]
                                [--output OUTPUT] [--language LANGUAGE]
                                [--glossary GLOSSARY]
whisper_transcription.py: error: unrecognized arguments:  
/var/spool/slurm/d/job1001614/slurm_script: line 26: --input: command not found
mv: cannot stat 'reproducibility_results/plenary_openmic/base/plenary_openmic.wav}_whisper.txt': No such file or directory
Traceback (most recent call last):
  File "/home/msak1/ietf_meetingnotes_evaulation/Scripts_Audio/WER_assessment.py", line 55, in <module>
    main()
    ~~~~^^
  File "/home/msak1/ietf_meetingnotes_evaulation/Scripts_Audio/WER_assessment.py", line 19, in main
    hypothesis = load_text(args.hypothesis)
  File "/home/msak1/ietf_meetingnotes_evaulation/Scripts_Audio/WER_assessment.py", line 9, in load_text
    with open(file_path, "r") as f:
         ~~~~^^^^^^^^^^^^^^^^
FileNotFoundError: [Errno 2] No such file or directory: 'reproducibility_results/plenary_openmic/base/plenary_openmic.wav_whisper_run06.txt'
Running base, run 07
usage: whisper_transcription.py [-h] [--input INPUT] [--model MODEL]
                                [--output OUTPUT] [--language LANGUAGE]
                                [--glossary GLOSSARY]
whisper_transcription.py: error: unrecognized arguments:  
/var/spool/slurm/d/job1001614/slurm_script: line 26: --input: command not found
mv: cannot stat 'reproducibility_results/plenary_openmic/base/plenary_openmic.wav}_whisper.txt': No such file or directory
Traceback (most recent call last):
  File "/home/msak1/ietf_meetingnotes_evaulation/Scripts_Audio/WER_assessment.py", line 55, in <module>
    main()
    ~~~~^^
  File "/home/msak1/ietf_meetingnotes_evaulation/Scripts_Audio/WER_assessment.py", line 19, in main
    hypothesis = load_text(args.hypothesis)
  File "/home/msak1/ietf_meetingnotes_evaulation/Scripts_Audio/WER_assessment.py", line 9, in load_text
    with open(file_path, "r") as f:
         ~~~~^^^^^^^^^^^^^^^^
FileNotFoundError: [Errno 2] No such file or directory: 'reproducibility_results/plenary_openmic/base/plenary_openmic.wav_whisper_run07.txt'
Running base, run 08
usage: whisper_transcription.py [-h] [--input INPUT] [--model MODEL]
                                [--output OUTPUT] [--language LANGUAGE]
                                [--glossary GLOSSARY]
whisper_transcription.py: error: unrecognized arguments:  
/var/spool/slurm/d/job1001614/slurm_script: line 26: --input: command not found
mv: cannot stat 'reproducibility_results/plenary_openmic/base/plenary_openmic.wav}_whisper.txt': No such file or directory
Traceback (most recent call last):
  File "/home/msak1/ietf_meetingnotes_evaulation/Scripts_Audio/WER_assessment.py", line 55, in <module>
    main()
    ~~~~^^
  File "/home/msak1/ietf_meetingnotes_evaulation/Scripts_Audio/WER_assessment.py", line 19, in main
    hypothesis = load_text(args.hypothesis)
  File "/home/msak1/ietf_meetingnotes_evaulation/Scripts_Audio/WER_assessment.py", line 9, in load_text
    with open(file_path, "r") as f:
         ~~~~^^^^^^^^^^^^^^^^
FileNotFoundError: [Errno 2] No such file or directory: 'reproducibility_results/plenary_openmic/base/plenary_openmic.wav_whisper_run08.txt'
Running base, run 09
usage: whisper_transcription.py [-h] [--input INPUT] [--model MODEL]
                                [--output OUTPUT] [--language LANGUAGE]
                                [--glossary GLOSSARY]
whisper_transcription.py: error: unrecognized arguments:  
/var/spool/slurm/d/job1001614/slurm_script: line 26: --input: command not found
mv: cannot stat 'reproducibility_results/plenary_openmic/base/plenary_openmic.wav}_whisper.txt': No such file or directory
Traceback (most recent call last):
  File "/home/msak1/ietf_meetingnotes_evaulation/Scripts_Audio/WER_assessment.py", line 55, in <module>
    main()
    ~~~~^^
  File "/home/msak1/ietf_meetingnotes_evaulation/Scripts_Audio/WER_assessment.py", line 19, in main
    hypothesis = load_text(args.hypothesis)
  File "/home/msak1/ietf_meetingnotes_evaulation/Scripts_Audio/WER_assessment.py", line 9, in load_text
    with open(file_path, "r") as f:
         ~~~~^^^^^^^^^^^^^^^^
FileNotFoundError: [Errno 2] No such file or directory: 'reproducibility_results/plenary_openmic/base/plenary_openmic.wav_whisper_run09.txt'
Running base, run 10
usage: whisper_transcription.py [-h] [--input INPUT] [--model MODEL]
                                [--output OUTPUT] [--language LANGUAGE]
                                [--glossary GLOSSARY]
whisper_transcription.py: error: unrecognized arguments:  
/var/spool/slurm/d/job1001614/slurm_script: line 26: --input: command not found
mv: cannot stat 'reproducibility_results/plenary_openmic/base/plenary_openmic.wav}_whisper.txt': No such file or directory
Traceback (most recent call last):
  File "/home/msak1/ietf_meetingnotes_evaulation/Scripts_Audio/WER_assessment.py", line 55, in <module>
    main()
    ~~~~^^
  File "/home/msak1/ietf_meetingnotes_evaulation/Scripts_Audio/WER_assessment.py", line 19, in main
    hypothesis = load_text(args.hypothesis)
  File "/home/msak1/ietf_meetingnotes_evaulation/Scripts_Audio/WER_assessment.py", line 9, in load_text
    with open(file_path, "r") as f:
         ~~~~^^^^^^^^^^^^^^^^
FileNotFoundError: [Errno 2] No such file or directory: 'reproducibility_results/plenary_openmic/base/plenary_openmic.wav_whisper_run10.txt'
Running base, run 11
usage: whisper_transcription.py [-h] [--input INPUT] [--model MODEL]
                                [--output OUTPUT] [--language LANGUAGE]
                                [--glossary GLOSSARY]
whisper_transcription.py: error: unrecognized arguments:  
/var/spool/slurm/d/job1001614/slurm_script: line 26: --input: command not found
mv: cannot stat 'reproducibility_results/plenary_openmic/base/plenary_openmic.wav}_whisper.txt': No such file or directory
Traceback (most recent call last):
  File "/home/msak1/ietf_meetingnotes_evaulation/Scripts_Audio/WER_assessment.py", line 55, in <module>
    main()
    ~~~~^^
  File "/home/msak1/ietf_meetingnotes_evaulation/Scripts_Audio/WER_assessment.py", line 19, in main
    hypothesis = load_text(args.hypothesis)
  File "/home/msak1/ietf_meetingnotes_evaulation/Scripts_Audio/WER_assessment.py", line 9, in load_text
    with open(file_path, "r") as f:
         ~~~~^^^^^^^^^^^^^^^^
FileNotFoundError: [Errno 2] No such file or directory: 'reproducibility_results/plenary_openmic/base/plenary_openmic.wav_whisper_run11.txt'
Running base, run 12
usage: whisper_transcription.py [-h] [--input INPUT] [--model MODEL]
                                [--output OUTPUT] [--language LANGUAGE]
                                [--glossary GLOSSARY]
whisper_transcription.py: error: unrecognized arguments:  
/var/spool/slurm/d/job1001614/slurm_script: line 26: --input: command not found
mv: cannot stat 'reproducibility_results/plenary_openmic/base/plenary_openmic.wav}_whisper.txt': No such file or directory
Traceback (most recent call last):
  File "/home/msak1/ietf_meetingnotes_evaulation/Scripts_Audio/WER_assessment.py", line 55, in <module>
    main()
    ~~~~^^
  File "/home/msak1/ietf_meetingnotes_evaulation/Scripts_Audio/WER_assessment.py", line 19, in main
    hypothesis = load_text(args.hypothesis)
  File "/home/msak1/ietf_meetingnotes_evaulation/Scripts_Audio/WER_assessment.py", line 9, in load_text
    with open(file_path, "r") as f:
         ~~~~^^^^^^^^^^^^^^^^
FileNotFoundError: [Errno 2] No such file or directory: 'reproducibility_results/plenary_openmic/base/plenary_openmic.wav_whisper_run12.txt'
Running base, run 13
usage: whisper_transcription.py [-h] [--input INPUT] [--model MODEL]
                                [--output OUTPUT] [--language LANGUAGE]
                                [--glossary GLOSSARY]
whisper_transcription.py: error: unrecognized arguments:  
/var/spool/slurm/d/job1001614/slurm_script: line 26: --input: command not found
mv: cannot stat 'reproducibility_results/plenary_openmic/base/plenary_openmic.wav}_whisper.txt': No such file or directory
Traceback (most recent call last):
  File "/home/msak1/ietf_meetingnotes_evaulation/Scripts_Audio/WER_assessment.py", line 55, in <module>
    main()
    ~~~~^^
  File "/home/msak1/ietf_meetingnotes_evaulation/Scripts_Audio/WER_assessment.py", line 19, in main
    hypothesis = load_text(args.hypothesis)
  File "/home/msak1/ietf_meetingnotes_evaulation/Scripts_Audio/WER_assessment.py", line 9, in load_text
    with open(file_path, "r") as f:
         ~~~~^^^^^^^^^^^^^^^^
FileNotFoundError: [Errno 2] No such file or directory: 'reproducibility_results/plenary_openmic/base/plenary_openmic.wav_whisper_run13.txt'
Running base, run 14
usage: whisper_transcription.py [-h] [--input INPUT] [--model MODEL]
                                [--output OUTPUT] [--language LANGUAGE]
                                [--glossary GLOSSARY]
whisper_transcription.py: error: unrecognized arguments:  
/var/spool/slurm/d/job1001614/slurm_script: line 26: --input: command not found
mv: cannot stat 'reproducibility_results/plenary_openmic/base/plenary_openmic.wav}_whisper.txt': No such file or directory
Traceback (most recent call last):
  File "/home/msak1/ietf_meetingnotes_evaulation/Scripts_Audio/WER_assessment.py", line 55, in <module>
    main()
    ~~~~^^
  File "/home/msak1/ietf_meetingnotes_evaulation/Scripts_Audio/WER_assessment.py", line 19, in main
    hypothesis = load_text(args.hypothesis)
  File "/home/msak1/ietf_meetingnotes_evaulation/Scripts_Audio/WER_assessment.py", line 9, in load_text
    with open(file_path, "r") as f:
         ~~~~^^^^^^^^^^^^^^^^
FileNotFoundError: [Errno 2] No such file or directory: 'reproducibility_results/plenary_openmic/base/plenary_openmic.wav_whisper_run14.txt'
Running base, run 15
usage: whisper_transcription.py [-h] [--input INPUT] [--model MODEL]
                                [--output OUTPUT] [--language LANGUAGE]
                                [--glossary GLOSSARY]
whisper_transcription.py: error: unrecognized arguments:  
/var/spool/slurm/d/job1001614/slurm_script: line 26: --input: command not found
mv: cannot stat 'reproducibility_results/plenary_openmic/base/plenary_openmic.wav}_whisper.txt': No such file or directory
Traceback (most recent call last):
  File "/home/msak1/ietf_meetingnotes_evaulation/Scripts_Audio/WER_assessment.py", line 55, in <module>
    main()
    ~~~~^^
  File "/home/msak1/ietf_meetingnotes_evaulation/Scripts_Audio/WER_assessment.py", line 19, in main
    hypothesis = load_text(args.hypothesis)
  File "/home/msak1/ietf_meetingnotes_evaulation/Scripts_Audio/WER_assessment.py", line 9, in load_text
    with open(file_path, "r") as f:
         ~~~~^^^^^^^^^^^^^^^^
FileNotFoundError: [Errno 2] No such file or directory: 'reproducibility_results/plenary_openmic/base/plenary_openmic.wav_whisper_run15.txt'
Running base, run 16
usage: whisper_transcription.py [-h] [--input INPUT] [--model MODEL]
                                [--output OUTPUT] [--language LANGUAGE]
                                [--glossary GLOSSARY]
whisper_transcription.py: error: unrecognized arguments:  
/var/spool/slurm/d/job1001614/slurm_script: line 26: --input: command not found
mv: cannot stat 'reproducibility_results/plenary_openmic/base/plenary_openmic.wav}_whisper.txt': No such file or directory
Traceback (most recent call last):
  File "/home/msak1/ietf_meetingnotes_evaulation/Scripts_Audio/WER_assessment.py", line 55, in <module>
    main()
    ~~~~^^
  File "/home/msak1/ietf_meetingnotes_evaulation/Scripts_Audio/WER_assessment.py", line 19, in main
    hypothesis = load_text(args.hypothesis)
  File "/home/msak1/ietf_meetingnotes_evaulation/Scripts_Audio/WER_assessment.py", line 9, in load_text
    with open(file_path, "r") as f:
         ~~~~^^^^^^^^^^^^^^^^
FileNotFoundError: [Errno 2] No such file or directory: 'reproducibility_results/plenary_openmic/base/plenary_openmic.wav_whisper_run16.txt'
Running base, run 17
usage: whisper_transcription.py [-h] [--input INPUT] [--model MODEL]
                                [--output OUTPUT] [--language LANGUAGE]
                                [--glossary GLOSSARY]
whisper_transcription.py: error: unrecognized arguments:  
/var/spool/slurm/d/job1001614/slurm_script: line 26: --input: command not found
mv: cannot stat 'reproducibility_results/plenary_openmic/base/plenary_openmic.wav}_whisper.txt': No such file or directory
Traceback (most recent call last):
  File "/home/msak1/ietf_meetingnotes_evaulation/Scripts_Audio/WER_assessment.py", line 55, in <module>
    main()
    ~~~~^^
  File "/home/msak1/ietf_meetingnotes_evaulation/Scripts_Audio/WER_assessment.py", line 19, in main
    hypothesis = load_text(args.hypothesis)
  File "/home/msak1/ietf_meetingnotes_evaulation/Scripts_Audio/WER_assessment.py", line 9, in load_text
    with open(file_path, "r") as f:
         ~~~~^^^^^^^^^^^^^^^^
FileNotFoundError: [Errno 2] No such file or directory: 'reproducibility_results/plenary_openmic/base/plenary_openmic.wav_whisper_run17.txt'
Running base, run 18
usage: whisper_transcription.py [-h] [--input INPUT] [--model MODEL]
                                [--output OUTPUT] [--language LANGUAGE]
                                [--glossary GLOSSARY]
whisper_transcription.py: error: unrecognized arguments:  
/var/spool/slurm/d/job1001614/slurm_script: line 26: --input: command not found
mv: cannot stat 'reproducibility_results/plenary_openmic/base/plenary_openmic.wav}_whisper.txt': No such file or directory
Traceback (most recent call last):
  File "/home/msak1/ietf_meetingnotes_evaulation/Scripts_Audio/WER_assessment.py", line 55, in <module>
    main()
    ~~~~^^
  File "/home/msak1/ietf_meetingnotes_evaulation/Scripts_Audio/WER_assessment.py", line 19, in main
    hypothesis = load_text(args.hypothesis)
  File "/home/msak1/ietf_meetingnotes_evaulation/Scripts_Audio/WER_assessment.py", line 9, in load_text
    with open(file_path, "r") as f:
         ~~~~^^^^^^^^^^^^^^^^
FileNotFoundError: [Errno 2] No such file or directory: 'reproducibility_results/plenary_openmic/base/plenary_openmic.wav_whisper_run18.txt'
Running base, run 19
usage: whisper_transcription.py [-h] [--input INPUT] [--model MODEL]
                                [--output OUTPUT] [--language LANGUAGE]
                                [--glossary GLOSSARY]
whisper_transcription.py: error: unrecognized arguments:  
/var/spool/slurm/d/job1001614/slurm_script: line 26: --input: command not found
mv: cannot stat 'reproducibility_results/plenary_openmic/base/plenary_openmic.wav}_whisper.txt': No such file or directory
Traceback (most recent call last):
  File "/home/msak1/ietf_meetingnotes_evaulation/Scripts_Audio/WER_assessment.py", line 55, in <module>
    main()
    ~~~~^^
  File "/home/msak1/ietf_meetingnotes_evaulation/Scripts_Audio/WER_assessment.py", line 19, in main
    hypothesis = load_text(args.hypothesis)
  File "/home/msak1/ietf_meetingnotes_evaulation/Scripts_Audio/WER_assessment.py", line 9, in load_text
    with open(file_path, "r") as f:
         ~~~~^^^^^^^^^^^^^^^^
FileNotFoundError: [Errno 2] No such file or directory: 'reproducibility_results/plenary_openmic/base/plenary_openmic.wav_whisper_run19.txt'
Running base, run 20
usage: whisper_transcription.py [-h] [--input INPUT] [--model MODEL]
                                [--output OUTPUT] [--language LANGUAGE]
                                [--glossary GLOSSARY]
whisper_transcription.py: error: unrecognized arguments:  
/var/spool/slurm/d/job1001614/slurm_script: line 26: --input: command not found
mv: cannot stat 'reproducibility_results/plenary_openmic/base/plenary_openmic.wav}_whisper.txt': No such file or directory
Traceback (most recent call last):
  File "/home/msak1/ietf_meetingnotes_evaulation/Scripts_Audio/WER_assessment.py", line 55, in <module>
    main()
    ~~~~^^
  File "/home/msak1/ietf_meetingnotes_evaulation/Scripts_Audio/WER_assessment.py", line 19, in main
    hypothesis = load_text(args.hypothesis)
  File "/home/msak1/ietf_meetingnotes_evaulation/Scripts_Audio/WER_assessment.py", line 9, in load_text
    with open(file_path, "r") as f:
         ~~~~^^^^^^^^^^^^^^^^
FileNotFoundError: [Errno 2] No such file or directory: 'reproducibility_results/plenary_openmic/base/plenary_openmic.wav_whisper_run20.txt'
Running base, run 21
usage: whisper_transcription.py [-h] [--input INPUT] [--model MODEL]
                                [--output OUTPUT] [--language LANGUAGE]
                                [--glossary GLOSSARY]
whisper_transcription.py: error: unrecognized arguments:  
/var/spool/slurm/d/job1001614/slurm_script: line 26: --input: command not found
mv: cannot stat 'reproducibility_results/plenary_openmic/base/plenary_openmic.wav}_whisper.txt': No such file or directory
Traceback (most recent call last):
  File "/home/msak1/ietf_meetingnotes_evaulation/Scripts_Audio/WER_assessment.py", line 55, in <module>
    main()
    ~~~~^^
  File "/home/msak1/ietf_meetingnotes_evaulation/Scripts_Audio/WER_assessment.py", line 19, in main
    hypothesis = load_text(args.hypothesis)
  File "/home/msak1/ietf_meetingnotes_evaulation/Scripts_Audio/WER_assessment.py", line 9, in load_text
    with open(file_path, "r") as f:
         ~~~~^^^^^^^^^^^^^^^^
FileNotFoundError: [Errno 2] No such file or directory: 'reproducibility_results/plenary_openmic/base/plenary_openmic.wav_whisper_run21.txt'
Running base, run 22
usage: whisper_transcription.py [-h] [--input INPUT] [--model MODEL]
                                [--output OUTPUT] [--language LANGUAGE]
                                [--glossary GLOSSARY]
whisper_transcription.py: error: unrecognized arguments:  
/var/spool/slurm/d/job1001614/slurm_script: line 26: --input: command not found
mv: cannot stat 'reproducibility_results/plenary_openmic/base/plenary_openmic.wav}_whisper.txt': No such file or directory
Traceback (most recent call last):
  File "/home/msak1/ietf_meetingnotes_evaulation/Scripts_Audio/WER_assessment.py", line 55, in <module>
    main()
    ~~~~^^
  File "/home/msak1/ietf_meetingnotes_evaulation/Scripts_Audio/WER_assessment.py", line 19, in main
    hypothesis = load_text(args.hypothesis)
  File "/home/msak1/ietf_meetingnotes_evaulation/Scripts_Audio/WER_assessment.py", line 9, in load_text
    with open(file_path, "r") as f:
         ~~~~^^^^^^^^^^^^^^^^
FileNotFoundError: [Errno 2] No such file or directory: 'reproducibility_results/plenary_openmic/base/plenary_openmic.wav_whisper_run22.txt'
Running base, run 23
usage: whisper_transcription.py [-h] [--input INPUT] [--model MODEL]
                                [--output OUTPUT] [--language LANGUAGE]
                                [--glossary GLOSSARY]
whisper_transcription.py: error: unrecognized arguments:  
/var/spool/slurm/d/job1001614/slurm_script: line 26: --input: command not found
mv: cannot stat 'reproducibility_results/plenary_openmic/base/plenary_openmic.wav}_whisper.txt': No such file or directory
Traceback (most recent call last):
  File "/home/msak1/ietf_meetingnotes_evaulation/Scripts_Audio/WER_assessment.py", line 55, in <module>
    main()
    ~~~~^^
  File "/home/msak1/ietf_meetingnotes_evaulation/Scripts_Audio/WER_assessment.py", line 19, in main
    hypothesis = load_text(args.hypothesis)
  File "/home/msak1/ietf_meetingnotes_evaulation/Scripts_Audio/WER_assessment.py", line 9, in load_text
    with open(file_path, "r") as f:
         ~~~~^^^^^^^^^^^^^^^^
FileNotFoundError: [Errno 2] No such file or directory: 'reproducibility_results/plenary_openmic/base/plenary_openmic.wav_whisper_run23.txt'
Running base, run 24
usage: whisper_transcription.py [-h] [--input INPUT] [--model MODEL]
                                [--output OUTPUT] [--language LANGUAGE]
                                [--glossary GLOSSARY]
whisper_transcription.py: error: unrecognized arguments:  
/var/spool/slurm/d/job1001614/slurm_script: line 26: --input: command not found
mv: cannot stat 'reproducibility_results/plenary_openmic/base/plenary_openmic.wav}_whisper.txt': No such file or directory
Traceback (most recent call last):
  File "/home/msak1/ietf_meetingnotes_evaulation/Scripts_Audio/WER_assessment.py", line 55, in <module>
    main()
    ~~~~^^
  File "/home/msak1/ietf_meetingnotes_evaulation/Scripts_Audio/WER_assessment.py", line 19, in main
    hypothesis = load_text(args.hypothesis)
  File "/home/msak1/ietf_meetingnotes_evaulation/Scripts_Audio/WER_assessment.py", line 9, in load_text
    with open(file_path, "r") as f:
         ~~~~^^^^^^^^^^^^^^^^
FileNotFoundError: [Errno 2] No such file or directory: 'reproducibility_results/plenary_openmic/base/plenary_openmic.wav_whisper_run24.txt'
Running base, run 25
usage: whisper_transcription.py [-h] [--input INPUT] [--model MODEL]
                                [--output OUTPUT] [--language LANGUAGE]
                                [--glossary GLOSSARY]
whisper_transcription.py: error: unrecognized arguments:  
/var/spool/slurm/d/job1001614/slurm_script: line 26: --input: command not found
mv: cannot stat 'reproducibility_results/plenary_openmic/base/plenary_openmic.wav}_whisper.txt': No such file or directory
Traceback (most recent call last):
  File "/home/msak1/ietf_meetingnotes_evaulation/Scripts_Audio/WER_assessment.py", line 55, in <module>
    main()
    ~~~~^^
  File "/home/msak1/ietf_meetingnotes_evaulation/Scripts_Audio/WER_assessment.py", line 19, in main
    hypothesis = load_text(args.hypothesis)
  File "/home/msak1/ietf_meetingnotes_evaulation/Scripts_Audio/WER_assessment.py", line 9, in load_text
    with open(file_path, "r") as f:
         ~~~~^^^^^^^^^^^^^^^^
FileNotFoundError: [Errno 2] No such file or directory: 'reproducibility_results/plenary_openmic/base/plenary_openmic.wav_whisper_run25.txt'
Running base.en, run 01
usage: whisper_transcription.py [-h] [--input INPUT] [--model MODEL]
                                [--output OUTPUT] [--language LANGUAGE]
                                [--glossary GLOSSARY]
whisper_transcription.py: error: unrecognized arguments:  
/var/spool/slurm/d/job1001614/slurm_script: line 26: --input: command not found
mv: cannot stat 'reproducibility_results/plenary_openmic/base.en/plenary_openmic.wav}_whisper.txt': No such file or directory
Traceback (most recent call last):
  File "/home/msak1/ietf_meetingnotes_evaulation/Scripts_Audio/WER_assessment.py", line 55, in <module>
    main()
    ~~~~^^
  File "/home/msak1/ietf_meetingnotes_evaulation/Scripts_Audio/WER_assessment.py", line 19, in main
    hypothesis = load_text(args.hypothesis)
  File "/home/msak1/ietf_meetingnotes_evaulation/Scripts_Audio/WER_assessment.py", line 9, in load_text
    with open(file_path, "r") as f:
         ~~~~^^^^^^^^^^^^^^^^
FileNotFoundError: [Errno 2] No such file or directory: 'reproducibility_results/plenary_openmic/base.en/plenary_openmic.wav_whisper_run01.txt'
Running base.en, run 02
usage: whisper_transcription.py [-h] [--input INPUT] [--model MODEL]
                                [--output OUTPUT] [--language LANGUAGE]
                                [--glossary GLOSSARY]
whisper_transcription.py: error: unrecognized arguments:  
/var/spool/slurm/d/job1001614/slurm_script: line 26: --input: command not found
mv: cannot stat 'reproducibility_results/plenary_openmic/base.en/plenary_openmic.wav}_whisper.txt': No such file or directory
Traceback (most recent call last):
  File "/home/msak1/ietf_meetingnotes_evaulation/Scripts_Audio/WER_assessment.py", line 55, in <module>
    main()
    ~~~~^^
  File "/home/msak1/ietf_meetingnotes_evaulation/Scripts_Audio/WER_assessment.py", line 19, in main
    hypothesis = load_text(args.hypothesis)
  File "/home/msak1/ietf_meetingnotes_evaulation/Scripts_Audio/WER_assessment.py", line 9, in load_text
    with open(file_path, "r") as f:
         ~~~~^^^^^^^^^^^^^^^^
FileNotFoundError: [Errno 2] No such file or directory: 'reproducibility_results/plenary_openmic/base.en/plenary_openmic.wav_whisper_run02.txt'
Running base.en, run 03
usage: whisper_transcription.py [-h] [--input INPUT] [--model MODEL]
                                [--output OUTPUT] [--language LANGUAGE]
                                [--glossary GLOSSARY]
whisper_transcription.py: error: unrecognized arguments:  
/var/spool/slurm/d/job1001614/slurm_script: line 26: --input: command not found
mv: cannot stat 'reproducibility_results/plenary_openmic/base.en/plenary_openmic.wav}_whisper.txt': No such file or directory
Traceback (most recent call last):
  File "/home/msak1/ietf_meetingnotes_evaulation/Scripts_Audio/WER_assessment.py", line 55, in <module>
    main()
    ~~~~^^
  File "/home/msak1/ietf_meetingnotes_evaulation/Scripts_Audio/WER_assessment.py", line 19, in main
    hypothesis = load_text(args.hypothesis)
  File "/home/msak1/ietf_meetingnotes_evaulation/Scripts_Audio/WER_assessment.py", line 9, in load_text
    with open(file_path, "r") as f:
         ~~~~^^^^^^^^^^^^^^^^
FileNotFoundError: [Errno 2] No such file or directory: 'reproducibility_results/plenary_openmic/base.en/plenary_openmic.wav_whisper_run03.txt'
Running base.en, run 04
usage: whisper_transcription.py [-h] [--input INPUT] [--model MODEL]
                                [--output OUTPUT] [--language LANGUAGE]
                                [--glossary GLOSSARY]
whisper_transcription.py: error: unrecognized arguments:  
/var/spool/slurm/d/job1001614/slurm_script: line 26: --input: command not found
mv: cannot stat 'reproducibility_results/plenary_openmic/base.en/plenary_openmic.wav}_whisper.txt': No such file or directory
Traceback (most recent call last):
  File "/home/msak1/ietf_meetingnotes_evaulation/Scripts_Audio/WER_assessment.py", line 55, in <module>
    main()
    ~~~~^^
  File "/home/msak1/ietf_meetingnotes_evaulation/Scripts_Audio/WER_assessment.py", line 19, in main
    hypothesis = load_text(args.hypothesis)
  File "/home/msak1/ietf_meetingnotes_evaulation/Scripts_Audio/WER_assessment.py", line 9, in load_text
    with open(file_path, "r") as f:
         ~~~~^^^^^^^^^^^^^^^^
FileNotFoundError: [Errno 2] No such file or directory: 'reproducibility_results/plenary_openmic/base.en/plenary_openmic.wav_whisper_run04.txt'
Running base.en, run 05
usage: whisper_transcription.py [-h] [--input INPUT] [--model MODEL]
                                [--output OUTPUT] [--language LANGUAGE]
                                [--glossary GLOSSARY]
whisper_transcription.py: error: unrecognized arguments:  
/var/spool/slurm/d/job1001614/slurm_script: line 26: --input: command not found
mv: cannot stat 'reproducibility_results/plenary_openmic/base.en/plenary_openmic.wav}_whisper.txt': No such file or directory
Traceback (most recent call last):
  File "/home/msak1/ietf_meetingnotes_evaulation/Scripts_Audio/WER_assessment.py", line 55, in <module>
    main()
    ~~~~^^
  File "/home/msak1/ietf_meetingnotes_evaulation/Scripts_Audio/WER_assessment.py", line 19, in main
    hypothesis = load_text(args.hypothesis)
  File "/home/msak1/ietf_meetingnotes_evaulation/Scripts_Audio/WER_assessment.py", line 9, in load_text
    with open(file_path, "r") as f:
         ~~~~^^^^^^^^^^^^^^^^
FileNotFoundError: [Errno 2] No such file or directory: 'reproducibility_results/plenary_openmic/base.en/plenary_openmic.wav_whisper_run05.txt'
Running base.en, run 06
usage: whisper_transcription.py [-h] [--input INPUT] [--model MODEL]
                                [--output OUTPUT] [--language LANGUAGE]
                                [--glossary GLOSSARY]
whisper_transcription.py: error: unrecognized arguments:  
/var/spool/slurm/d/job1001614/slurm_script: line 26: --input: command not found
mv: cannot stat 'reproducibility_results/plenary_openmic/base.en/plenary_openmic.wav}_whisper.txt': No such file or directory
Traceback (most recent call last):
  File "/home/msak1/ietf_meetingnotes_evaulation/Scripts_Audio/WER_assessment.py", line 55, in <module>
    main()
    ~~~~^^
  File "/home/msak1/ietf_meetingnotes_evaulation/Scripts_Audio/WER_assessment.py", line 19, in main
    hypothesis = load_text(args.hypothesis)
  File "/home/msak1/ietf_meetingnotes_evaulation/Scripts_Audio/WER_assessment.py", line 9, in load_text
    with open(file_path, "r") as f:
         ~~~~^^^^^^^^^^^^^^^^
FileNotFoundError: [Errno 2] No such file or directory: 'reproducibility_results/plenary_openmic/base.en/plenary_openmic.wav_whisper_run06.txt'
Running base.en, run 07
usage: whisper_transcription.py [-h] [--input INPUT] [--model MODEL]
                                [--output OUTPUT] [--language LANGUAGE]
                                [--glossary GLOSSARY]
whisper_transcription.py: error: unrecognized arguments:  
/var/spool/slurm/d/job1001614/slurm_script: line 26: --input: command not found
mv: cannot stat 'reproducibility_results/plenary_openmic/base.en/plenary_openmic.wav}_whisper.txt': No such file or directory
Traceback (most recent call last):
  File "/home/msak1/ietf_meetingnotes_evaulation/Scripts_Audio/WER_assessment.py", line 55, in <module>
    main()
    ~~~~^^
  File "/home/msak1/ietf_meetingnotes_evaulation/Scripts_Audio/WER_assessment.py", line 19, in main
    hypothesis = load_text(args.hypothesis)
  File "/home/msak1/ietf_meetingnotes_evaulation/Scripts_Audio/WER_assessment.py", line 9, in load_text
    with open(file_path, "r") as f:
         ~~~~^^^^^^^^^^^^^^^^
FileNotFoundError: [Errno 2] No such file or directory: 'reproducibility_results/plenary_openmic/base.en/plenary_openmic.wav_whisper_run07.txt'
Running base.en, run 08
usage: whisper_transcription.py [-h] [--input INPUT] [--model MODEL]
                                [--output OUTPUT] [--language LANGUAGE]
                                [--glossary GLOSSARY]
whisper_transcription.py: error: unrecognized arguments:  
/var/spool/slurm/d/job1001614/slurm_script: line 26: --input: command not found
mv: cannot stat 'reproducibility_results/plenary_openmic/base.en/plenary_openmic.wav}_whisper.txt': No such file or directory
Traceback (most recent call last):
  File "/home/msak1/ietf_meetingnotes_evaulation/Scripts_Audio/WER_assessment.py", line 55, in <module>
    main()
    ~~~~^^
  File "/home/msak1/ietf_meetingnotes_evaulation/Scripts_Audio/WER_assessment.py", line 19, in main
    hypothesis = load_text(args.hypothesis)
  File "/home/msak1/ietf_meetingnotes_evaulation/Scripts_Audio/WER_assessment.py", line 9, in load_text
    with open(file_path, "r") as f:
         ~~~~^^^^^^^^^^^^^^^^
FileNotFoundError: [Errno 2] No such file or directory: 'reproducibility_results/plenary_openmic/base.en/plenary_openmic.wav_whisper_run08.txt'
Running base.en, run 09
usage: whisper_transcription.py [-h] [--input INPUT] [--model MODEL]
                                [--output OUTPUT] [--language LANGUAGE]
                                [--glossary GLOSSARY]
whisper_transcription.py: error: unrecognized arguments:  
/var/spool/slurm/d/job1001614/slurm_script: line 26: --input: command not found
mv: cannot stat 'reproducibility_results/plenary_openmic/base.en/plenary_openmic.wav}_whisper.txt': No such file or directory
Traceback (most recent call last):
  File "/home/msak1/ietf_meetingnotes_evaulation/Scripts_Audio/WER_assessment.py", line 55, in <module>
    main()
    ~~~~^^
  File "/home/msak1/ietf_meetingnotes_evaulation/Scripts_Audio/WER_assessment.py", line 19, in main
    hypothesis = load_text(args.hypothesis)
  File "/home/msak1/ietf_meetingnotes_evaulation/Scripts_Audio/WER_assessment.py", line 9, in load_text
    with open(file_path, "r") as f:
         ~~~~^^^^^^^^^^^^^^^^
FileNotFoundError: [Errno 2] No such file or directory: 'reproducibility_results/plenary_openmic/base.en/plenary_openmic.wav_whisper_run09.txt'
Running base.en, run 10
usage: whisper_transcription.py [-h] [--input INPUT] [--model MODEL]
                                [--output OUTPUT] [--language LANGUAGE]
                                [--glossary GLOSSARY]
whisper_transcription.py: error: unrecognized arguments:  
/var/spool/slurm/d/job1001614/slurm_script: line 26: --input: command not found
mv: cannot stat 'reproducibility_results/plenary_openmic/base.en/plenary_openmic.wav}_whisper.txt': No such file or directory
Traceback (most recent call last):
  File "/home/msak1/ietf_meetingnotes_evaulation/Scripts_Audio/WER_assessment.py", line 55, in <module>
    main()
    ~~~~^^
  File "/home/msak1/ietf_meetingnotes_evaulation/Scripts_Audio/WER_assessment.py", line 19, in main
    hypothesis = load_text(args.hypothesis)
  File "/home/msak1/ietf_meetingnotes_evaulation/Scripts_Audio/WER_assessment.py", line 9, in load_text
    with open(file_path, "r") as f:
         ~~~~^^^^^^^^^^^^^^^^
FileNotFoundError: [Errno 2] No such file or directory: 'reproducibility_results/plenary_openmic/base.en/plenary_openmic.wav_whisper_run10.txt'
Running base.en, run 11
usage: whisper_transcription.py [-h] [--input INPUT] [--model MODEL]
                                [--output OUTPUT] [--language LANGUAGE]
                                [--glossary GLOSSARY]
whisper_transcription.py: error: unrecognized arguments:  
/var/spool/slurm/d/job1001614/slurm_script: line 26: --input: command not found
mv: cannot stat 'reproducibility_results/plenary_openmic/base.en/plenary_openmic.wav}_whisper.txt': No such file or directory
Traceback (most recent call last):
  File "/home/msak1/ietf_meetingnotes_evaulation/Scripts_Audio/WER_assessment.py", line 55, in <module>
    main()
    ~~~~^^
  File "/home/msak1/ietf_meetingnotes_evaulation/Scripts_Audio/WER_assessment.py", line 19, in main
    hypothesis = load_text(args.hypothesis)
  File "/home/msak1/ietf_meetingnotes_evaulation/Scripts_Audio/WER_assessment.py", line 9, in load_text
    with open(file_path, "r") as f:
         ~~~~^^^^^^^^^^^^^^^^
FileNotFoundError: [Errno 2] No such file or directory: 'reproducibility_results/plenary_openmic/base.en/plenary_openmic.wav_whisper_run11.txt'
Running base.en, run 12
usage: whisper_transcription.py [-h] [--input INPUT] [--model MODEL]
                                [--output OUTPUT] [--language LANGUAGE]
                                [--glossary GLOSSARY]
whisper_transcription.py: error: unrecognized arguments:  
/var/spool/slurm/d/job1001614/slurm_script: line 26: --input: command not found
mv: cannot stat 'reproducibility_results/plenary_openmic/base.en/plenary_openmic.wav}_whisper.txt': No such file or directory
Traceback (most recent call last):
  File "/home/msak1/ietf_meetingnotes_evaulation/Scripts_Audio/WER_assessment.py", line 55, in <module>
    main()
    ~~~~^^
  File "/home/msak1/ietf_meetingnotes_evaulation/Scripts_Audio/WER_assessment.py", line 19, in main
    hypothesis = load_text(args.hypothesis)
  File "/home/msak1/ietf_meetingnotes_evaulation/Scripts_Audio/WER_assessment.py", line 9, in load_text
    with open(file_path, "r") as f:
         ~~~~^^^^^^^^^^^^^^^^
FileNotFoundError: [Errno 2] No such file or directory: 'reproducibility_results/plenary_openmic/base.en/plenary_openmic.wav_whisper_run12.txt'
Running base.en, run 13
usage: whisper_transcription.py [-h] [--input INPUT] [--model MODEL]
                                [--output OUTPUT] [--language LANGUAGE]
                                [--glossary GLOSSARY]
whisper_transcription.py: error: unrecognized arguments:  
/var/spool/slurm/d/job1001614/slurm_script: line 26: --input: command not found
mv: cannot stat 'reproducibility_results/plenary_openmic/base.en/plenary_openmic.wav}_whisper.txt': No such file or directory
Traceback (most recent call last):
  File "/home/msak1/ietf_meetingnotes_evaulation/Scripts_Audio/WER_assessment.py", line 55, in <module>
    main()
    ~~~~^^
  File "/home/msak1/ietf_meetingnotes_evaulation/Scripts_Audio/WER_assessment.py", line 19, in main
    hypothesis = load_text(args.hypothesis)
  File "/home/msak1/ietf_meetingnotes_evaulation/Scripts_Audio/WER_assessment.py", line 9, in load_text
    with open(file_path, "r") as f:
         ~~~~^^^^^^^^^^^^^^^^
FileNotFoundError: [Errno 2] No such file or directory: 'reproducibility_results/plenary_openmic/base.en/plenary_openmic.wav_whisper_run13.txt'
Running base.en, run 14
usage: whisper_transcription.py [-h] [--input INPUT] [--model MODEL]
                                [--output OUTPUT] [--language LANGUAGE]
                                [--glossary GLOSSARY]
whisper_transcription.py: error: unrecognized arguments:  
/var/spool/slurm/d/job1001614/slurm_script: line 26: --input: command not found
mv: cannot stat 'reproducibility_results/plenary_openmic/base.en/plenary_openmic.wav}_whisper.txt': No such file or directory
Traceback (most recent call last):
  File "/home/msak1/ietf_meetingnotes_evaulation/Scripts_Audio/WER_assessment.py", line 55, in <module>
    main()
    ~~~~^^
  File "/home/msak1/ietf_meetingnotes_evaulation/Scripts_Audio/WER_assessment.py", line 19, in main
    hypothesis = load_text(args.hypothesis)
  File "/home/msak1/ietf_meetingnotes_evaulation/Scripts_Audio/WER_assessment.py", line 9, in load_text
    with open(file_path, "r") as f:
         ~~~~^^^^^^^^^^^^^^^^
FileNotFoundError: [Errno 2] No such file or directory: 'reproducibility_results/plenary_openmic/base.en/plenary_openmic.wav_whisper_run14.txt'
Running base.en, run 15
usage: whisper_transcription.py [-h] [--input INPUT] [--model MODEL]
                                [--output OUTPUT] [--language LANGUAGE]
                                [--glossary GLOSSARY]
whisper_transcription.py: error: unrecognized arguments:  
/var/spool/slurm/d/job1001614/slurm_script: line 26: --input: command not found
mv: cannot stat 'reproducibility_results/plenary_openmic/base.en/plenary_openmic.wav}_whisper.txt': No such file or directory
Traceback (most recent call last):
  File "/home/msak1/ietf_meetingnotes_evaulation/Scripts_Audio/WER_assessment.py", line 55, in <module>
    main()
    ~~~~^^
  File "/home/msak1/ietf_meetingnotes_evaulation/Scripts_Audio/WER_assessment.py", line 19, in main
    hypothesis = load_text(args.hypothesis)
  File "/home/msak1/ietf_meetingnotes_evaulation/Scripts_Audio/WER_assessment.py", line 9, in load_text
    with open(file_path, "r") as f:
         ~~~~^^^^^^^^^^^^^^^^
FileNotFoundError: [Errno 2] No such file or directory: 'reproducibility_results/plenary_openmic/base.en/plenary_openmic.wav_whisper_run15.txt'
Running base.en, run 16
usage: whisper_transcription.py [-h] [--input INPUT] [--model MODEL]
                                [--output OUTPUT] [--language LANGUAGE]
                                [--glossary GLOSSARY]
whisper_transcription.py: error: unrecognized arguments:  
/var/spool/slurm/d/job1001614/slurm_script: line 26: --input: command not found
mv: cannot stat 'reproducibility_results/plenary_openmic/base.en/plenary_openmic.wav}_whisper.txt': No such file or directory
Traceback (most recent call last):
  File "/home/msak1/ietf_meetingnotes_evaulation/Scripts_Audio/WER_assessment.py", line 55, in <module>
    main()
    ~~~~^^
  File "/home/msak1/ietf_meetingnotes_evaulation/Scripts_Audio/WER_assessment.py", line 19, in main
    hypothesis = load_text(args.hypothesis)
  File "/home/msak1/ietf_meetingnotes_evaulation/Scripts_Audio/WER_assessment.py", line 9, in load_text
    with open(file_path, "r") as f:
         ~~~~^^^^^^^^^^^^^^^^
FileNotFoundError: [Errno 2] No such file or directory: 'reproducibility_results/plenary_openmic/base.en/plenary_openmic.wav_whisper_run16.txt'
Running base.en, run 17
usage: whisper_transcription.py [-h] [--input INPUT] [--model MODEL]
                                [--output OUTPUT] [--language LANGUAGE]
                                [--glossary GLOSSARY]
whisper_transcription.py: error: unrecognized arguments:  
/var/spool/slurm/d/job1001614/slurm_script: line 26: --input: command not found
mv: cannot stat 'reproducibility_results/plenary_openmic/base.en/plenary_openmic.wav}_whisper.txt': No such file or directory
Traceback (most recent call last):
  File "/home/msak1/ietf_meetingnotes_evaulation/Scripts_Audio/WER_assessment.py", line 55, in <module>
    main()
    ~~~~^^
  File "/home/msak1/ietf_meetingnotes_evaulation/Scripts_Audio/WER_assessment.py", line 19, in main
    hypothesis = load_text(args.hypothesis)
  File "/home/msak1/ietf_meetingnotes_evaulation/Scripts_Audio/WER_assessment.py", line 9, in load_text
    with open(file_path, "r") as f:
         ~~~~^^^^^^^^^^^^^^^^
FileNotFoundError: [Errno 2] No such file or directory: 'reproducibility_results/plenary_openmic/base.en/plenary_openmic.wav_whisper_run17.txt'
Running base.en, run 18
usage: whisper_transcription.py [-h] [--input INPUT] [--model MODEL]
                                [--output OUTPUT] [--language LANGUAGE]
                                [--glossary GLOSSARY]
whisper_transcription.py: error: unrecognized arguments:  
/var/spool/slurm/d/job1001614/slurm_script: line 26: --input: command not found
mv: cannot stat 'reproducibility_results/plenary_openmic/base.en/plenary_openmic.wav}_whisper.txt': No such file or directory
Traceback (most recent call last):
  File "/home/msak1/ietf_meetingnotes_evaulation/Scripts_Audio/WER_assessment.py", line 55, in <module>
    main()
    ~~~~^^
  File "/home/msak1/ietf_meetingnotes_evaulation/Scripts_Audio/WER_assessment.py", line 19, in main
    hypothesis = load_text(args.hypothesis)
  File "/home/msak1/ietf_meetingnotes_evaulation/Scripts_Audio/WER_assessment.py", line 9, in load_text
    with open(file_path, "r") as f:
         ~~~~^^^^^^^^^^^^^^^^
FileNotFoundError: [Errno 2] No such file or directory: 'reproducibility_results/plenary_openmic/base.en/plenary_openmic.wav_whisper_run18.txt'
Running base.en, run 19
usage: whisper_transcription.py [-h] [--input INPUT] [--model MODEL]
                                [--output OUTPUT] [--language LANGUAGE]
                                [--glossary GLOSSARY]
whisper_transcription.py: error: unrecognized arguments:  
/var/spool/slurm/d/job1001614/slurm_script: line 26: --input: command not found
mv: cannot stat 'reproducibility_results/plenary_openmic/base.en/plenary_openmic.wav}_whisper.txt': No such file or directory
Traceback (most recent call last):
  File "/home/msak1/ietf_meetingnotes_evaulation/Scripts_Audio/WER_assessment.py", line 55, in <module>
    main()
    ~~~~^^
  File "/home/msak1/ietf_meetingnotes_evaulation/Scripts_Audio/WER_assessment.py", line 19, in main
    hypothesis = load_text(args.hypothesis)
  File "/home/msak1/ietf_meetingnotes_evaulation/Scripts_Audio/WER_assessment.py", line 9, in load_text
    with open(file_path, "r") as f:
         ~~~~^^^^^^^^^^^^^^^^
FileNotFoundError: [Errno 2] No such file or directory: 'reproducibility_results/plenary_openmic/base.en/plenary_openmic.wav_whisper_run19.txt'
Running base.en, run 20
usage: whisper_transcription.py [-h] [--input INPUT] [--model MODEL]
                                [--output OUTPUT] [--language LANGUAGE]
                                [--glossary GLOSSARY]
whisper_transcription.py: error: unrecognized arguments:  
/var/spool/slurm/d/job1001614/slurm_script: line 26: --input: command not found
mv: cannot stat 'reproducibility_results/plenary_openmic/base.en/plenary_openmic.wav}_whisper.txt': No such file or directory
Traceback (most recent call last):
  File "/home/msak1/ietf_meetingnotes_evaulation/Scripts_Audio/WER_assessment.py", line 55, in <module>
    main()
    ~~~~^^
  File "/home/msak1/ietf_meetingnotes_evaulation/Scripts_Audio/WER_assessment.py", line 19, in main
    hypothesis = load_text(args.hypothesis)
  File "/home/msak1/ietf_meetingnotes_evaulation/Scripts_Audio/WER_assessment.py", line 9, in load_text
    with open(file_path, "r") as f:
         ~~~~^^^^^^^^^^^^^^^^
FileNotFoundError: [Errno 2] No such file or directory: 'reproducibility_results/plenary_openmic/base.en/plenary_openmic.wav_whisper_run20.txt'
Running base.en, run 21
usage: whisper_transcription.py [-h] [--input INPUT] [--model MODEL]
                                [--output OUTPUT] [--language LANGUAGE]
                                [--glossary GLOSSARY]
whisper_transcription.py: error: unrecognized arguments:  
/var/spool/slurm/d/job1001614/slurm_script: line 26: --input: command not found
mv: cannot stat 'reproducibility_results/plenary_openmic/base.en/plenary_openmic.wav}_whisper.txt': No such file or directory
Traceback (most recent call last):
  File "/home/msak1/ietf_meetingnotes_evaulation/Scripts_Audio/WER_assessment.py", line 55, in <module>
    main()
    ~~~~^^
  File "/home/msak1/ietf_meetingnotes_evaulation/Scripts_Audio/WER_assessment.py", line 19, in main
    hypothesis = load_text(args.hypothesis)
  File "/home/msak1/ietf_meetingnotes_evaulation/Scripts_Audio/WER_assessment.py", line 9, in load_text
    with open(file_path, "r") as f:
         ~~~~^^^^^^^^^^^^^^^^
FileNotFoundError: [Errno 2] No such file or directory: 'reproducibility_results/plenary_openmic/base.en/plenary_openmic.wav_whisper_run21.txt'
Running base.en, run 22
usage: whisper_transcription.py [-h] [--input INPUT] [--model MODEL]
                                [--output OUTPUT] [--language LANGUAGE]
                                [--glossary GLOSSARY]
whisper_transcription.py: error: unrecognized arguments:  
/var/spool/slurm/d/job1001614/slurm_script: line 26: --input: command not found
mv: cannot stat 'reproducibility_results/plenary_openmic/base.en/plenary_openmic.wav}_whisper.txt': No such file or directory
Traceback (most recent call last):
  File "/home/msak1/ietf_meetingnotes_evaulation/Scripts_Audio/WER_assessment.py", line 55, in <module>
    main()
    ~~~~^^
  File "/home/msak1/ietf_meetingnotes_evaulation/Scripts_Audio/WER_assessment.py", line 19, in main
    hypothesis = load_text(args.hypothesis)
  File "/home/msak1/ietf_meetingnotes_evaulation/Scripts_Audio/WER_assessment.py", line 9, in load_text
    with open(file_path, "r") as f:
         ~~~~^^^^^^^^^^^^^^^^
FileNotFoundError: [Errno 2] No such file or directory: 'reproducibility_results/plenary_openmic/base.en/plenary_openmic.wav_whisper_run22.txt'
Running base.en, run 23
usage: whisper_transcription.py [-h] [--input INPUT] [--model MODEL]
                                [--output OUTPUT] [--language LANGUAGE]
                                [--glossary GLOSSARY]
whisper_transcription.py: error: unrecognized arguments:  
/var/spool/slurm/d/job1001614/slurm_script: line 26: --input: command not found
mv: cannot stat 'reproducibility_results/plenary_openmic/base.en/plenary_openmic.wav}_whisper.txt': No such file or directory
Traceback (most recent call last):
  File "/home/msak1/ietf_meetingnotes_evaulation/Scripts_Audio/WER_assessment.py", line 55, in <module>
    main()
    ~~~~^^
  File "/home/msak1/ietf_meetingnotes_evaulation/Scripts_Audio/WER_assessment.py", line 19, in main
    hypothesis = load_text(args.hypothesis)
  File "/home/msak1/ietf_meetingnotes_evaulation/Scripts_Audio/WER_assessment.py", line 9, in load_text
    with open(file_path, "r") as f:
         ~~~~^^^^^^^^^^^^^^^^
FileNotFoundError: [Errno 2] No such file or directory: 'reproducibility_results/plenary_openmic/base.en/plenary_openmic.wav_whisper_run23.txt'
Running base.en, run 24
usage: whisper_transcription.py [-h] [--input INPUT] [--model MODEL]
                                [--output OUTPUT] [--language LANGUAGE]
                                [--glossary GLOSSARY]
whisper_transcription.py: error: unrecognized arguments:  
/var/spool/slurm/d/job1001614/slurm_script: line 26: --input: command not found
mv: cannot stat 'reproducibility_results/plenary_openmic/base.en/plenary_openmic.wav}_whisper.txt': No such file or directory
Traceback (most recent call last):
  File "/home/msak1/ietf_meetingnotes_evaulation/Scripts_Audio/WER_assessment.py", line 55, in <module>
    main()
    ~~~~^^
  File "/home/msak1/ietf_meetingnotes_evaulation/Scripts_Audio/WER_assessment.py", line 19, in main
    hypothesis = load_text(args.hypothesis)
  File "/home/msak1/ietf_meetingnotes_evaulation/Scripts_Audio/WER_assessment.py", line 9, in load_text
    with open(file_path, "r") as f:
         ~~~~^^^^^^^^^^^^^^^^
FileNotFoundError: [Errno 2] No such file or directory: 'reproducibility_results/plenary_openmic/base.en/plenary_openmic.wav_whisper_run24.txt'
Running base.en, run 25
usage: whisper_transcription.py [-h] [--input INPUT] [--model MODEL]
                                [--output OUTPUT] [--language LANGUAGE]
                                [--glossary GLOSSARY]
whisper_transcription.py: error: unrecognized arguments:  
/var/spool/slurm/d/job1001614/slurm_script: line 26: --input: command not found
mv: cannot stat 'reproducibility_results/plenary_openmic/base.en/plenary_openmic.wav}_whisper.txt': No such file or directory
Traceback (most recent call last):
  File "/home/msak1/ietf_meetingnotes_evaulation/Scripts_Audio/WER_assessment.py", line 55, in <module>
    main()
    ~~~~^^
  File "/home/msak1/ietf_meetingnotes_evaulation/Scripts_Audio/WER_assessment.py", line 19, in main
    hypothesis = load_text(args.hypothesis)
  File "/home/msak1/ietf_meetingnotes_evaulation/Scripts_Audio/WER_assessment.py", line 9, in load_text
    with open(file_path, "r") as f:
         ~~~~^^^^^^^^^^^^^^^^
FileNotFoundError: [Errno 2] No such file or directory: 'reproducibility_results/plenary_openmic/base.en/plenary_openmic.wav_whisper_run25.txt'
Running small, run 01
usage: whisper_transcription.py [-h] [--input INPUT] [--model MODEL]
                                [--output OUTPUT] [--language LANGUAGE]
                                [--glossary GLOSSARY]
whisper_transcription.py: error: unrecognized arguments:  
/var/spool/slurm/d/job1001614/slurm_script: line 26: --input: command not found
mv: cannot stat 'reproducibility_results/plenary_openmic/small/plenary_openmic.wav}_whisper.txt': No such file or directory
Traceback (most recent call last):
  File "/home/msak1/ietf_meetingnotes_evaulation/Scripts_Audio/WER_assessment.py", line 55, in <module>
    main()
    ~~~~^^
  File "/home/msak1/ietf_meetingnotes_evaulation/Scripts_Audio/WER_assessment.py", line 19, in main
    hypothesis = load_text(args.hypothesis)
  File "/home/msak1/ietf_meetingnotes_evaulation/Scripts_Audio/WER_assessment.py", line 9, in load_text
    with open(file_path, "r") as f:
         ~~~~^^^^^^^^^^^^^^^^
FileNotFoundError: [Errno 2] No such file or directory: 'reproducibility_results/plenary_openmic/small/plenary_openmic.wav_whisper_run01.txt'
Running small, run 02
usage: whisper_transcription.py [-h] [--input INPUT] [--model MODEL]
                                [--output OUTPUT] [--language LANGUAGE]
                                [--glossary GLOSSARY]
whisper_transcription.py: error: unrecognized arguments:  
/var/spool/slurm/d/job1001614/slurm_script: line 26: --input: command not found
mv: cannot stat 'reproducibility_results/plenary_openmic/small/plenary_openmic.wav}_whisper.txt': No such file or directory
Traceback (most recent call last):
  File "/home/msak1/ietf_meetingnotes_evaulation/Scripts_Audio/WER_assessment.py", line 55, in <module>
    main()
    ~~~~^^
  File "/home/msak1/ietf_meetingnotes_evaulation/Scripts_Audio/WER_assessment.py", line 19, in main
    hypothesis = load_text(args.hypothesis)
  File "/home/msak1/ietf_meetingnotes_evaulation/Scripts_Audio/WER_assessment.py", line 9, in load_text
    with open(file_path, "r") as f:
         ~~~~^^^^^^^^^^^^^^^^
FileNotFoundError: [Errno 2] No such file or directory: 'reproducibility_results/plenary_openmic/small/plenary_openmic.wav_whisper_run02.txt'
Running small, run 03
usage: whisper_transcription.py [-h] [--input INPUT] [--model MODEL]
                                [--output OUTPUT] [--language LANGUAGE]
                                [--glossary GLOSSARY]
whisper_transcription.py: error: unrecognized arguments:  
/var/spool/slurm/d/job1001614/slurm_script: line 26: --input: command not found
mv: cannot stat 'reproducibility_results/plenary_openmic/small/plenary_openmic.wav}_whisper.txt': No such file or directory
Traceback (most recent call last):
  File "/home/msak1/ietf_meetingnotes_evaulation/Scripts_Audio/WER_assessment.py", line 55, in <module>
    main()
    ~~~~^^
  File "/home/msak1/ietf_meetingnotes_evaulation/Scripts_Audio/WER_assessment.py", line 19, in main
    hypothesis = load_text(args.hypothesis)
  File "/home/msak1/ietf_meetingnotes_evaulation/Scripts_Audio/WER_assessment.py", line 9, in load_text
    with open(file_path, "r") as f:
         ~~~~^^^^^^^^^^^^^^^^
FileNotFoundError: [Errno 2] No such file or directory: 'reproducibility_results/plenary_openmic/small/plenary_openmic.wav_whisper_run03.txt'
Running small, run 04
usage: whisper_transcription.py [-h] [--input INPUT] [--model MODEL]
                                [--output OUTPUT] [--language LANGUAGE]
                                [--glossary GLOSSARY]
whisper_transcription.py: error: unrecognized arguments:  
/var/spool/slurm/d/job1001614/slurm_script: line 26: --input: command not found
mv: cannot stat 'reproducibility_results/plenary_openmic/small/plenary_openmic.wav}_whisper.txt': No such file or directory
Traceback (most recent call last):
  File "/home/msak1/ietf_meetingnotes_evaulation/Scripts_Audio/WER_assessment.py", line 55, in <module>
    main()
    ~~~~^^
  File "/home/msak1/ietf_meetingnotes_evaulation/Scripts_Audio/WER_assessment.py", line 19, in main
    hypothesis = load_text(args.hypothesis)
  File "/home/msak1/ietf_meetingnotes_evaulation/Scripts_Audio/WER_assessment.py", line 9, in load_text
    with open(file_path, "r") as f:
         ~~~~^^^^^^^^^^^^^^^^
FileNotFoundError: [Errno 2] No such file or directory: 'reproducibility_results/plenary_openmic/small/plenary_openmic.wav_whisper_run04.txt'
Running small, run 05
usage: whisper_transcription.py [-h] [--input INPUT] [--model MODEL]
                                [--output OUTPUT] [--language LANGUAGE]
                                [--glossary GLOSSARY]
whisper_transcription.py: error: unrecognized arguments:  
/var/spool/slurm/d/job1001614/slurm_script: line 26: --input: command not found
mv: cannot stat 'reproducibility_results/plenary_openmic/small/plenary_openmic.wav}_whisper.txt': No such file or directory
Traceback (most recent call last):
  File "/home/msak1/ietf_meetingnotes_evaulation/Scripts_Audio/WER_assessment.py", line 55, in <module>
    main()
    ~~~~^^
  File "/home/msak1/ietf_meetingnotes_evaulation/Scripts_Audio/WER_assessment.py", line 19, in main
    hypothesis = load_text(args.hypothesis)
  File "/home/msak1/ietf_meetingnotes_evaulation/Scripts_Audio/WER_assessment.py", line 9, in load_text
    with open(file_path, "r") as f:
         ~~~~^^^^^^^^^^^^^^^^
FileNotFoundError: [Errno 2] No such file or directory: 'reproducibility_results/plenary_openmic/small/plenary_openmic.wav_whisper_run05.txt'
Running small, run 06
usage: whisper_transcription.py [-h] [--input INPUT] [--model MODEL]
                                [--output OUTPUT] [--language LANGUAGE]
                                [--glossary GLOSSARY]
whisper_transcription.py: error: unrecognized arguments:  
/var/spool/slurm/d/job1001614/slurm_script: line 26: --input: command not found
mv: cannot stat 'reproducibility_results/plenary_openmic/small/plenary_openmic.wav}_whisper.txt': No such file or directory
Traceback (most recent call last):
  File "/home/msak1/ietf_meetingnotes_evaulation/Scripts_Audio/WER_assessment.py", line 55, in <module>
    main()
    ~~~~^^
  File "/home/msak1/ietf_meetingnotes_evaulation/Scripts_Audio/WER_assessment.py", line 19, in main
    hypothesis = load_text(args.hypothesis)
  File "/home/msak1/ietf_meetingnotes_evaulation/Scripts_Audio/WER_assessment.py", line 9, in load_text
    with open(file_path, "r") as f:
         ~~~~^^^^^^^^^^^^^^^^
FileNotFoundError: [Errno 2] No such file or directory: 'reproducibility_results/plenary_openmic/small/plenary_openmic.wav_whisper_run06.txt'
Running small, run 07
usage: whisper_transcription.py [-h] [--input INPUT] [--model MODEL]
                                [--output OUTPUT] [--language LANGUAGE]
                                [--glossary GLOSSARY]
whisper_transcription.py: error: unrecognized arguments:  
/var/spool/slurm/d/job1001614/slurm_script: line 26: --input: command not found
mv: cannot stat 'reproducibility_results/plenary_openmic/small/plenary_openmic.wav}_whisper.txt': No such file or directory
Traceback (most recent call last):
  File "/home/msak1/ietf_meetingnotes_evaulation/Scripts_Audio/WER_assessment.py", line 55, in <module>
    main()
    ~~~~^^
  File "/home/msak1/ietf_meetingnotes_evaulation/Scripts_Audio/WER_assessment.py", line 19, in main
    hypothesis = load_text(args.hypothesis)
  File "/home/msak1/ietf_meetingnotes_evaulation/Scripts_Audio/WER_assessment.py", line 9, in load_text
    with open(file_path, "r") as f:
         ~~~~^^^^^^^^^^^^^^^^
FileNotFoundError: [Errno 2] No such file or directory: 'reproducibility_results/plenary_openmic/small/plenary_openmic.wav_whisper_run07.txt'
Running small, run 08
usage: whisper_transcription.py [-h] [--input INPUT] [--model MODEL]
                                [--output OUTPUT] [--language LANGUAGE]
                                [--glossary GLOSSARY]
whisper_transcription.py: error: unrecognized arguments:  
/var/spool/slurm/d/job1001614/slurm_script: line 26: --input: command not found
mv: cannot stat 'reproducibility_results/plenary_openmic/small/plenary_openmic.wav}_whisper.txt': No such file or directory
Traceback (most recent call last):
  File "/home/msak1/ietf_meetingnotes_evaulation/Scripts_Audio/WER_assessment.py", line 55, in <module>
    main()
    ~~~~^^
  File "/home/msak1/ietf_meetingnotes_evaulation/Scripts_Audio/WER_assessment.py", line 19, in main
    hypothesis = load_text(args.hypothesis)
  File "/home/msak1/ietf_meetingnotes_evaulation/Scripts_Audio/WER_assessment.py", line 9, in load_text
    with open(file_path, "r") as f:
         ~~~~^^^^^^^^^^^^^^^^
FileNotFoundError: [Errno 2] No such file or directory: 'reproducibility_results/plenary_openmic/small/plenary_openmic.wav_whisper_run08.txt'
Running small, run 09
usage: whisper_transcription.py [-h] [--input INPUT] [--model MODEL]
                                [--output OUTPUT] [--language LANGUAGE]
                                [--glossary GLOSSARY]
whisper_transcription.py: error: unrecognized arguments:  
/var/spool/slurm/d/job1001614/slurm_script: line 26: --input: command not found
mv: cannot stat 'reproducibility_results/plenary_openmic/small/plenary_openmic.wav}_whisper.txt': No such file or directory
Traceback (most recent call last):
  File "/home/msak1/ietf_meetingnotes_evaulation/Scripts_Audio/WER_assessment.py", line 55, in <module>
    main()
    ~~~~^^
  File "/home/msak1/ietf_meetingnotes_evaulation/Scripts_Audio/WER_assessment.py", line 19, in main
    hypothesis = load_text(args.hypothesis)
  File "/home/msak1/ietf_meetingnotes_evaulation/Scripts_Audio/WER_assessment.py", line 9, in load_text
    with open(file_path, "r") as f:
         ~~~~^^^^^^^^^^^^^^^^
FileNotFoundError: [Errno 2] No such file or directory: 'reproducibility_results/plenary_openmic/small/plenary_openmic.wav_whisper_run09.txt'
Running small, run 10
usage: whisper_transcription.py [-h] [--input INPUT] [--model MODEL]
                                [--output OUTPUT] [--language LANGUAGE]
                                [--glossary GLOSSARY]
whisper_transcription.py: error: unrecognized arguments:  
/var/spool/slurm/d/job1001614/slurm_script: line 26: --input: command not found
mv: cannot stat 'reproducibility_results/plenary_openmic/small/plenary_openmic.wav}_whisper.txt': No such file or directory
Traceback (most recent call last):
  File "/home/msak1/ietf_meetingnotes_evaulation/Scripts_Audio/WER_assessment.py", line 55, in <module>
    main()
    ~~~~^^
  File "/home/msak1/ietf_meetingnotes_evaulation/Scripts_Audio/WER_assessment.py", line 19, in main
    hypothesis = load_text(args.hypothesis)
  File "/home/msak1/ietf_meetingnotes_evaulation/Scripts_Audio/WER_assessment.py", line 9, in load_text
    with open(file_path, "r") as f:
         ~~~~^^^^^^^^^^^^^^^^
FileNotFoundError: [Errno 2] No such file or directory: 'reproducibility_results/plenary_openmic/small/plenary_openmic.wav_whisper_run10.txt'
Running small, run 11
usage: whisper_transcription.py [-h] [--input INPUT] [--model MODEL]
                                [--output OUTPUT] [--language LANGUAGE]
                                [--glossary GLOSSARY]
whisper_transcription.py: error: unrecognized arguments:  
/var/spool/slurm/d/job1001614/slurm_script: line 26: --input: command not found
mv: cannot stat 'reproducibility_results/plenary_openmic/small/plenary_openmic.wav}_whisper.txt': No such file or directory
Traceback (most recent call last):
  File "/home/msak1/ietf_meetingnotes_evaulation/Scripts_Audio/WER_assessment.py", line 55, in <module>
    main()
    ~~~~^^
  File "/home/msak1/ietf_meetingnotes_evaulation/Scripts_Audio/WER_assessment.py", line 19, in main
    hypothesis = load_text(args.hypothesis)
  File "/home/msak1/ietf_meetingnotes_evaulation/Scripts_Audio/WER_assessment.py", line 9, in load_text
    with open(file_path, "r") as f:
         ~~~~^^^^^^^^^^^^^^^^
FileNotFoundError: [Errno 2] No such file or directory: 'reproducibility_results/plenary_openmic/small/plenary_openmic.wav_whisper_run11.txt'
Running small, run 12
usage: whisper_transcription.py [-h] [--input INPUT] [--model MODEL]
                                [--output OUTPUT] [--language LANGUAGE]
                                [--glossary GLOSSARY]
whisper_transcription.py: error: unrecognized arguments:  
/var/spool/slurm/d/job1001614/slurm_script: line 26: --input: command not found
mv: cannot stat 'reproducibility_results/plenary_openmic/small/plenary_openmic.wav}_whisper.txt': No such file or directory
Traceback (most recent call last):
  File "/home/msak1/ietf_meetingnotes_evaulation/Scripts_Audio/WER_assessment.py", line 55, in <module>
    main()
    ~~~~^^
  File "/home/msak1/ietf_meetingnotes_evaulation/Scripts_Audio/WER_assessment.py", line 19, in main
    hypothesis = load_text(args.hypothesis)
  File "/home/msak1/ietf_meetingnotes_evaulation/Scripts_Audio/WER_assessment.py", line 9, in load_text
    with open(file_path, "r") as f:
         ~~~~^^^^^^^^^^^^^^^^
FileNotFoundError: [Errno 2] No such file or directory: 'reproducibility_results/plenary_openmic/small/plenary_openmic.wav_whisper_run12.txt'
Running small, run 13
usage: whisper_transcription.py [-h] [--input INPUT] [--model MODEL]
                                [--output OUTPUT] [--language LANGUAGE]
                                [--glossary GLOSSARY]
whisper_transcription.py: error: unrecognized arguments:  
/var/spool/slurm/d/job1001614/slurm_script: line 26: --input: command not found
mv: cannot stat 'reproducibility_results/plenary_openmic/small/plenary_openmic.wav}_whisper.txt': No such file or directory
Traceback (most recent call last):
  File "/home/msak1/ietf_meetingnotes_evaulation/Scripts_Audio/WER_assessment.py", line 55, in <module>
    main()
    ~~~~^^
  File "/home/msak1/ietf_meetingnotes_evaulation/Scripts_Audio/WER_assessment.py", line 19, in main
    hypothesis = load_text(args.hypothesis)
  File "/home/msak1/ietf_meetingnotes_evaulation/Scripts_Audio/WER_assessment.py", line 9, in load_text
    with open(file_path, "r") as f:
         ~~~~^^^^^^^^^^^^^^^^
FileNotFoundError: [Errno 2] No such file or directory: 'reproducibility_results/plenary_openmic/small/plenary_openmic.wav_whisper_run13.txt'
Running small, run 14
usage: whisper_transcription.py [-h] [--input INPUT] [--model MODEL]
                                [--output OUTPUT] [--language LANGUAGE]
                                [--glossary GLOSSARY]
whisper_transcription.py: error: unrecognized arguments:  
/var/spool/slurm/d/job1001614/slurm_script: line 26: --input: command not found
mv: cannot stat 'reproducibility_results/plenary_openmic/small/plenary_openmic.wav}_whisper.txt': No such file or directory
Traceback (most recent call last):
  File "/home/msak1/ietf_meetingnotes_evaulation/Scripts_Audio/WER_assessment.py", line 55, in <module>
    main()
    ~~~~^^
  File "/home/msak1/ietf_meetingnotes_evaulation/Scripts_Audio/WER_assessment.py", line 19, in main
    hypothesis = load_text(args.hypothesis)
  File "/home/msak1/ietf_meetingnotes_evaulation/Scripts_Audio/WER_assessment.py", line 9, in load_text
    with open(file_path, "r") as f:
         ~~~~^^^^^^^^^^^^^^^^
FileNotFoundError: [Errno 2] No such file or directory: 'reproducibility_results/plenary_openmic/small/plenary_openmic.wav_whisper_run14.txt'
Running small, run 15
usage: whisper_transcription.py [-h] [--input INPUT] [--model MODEL]
                                [--output OUTPUT] [--language LANGUAGE]
                                [--glossary GLOSSARY]
whisper_transcription.py: error: unrecognized arguments:  
/var/spool/slurm/d/job1001614/slurm_script: line 26: --input: command not found
mv: cannot stat 'reproducibility_results/plenary_openmic/small/plenary_openmic.wav}_whisper.txt': No such file or directory
Traceback (most recent call last):
  File "/home/msak1/ietf_meetingnotes_evaulation/Scripts_Audio/WER_assessment.py", line 55, in <module>
    main()
    ~~~~^^
  File "/home/msak1/ietf_meetingnotes_evaulation/Scripts_Audio/WER_assessment.py", line 19, in main
    hypothesis = load_text(args.hypothesis)
  File "/home/msak1/ietf_meetingnotes_evaulation/Scripts_Audio/WER_assessment.py", line 9, in load_text
    with open(file_path, "r") as f:
         ~~~~^^^^^^^^^^^^^^^^
FileNotFoundError: [Errno 2] No such file or directory: 'reproducibility_results/plenary_openmic/small/plenary_openmic.wav_whisper_run15.txt'
Running small, run 16
usage: whisper_transcription.py [-h] [--input INPUT] [--model MODEL]
                                [--output OUTPUT] [--language LANGUAGE]
                                [--glossary GLOSSARY]
whisper_transcription.py: error: unrecognized arguments:  
/var/spool/slurm/d/job1001614/slurm_script: line 26: --input: command not found
mv: cannot stat 'reproducibility_results/plenary_openmic/small/plenary_openmic.wav}_whisper.txt': No such file or directory
Traceback (most recent call last):
  File "/home/msak1/ietf_meetingnotes_evaulation/Scripts_Audio/WER_assessment.py", line 55, in <module>
    main()
    ~~~~^^
  File "/home/msak1/ietf_meetingnotes_evaulation/Scripts_Audio/WER_assessment.py", line 19, in main
    hypothesis = load_text(args.hypothesis)
  File "/home/msak1/ietf_meetingnotes_evaulation/Scripts_Audio/WER_assessment.py", line 9, in load_text
    with open(file_path, "r") as f:
         ~~~~^^^^^^^^^^^^^^^^
FileNotFoundError: [Errno 2] No such file or directory: 'reproducibility_results/plenary_openmic/small/plenary_openmic.wav_whisper_run16.txt'
Running small, run 17
usage: whisper_transcription.py [-h] [--input INPUT] [--model MODEL]
                                [--output OUTPUT] [--language LANGUAGE]
                                [--glossary GLOSSARY]
whisper_transcription.py: error: unrecognized arguments:  
/var/spool/slurm/d/job1001614/slurm_script: line 26: --input: command not found
mv: cannot stat 'reproducibility_results/plenary_openmic/small/plenary_openmic.wav}_whisper.txt': No such file or directory
Traceback (most recent call last):
  File "/home/msak1/ietf_meetingnotes_evaulation/Scripts_Audio/WER_assessment.py", line 55, in <module>
    main()
    ~~~~^^
  File "/home/msak1/ietf_meetingnotes_evaulation/Scripts_Audio/WER_assessment.py", line 19, in main
    hypothesis = load_text(args.hypothesis)
  File "/home/msak1/ietf_meetingnotes_evaulation/Scripts_Audio/WER_assessment.py", line 9, in load_text
    with open(file_path, "r") as f:
         ~~~~^^^^^^^^^^^^^^^^
FileNotFoundError: [Errno 2] No such file or directory: 'reproducibility_results/plenary_openmic/small/plenary_openmic.wav_whisper_run17.txt'
Running small, run 18
usage: whisper_transcription.py [-h] [--input INPUT] [--model MODEL]
                                [--output OUTPUT] [--language LANGUAGE]
                                [--glossary GLOSSARY]
whisper_transcription.py: error: unrecognized arguments:  
/var/spool/slurm/d/job1001614/slurm_script: line 26: --input: command not found
mv: cannot stat 'reproducibility_results/plenary_openmic/small/plenary_openmic.wav}_whisper.txt': No such file or directory
Traceback (most recent call last):
  File "/home/msak1/ietf_meetingnotes_evaulation/Scripts_Audio/WER_assessment.py", line 55, in <module>
    main()
    ~~~~^^
  File "/home/msak1/ietf_meetingnotes_evaulation/Scripts_Audio/WER_assessment.py", line 19, in main
    hypothesis = load_text(args.hypothesis)
  File "/home/msak1/ietf_meetingnotes_evaulation/Scripts_Audio/WER_assessment.py", line 9, in load_text
    with open(file_path, "r") as f:
         ~~~~^^^^^^^^^^^^^^^^
FileNotFoundError: [Errno 2] No such file or directory: 'reproducibility_results/plenary_openmic/small/plenary_openmic.wav_whisper_run18.txt'
Running small, run 19
usage: whisper_transcription.py [-h] [--input INPUT] [--model MODEL]
                                [--output OUTPUT] [--language LANGUAGE]
                                [--glossary GLOSSARY]
whisper_transcription.py: error: unrecognized arguments:  
/var/spool/slurm/d/job1001614/slurm_script: line 26: --input: command not found
mv: cannot stat 'reproducibility_results/plenary_openmic/small/plenary_openmic.wav}_whisper.txt': No such file or directory
Traceback (most recent call last):
  File "/home/msak1/ietf_meetingnotes_evaulation/Scripts_Audio/WER_assessment.py", line 55, in <module>
    main()
    ~~~~^^
  File "/home/msak1/ietf_meetingnotes_evaulation/Scripts_Audio/WER_assessment.py", line 19, in main
    hypothesis = load_text(args.hypothesis)
  File "/home/msak1/ietf_meetingnotes_evaulation/Scripts_Audio/WER_assessment.py", line 9, in load_text
    with open(file_path, "r") as f:
         ~~~~^^^^^^^^^^^^^^^^
FileNotFoundError: [Errno 2] No such file or directory: 'reproducibility_results/plenary_openmic/small/plenary_openmic.wav_whisper_run19.txt'
Running small, run 20
usage: whisper_transcription.py [-h] [--input INPUT] [--model MODEL]
                                [--output OUTPUT] [--language LANGUAGE]
                                [--glossary GLOSSARY]
whisper_transcription.py: error: unrecognized arguments:  
/var/spool/slurm/d/job1001614/slurm_script: line 26: --input: command not found
mv: cannot stat 'reproducibility_results/plenary_openmic/small/plenary_openmic.wav}_whisper.txt': No such file or directory
Traceback (most recent call last):
  File "/home/msak1/ietf_meetingnotes_evaulation/Scripts_Audio/WER_assessment.py", line 55, in <module>
    main()
    ~~~~^^
  File "/home/msak1/ietf_meetingnotes_evaulation/Scripts_Audio/WER_assessment.py", line 19, in main
    hypothesis = load_text(args.hypothesis)
  File "/home/msak1/ietf_meetingnotes_evaulation/Scripts_Audio/WER_assessment.py", line 9, in load_text
    with open(file_path, "r") as f:
         ~~~~^^^^^^^^^^^^^^^^
FileNotFoundError: [Errno 2] No such file or directory: 'reproducibility_results/plenary_openmic/small/plenary_openmic.wav_whisper_run20.txt'
Running small, run 21
usage: whisper_transcription.py [-h] [--input INPUT] [--model MODEL]
                                [--output OUTPUT] [--language LANGUAGE]
                                [--glossary GLOSSARY]
whisper_transcription.py: error: unrecognized arguments:  
/var/spool/slurm/d/job1001614/slurm_script: line 26: --input: command not found
mv: cannot stat 'reproducibility_results/plenary_openmic/small/plenary_openmic.wav}_whisper.txt': No such file or directory
Traceback (most recent call last):
  File "/home/msak1/ietf_meetingnotes_evaulation/Scripts_Audio/WER_assessment.py", line 55, in <module>
    main()
    ~~~~^^
  File "/home/msak1/ietf_meetingnotes_evaulation/Scripts_Audio/WER_assessment.py", line 19, in main
    hypothesis = load_text(args.hypothesis)
  File "/home/msak1/ietf_meetingnotes_evaulation/Scripts_Audio/WER_assessment.py", line 9, in load_text
    with open(file_path, "r") as f:
         ~~~~^^^^^^^^^^^^^^^^
FileNotFoundError: [Errno 2] No such file or directory: 'reproducibility_results/plenary_openmic/small/plenary_openmic.wav_whisper_run21.txt'
Running small, run 22
usage: whisper_transcription.py [-h] [--input INPUT] [--model MODEL]
                                [--output OUTPUT] [--language LANGUAGE]
                                [--glossary GLOSSARY]
whisper_transcription.py: error: unrecognized arguments:  
/var/spool/slurm/d/job1001614/slurm_script: line 26: --input: command not found
mv: cannot stat 'reproducibility_results/plenary_openmic/small/plenary_openmic.wav}_whisper.txt': No such file or directory
Traceback (most recent call last):
  File "/home/msak1/ietf_meetingnotes_evaulation/Scripts_Audio/WER_assessment.py", line 55, in <module>
    main()
    ~~~~^^
  File "/home/msak1/ietf_meetingnotes_evaulation/Scripts_Audio/WER_assessment.py", line 19, in main
    hypothesis = load_text(args.hypothesis)
  File "/home/msak1/ietf_meetingnotes_evaulation/Scripts_Audio/WER_assessment.py", line 9, in load_text
    with open(file_path, "r") as f:
         ~~~~^^^^^^^^^^^^^^^^
FileNotFoundError: [Errno 2] No such file or directory: 'reproducibility_results/plenary_openmic/small/plenary_openmic.wav_whisper_run22.txt'
Running small, run 23
usage: whisper_transcription.py [-h] [--input INPUT] [--model MODEL]
                                [--output OUTPUT] [--language LANGUAGE]
                                [--glossary GLOSSARY]
whisper_transcription.py: error: unrecognized arguments:  
/var/spool/slurm/d/job1001614/slurm_script: line 26: --input: command not found
mv: cannot stat 'reproducibility_results/plenary_openmic/small/plenary_openmic.wav}_whisper.txt': No such file or directory
Traceback (most recent call last):
  File "/home/msak1/ietf_meetingnotes_evaulation/Scripts_Audio/WER_assessment.py", line 55, in <module>
    main()
    ~~~~^^
  File "/home/msak1/ietf_meetingnotes_evaulation/Scripts_Audio/WER_assessment.py", line 19, in main
    hypothesis = load_text(args.hypothesis)
  File "/home/msak1/ietf_meetingnotes_evaulation/Scripts_Audio/WER_assessment.py", line 9, in load_text
    with open(file_path, "r") as f:
         ~~~~^^^^^^^^^^^^^^^^
FileNotFoundError: [Errno 2] No such file or directory: 'reproducibility_results/plenary_openmic/small/plenary_openmic.wav_whisper_run23.txt'
Running small, run 24
usage: whisper_transcription.py [-h] [--input INPUT] [--model MODEL]
                                [--output OUTPUT] [--language LANGUAGE]
                                [--glossary GLOSSARY]
whisper_transcription.py: error: unrecognized arguments:  
/var/spool/slurm/d/job1001614/slurm_script: line 26: --input: command not found
mv: cannot stat 'reproducibility_results/plenary_openmic/small/plenary_openmic.wav}_whisper.txt': No such file or directory
Traceback (most recent call last):
  File "/home/msak1/ietf_meetingnotes_evaulation/Scripts_Audio/WER_assessment.py", line 55, in <module>
    main()
    ~~~~^^
  File "/home/msak1/ietf_meetingnotes_evaulation/Scripts_Audio/WER_assessment.py", line 19, in main
    hypothesis = load_text(args.hypothesis)
  File "/home/msak1/ietf_meetingnotes_evaulation/Scripts_Audio/WER_assessment.py", line 9, in load_text
    with open(file_path, "r") as f:
         ~~~~^^^^^^^^^^^^^^^^
FileNotFoundError: [Errno 2] No such file or directory: 'reproducibility_results/plenary_openmic/small/plenary_openmic.wav_whisper_run24.txt'
Running small, run 25
usage: whisper_transcription.py [-h] [--input INPUT] [--model MODEL]
                                [--output OUTPUT] [--language LANGUAGE]
                                [--glossary GLOSSARY]
whisper_transcription.py: error: unrecognized arguments:  
/var/spool/slurm/d/job1001614/slurm_script: line 26: --input: command not found
mv: cannot stat 'reproducibility_results/plenary_openmic/small/plenary_openmic.wav}_whisper.txt': No such file or directory
Traceback (most recent call last):
  File "/home/msak1/ietf_meetingnotes_evaulation/Scripts_Audio/WER_assessment.py", line 55, in <module>
    main()
    ~~~~^^
  File "/home/msak1/ietf_meetingnotes_evaulation/Scripts_Audio/WER_assessment.py", line 19, in main
    hypothesis = load_text(args.hypothesis)
  File "/home/msak1/ietf_meetingnotes_evaulation/Scripts_Audio/WER_assessment.py", line 9, in load_text
    with open(file_path, "r") as f:
         ~~~~^^^^^^^^^^^^^^^^
FileNotFoundError: [Errno 2] No such file or directory: 'reproducibility_results/plenary_openmic/small/plenary_openmic.wav_whisper_run25.txt'
Running small.en, run 01
usage: whisper_transcription.py [-h] [--input INPUT] [--model MODEL]
                                [--output OUTPUT] [--language LANGUAGE]
                                [--glossary GLOSSARY]
whisper_transcription.py: error: unrecognized arguments:  
/var/spool/slurm/d/job1001614/slurm_script: line 26: --input: command not found
mv: cannot stat 'reproducibility_results/plenary_openmic/small.en/plenary_openmic.wav}_whisper.txt': No such file or directory
Traceback (most recent call last):
  File "/home/msak1/ietf_meetingnotes_evaulation/Scripts_Audio/WER_assessment.py", line 55, in <module>
    main()
    ~~~~^^
  File "/home/msak1/ietf_meetingnotes_evaulation/Scripts_Audio/WER_assessment.py", line 19, in main
    hypothesis = load_text(args.hypothesis)
  File "/home/msak1/ietf_meetingnotes_evaulation/Scripts_Audio/WER_assessment.py", line 9, in load_text
    with open(file_path, "r") as f:
         ~~~~^^^^^^^^^^^^^^^^
FileNotFoundError: [Errno 2] No such file or directory: 'reproducibility_results/plenary_openmic/small.en/plenary_openmic.wav_whisper_run01.txt'
Running small.en, run 02
usage: whisper_transcription.py [-h] [--input INPUT] [--model MODEL]
                                [--output OUTPUT] [--language LANGUAGE]
                                [--glossary GLOSSARY]
whisper_transcription.py: error: unrecognized arguments:  
/var/spool/slurm/d/job1001614/slurm_script: line 26: --input: command not found
mv: cannot stat 'reproducibility_results/plenary_openmic/small.en/plenary_openmic.wav}_whisper.txt': No such file or directory
Traceback (most recent call last):
  File "/home/msak1/ietf_meetingnotes_evaulation/Scripts_Audio/WER_assessment.py", line 55, in <module>
    main()
    ~~~~^^
  File "/home/msak1/ietf_meetingnotes_evaulation/Scripts_Audio/WER_assessment.py", line 19, in main
    hypothesis = load_text(args.hypothesis)
  File "/home/msak1/ietf_meetingnotes_evaulation/Scripts_Audio/WER_assessment.py", line 9, in load_text
    with open(file_path, "r") as f:
         ~~~~^^^^^^^^^^^^^^^^
FileNotFoundError: [Errno 2] No such file or directory: 'reproducibility_results/plenary_openmic/small.en/plenary_openmic.wav_whisper_run02.txt'
Running small.en, run 03
usage: whisper_transcription.py [-h] [--input INPUT] [--model MODEL]
                                [--output OUTPUT] [--language LANGUAGE]
                                [--glossary GLOSSARY]
whisper_transcription.py: error: unrecognized arguments:  
/var/spool/slurm/d/job1001614/slurm_script: line 26: --input: command not found
mv: cannot stat 'reproducibility_results/plenary_openmic/small.en/plenary_openmic.wav}_whisper.txt': No such file or directory
Traceback (most recent call last):
  File "/home/msak1/ietf_meetingnotes_evaulation/Scripts_Audio/WER_assessment.py", line 55, in <module>
    main()
    ~~~~^^
  File "/home/msak1/ietf_meetingnotes_evaulation/Scripts_Audio/WER_assessment.py", line 19, in main
    hypothesis = load_text(args.hypothesis)
  File "/home/msak1/ietf_meetingnotes_evaulation/Scripts_Audio/WER_assessment.py", line 9, in load_text
    with open(file_path, "r") as f:
         ~~~~^^^^^^^^^^^^^^^^
FileNotFoundError: [Errno 2] No such file or directory: 'reproducibility_results/plenary_openmic/small.en/plenary_openmic.wav_whisper_run03.txt'
Running small.en, run 04
usage: whisper_transcription.py [-h] [--input INPUT] [--model MODEL]
                                [--output OUTPUT] [--language LANGUAGE]
                                [--glossary GLOSSARY]
whisper_transcription.py: error: unrecognized arguments:  
/var/spool/slurm/d/job1001614/slurm_script: line 26: --input: command not found
mv: cannot stat 'reproducibility_results/plenary_openmic/small.en/plenary_openmic.wav}_whisper.txt': No such file or directory
Traceback (most recent call last):
  File "/home/msak1/ietf_meetingnotes_evaulation/Scripts_Audio/WER_assessment.py", line 55, in <module>
    main()
    ~~~~^^
  File "/home/msak1/ietf_meetingnotes_evaulation/Scripts_Audio/WER_assessment.py", line 19, in main
    hypothesis = load_text(args.hypothesis)
  File "/home/msak1/ietf_meetingnotes_evaulation/Scripts_Audio/WER_assessment.py", line 9, in load_text
    with open(file_path, "r") as f:
         ~~~~^^^^^^^^^^^^^^^^
FileNotFoundError: [Errno 2] No such file or directory: 'reproducibility_results/plenary_openmic/small.en/plenary_openmic.wav_whisper_run04.txt'
Running small.en, run 05
usage: whisper_transcription.py [-h] [--input INPUT] [--model MODEL]
                                [--output OUTPUT] [--language LANGUAGE]
                                [--glossary GLOSSARY]
whisper_transcription.py: error: unrecognized arguments:  
/var/spool/slurm/d/job1001614/slurm_script: line 26: --input: command not found
mv: cannot stat 'reproducibility_results/plenary_openmic/small.en/plenary_openmic.wav}_whisper.txt': No such file or directory
Traceback (most recent call last):
  File "/home/msak1/ietf_meetingnotes_evaulation/Scripts_Audio/WER_assessment.py", line 55, in <module>
    main()
    ~~~~^^
  File "/home/msak1/ietf_meetingnotes_evaulation/Scripts_Audio/WER_assessment.py", line 19, in main
    hypothesis = load_text(args.hypothesis)
  File "/home/msak1/ietf_meetingnotes_evaulation/Scripts_Audio/WER_assessment.py", line 9, in load_text
    with open(file_path, "r") as f:
         ~~~~^^^^^^^^^^^^^^^^
FileNotFoundError: [Errno 2] No such file or directory: 'reproducibility_results/plenary_openmic/small.en/plenary_openmic.wav_whisper_run05.txt'
Running small.en, run 06
usage: whisper_transcription.py [-h] [--input INPUT] [--model MODEL]
                                [--output OUTPUT] [--language LANGUAGE]
                                [--glossary GLOSSARY]
whisper_transcription.py: error: unrecognized arguments:  
/var/spool/slurm/d/job1001614/slurm_script: line 26: --input: command not found
mv: cannot stat 'reproducibility_results/plenary_openmic/small.en/plenary_openmic.wav}_whisper.txt': No such file or directory
Traceback (most recent call last):
  File "/home/msak1/ietf_meetingnotes_evaulation/Scripts_Audio/WER_assessment.py", line 55, in <module>
    main()
    ~~~~^^
  File "/home/msak1/ietf_meetingnotes_evaulation/Scripts_Audio/WER_assessment.py", line 19, in main
    hypothesis = load_text(args.hypothesis)
  File "/home/msak1/ietf_meetingnotes_evaulation/Scripts_Audio/WER_assessment.py", line 9, in load_text
    with open(file_path, "r") as f:
         ~~~~^^^^^^^^^^^^^^^^
FileNotFoundError: [Errno 2] No such file or directory: 'reproducibility_results/plenary_openmic/small.en/plenary_openmic.wav_whisper_run06.txt'
Running small.en, run 07
usage: whisper_transcription.py [-h] [--input INPUT] [--model MODEL]
                                [--output OUTPUT] [--language LANGUAGE]
                                [--glossary GLOSSARY]
whisper_transcription.py: error: unrecognized arguments:  
/var/spool/slurm/d/job1001614/slurm_script: line 26: --input: command not found
mv: cannot stat 'reproducibility_results/plenary_openmic/small.en/plenary_openmic.wav}_whisper.txt': No such file or directory
Traceback (most recent call last):
  File "/home/msak1/ietf_meetingnotes_evaulation/Scripts_Audio/WER_assessment.py", line 55, in <module>
    main()
    ~~~~^^
  File "/home/msak1/ietf_meetingnotes_evaulation/Scripts_Audio/WER_assessment.py", line 19, in main
    hypothesis = load_text(args.hypothesis)
  File "/home/msak1/ietf_meetingnotes_evaulation/Scripts_Audio/WER_assessment.py", line 9, in load_text
    with open(file_path, "r") as f:
         ~~~~^^^^^^^^^^^^^^^^
FileNotFoundError: [Errno 2] No such file or directory: 'reproducibility_results/plenary_openmic/small.en/plenary_openmic.wav_whisper_run07.txt'
Running small.en, run 08
usage: whisper_transcription.py [-h] [--input INPUT] [--model MODEL]
                                [--output OUTPUT] [--language LANGUAGE]
                                [--glossary GLOSSARY]
whisper_transcription.py: error: unrecognized arguments:  
/var/spool/slurm/d/job1001614/slurm_script: line 26: --input: command not found
mv: cannot stat 'reproducibility_results/plenary_openmic/small.en/plenary_openmic.wav}_whisper.txt': No such file or directory
Traceback (most recent call last):
  File "/home/msak1/ietf_meetingnotes_evaulation/Scripts_Audio/WER_assessment.py", line 55, in <module>
    main()
    ~~~~^^
  File "/home/msak1/ietf_meetingnotes_evaulation/Scripts_Audio/WER_assessment.py", line 19, in main
    hypothesis = load_text(args.hypothesis)
  File "/home/msak1/ietf_meetingnotes_evaulation/Scripts_Audio/WER_assessment.py", line 9, in load_text
    with open(file_path, "r") as f:
         ~~~~^^^^^^^^^^^^^^^^
FileNotFoundError: [Errno 2] No such file or directory: 'reproducibility_results/plenary_openmic/small.en/plenary_openmic.wav_whisper_run08.txt'
Running small.en, run 09
usage: whisper_transcription.py [-h] [--input INPUT] [--model MODEL]
                                [--output OUTPUT] [--language LANGUAGE]
                                [--glossary GLOSSARY]
whisper_transcription.py: error: unrecognized arguments:  
/var/spool/slurm/d/job1001614/slurm_script: line 26: --input: command not found
mv: cannot stat 'reproducibility_results/plenary_openmic/small.en/plenary_openmic.wav}_whisper.txt': No such file or directory
Traceback (most recent call last):
  File "/home/msak1/ietf_meetingnotes_evaulation/Scripts_Audio/WER_assessment.py", line 55, in <module>
    main()
    ~~~~^^
  File "/home/msak1/ietf_meetingnotes_evaulation/Scripts_Audio/WER_assessment.py", line 19, in main
    hypothesis = load_text(args.hypothesis)
  File "/home/msak1/ietf_meetingnotes_evaulation/Scripts_Audio/WER_assessment.py", line 9, in load_text
    with open(file_path, "r") as f:
         ~~~~^^^^^^^^^^^^^^^^
FileNotFoundError: [Errno 2] No such file or directory: 'reproducibility_results/plenary_openmic/small.en/plenary_openmic.wav_whisper_run09.txt'
Running small.en, run 10
usage: whisper_transcription.py [-h] [--input INPUT] [--model MODEL]
                                [--output OUTPUT] [--language LANGUAGE]
                                [--glossary GLOSSARY]
whisper_transcription.py: error: unrecognized arguments:  
/var/spool/slurm/d/job1001614/slurm_script: line 26: --input: command not found
mv: cannot stat 'reproducibility_results/plenary_openmic/small.en/plenary_openmic.wav}_whisper.txt': No such file or directory
Traceback (most recent call last):
  File "/home/msak1/ietf_meetingnotes_evaulation/Scripts_Audio/WER_assessment.py", line 55, in <module>
    main()
    ~~~~^^
  File "/home/msak1/ietf_meetingnotes_evaulation/Scripts_Audio/WER_assessment.py", line 19, in main
    hypothesis = load_text(args.hypothesis)
  File "/home/msak1/ietf_meetingnotes_evaulation/Scripts_Audio/WER_assessment.py", line 9, in load_text
    with open(file_path, "r") as f:
         ~~~~^^^^^^^^^^^^^^^^
FileNotFoundError: [Errno 2] No such file or directory: 'reproducibility_results/plenary_openmic/small.en/plenary_openmic.wav_whisper_run10.txt'
Running small.en, run 11
usage: whisper_transcription.py [-h] [--input INPUT] [--model MODEL]
                                [--output OUTPUT] [--language LANGUAGE]
                                [--glossary GLOSSARY]
whisper_transcription.py: error: unrecognized arguments:  
/var/spool/slurm/d/job1001614/slurm_script: line 26: --input: command not found
mv: cannot stat 'reproducibility_results/plenary_openmic/small.en/plenary_openmic.wav}_whisper.txt': No such file or directory
Traceback (most recent call last):
  File "/home/msak1/ietf_meetingnotes_evaulation/Scripts_Audio/WER_assessment.py", line 55, in <module>
    main()
    ~~~~^^
  File "/home/msak1/ietf_meetingnotes_evaulation/Scripts_Audio/WER_assessment.py", line 19, in main
    hypothesis = load_text(args.hypothesis)
  File "/home/msak1/ietf_meetingnotes_evaulation/Scripts_Audio/WER_assessment.py", line 9, in load_text
    with open(file_path, "r") as f:
         ~~~~^^^^^^^^^^^^^^^^
FileNotFoundError: [Errno 2] No such file or directory: 'reproducibility_results/plenary_openmic/small.en/plenary_openmic.wav_whisper_run11.txt'
Running small.en, run 12
usage: whisper_transcription.py [-h] [--input INPUT] [--model MODEL]
                                [--output OUTPUT] [--language LANGUAGE]
                                [--glossary GLOSSARY]
whisper_transcription.py: error: unrecognized arguments:  
/var/spool/slurm/d/job1001614/slurm_script: line 26: --input: command not found
mv: cannot stat 'reproducibility_results/plenary_openmic/small.en/plenary_openmic.wav}_whisper.txt': No such file or directory
Traceback (most recent call last):
  File "/home/msak1/ietf_meetingnotes_evaulation/Scripts_Audio/WER_assessment.py", line 55, in <module>
    main()
    ~~~~^^
  File "/home/msak1/ietf_meetingnotes_evaulation/Scripts_Audio/WER_assessment.py", line 19, in main
    hypothesis = load_text(args.hypothesis)
  File "/home/msak1/ietf_meetingnotes_evaulation/Scripts_Audio/WER_assessment.py", line 9, in load_text
    with open(file_path, "r") as f:
         ~~~~^^^^^^^^^^^^^^^^
FileNotFoundError: [Errno 2] No such file or directory: 'reproducibility_results/plenary_openmic/small.en/plenary_openmic.wav_whisper_run12.txt'
Running small.en, run 13
usage: whisper_transcription.py [-h] [--input INPUT] [--model MODEL]
                                [--output OUTPUT] [--language LANGUAGE]
                                [--glossary GLOSSARY]
whisper_transcription.py: error: unrecognized arguments:  
/var/spool/slurm/d/job1001614/slurm_script: line 26: --input: command not found
mv: cannot stat 'reproducibility_results/plenary_openmic/small.en/plenary_openmic.wav}_whisper.txt': No such file or directory
Traceback (most recent call last):
  File "/home/msak1/ietf_meetingnotes_evaulation/Scripts_Audio/WER_assessment.py", line 55, in <module>
    main()
    ~~~~^^
  File "/home/msak1/ietf_meetingnotes_evaulation/Scripts_Audio/WER_assessment.py", line 19, in main
    hypothesis = load_text(args.hypothesis)
  File "/home/msak1/ietf_meetingnotes_evaulation/Scripts_Audio/WER_assessment.py", line 9, in load_text
    with open(file_path, "r") as f:
         ~~~~^^^^^^^^^^^^^^^^
FileNotFoundError: [Errno 2] No such file or directory: 'reproducibility_results/plenary_openmic/small.en/plenary_openmic.wav_whisper_run13.txt'
Running small.en, run 14
usage: whisper_transcription.py [-h] [--input INPUT] [--model MODEL]
                                [--output OUTPUT] [--language LANGUAGE]
                                [--glossary GLOSSARY]
whisper_transcription.py: error: unrecognized arguments:  
/var/spool/slurm/d/job1001614/slurm_script: line 26: --input: command not found
mv: cannot stat 'reproducibility_results/plenary_openmic/small.en/plenary_openmic.wav}_whisper.txt': No such file or directory
Traceback (most recent call last):
  File "/home/msak1/ietf_meetingnotes_evaulation/Scripts_Audio/WER_assessment.py", line 55, in <module>
    main()
    ~~~~^^
  File "/home/msak1/ietf_meetingnotes_evaulation/Scripts_Audio/WER_assessment.py", line 19, in main
    hypothesis = load_text(args.hypothesis)
  File "/home/msak1/ietf_meetingnotes_evaulation/Scripts_Audio/WER_assessment.py", line 9, in load_text
    with open(file_path, "r") as f:
         ~~~~^^^^^^^^^^^^^^^^
FileNotFoundError: [Errno 2] No such file or directory: 'reproducibility_results/plenary_openmic/small.en/plenary_openmic.wav_whisper_run14.txt'
Running small.en, run 15
usage: whisper_transcription.py [-h] [--input INPUT] [--model MODEL]
                                [--output OUTPUT] [--language LANGUAGE]
                                [--glossary GLOSSARY]
whisper_transcription.py: error: unrecognized arguments:  
/var/spool/slurm/d/job1001614/slurm_script: line 26: --input: command not found
mv: cannot stat 'reproducibility_results/plenary_openmic/small.en/plenary_openmic.wav}_whisper.txt': No such file or directory
Traceback (most recent call last):
  File "/home/msak1/ietf_meetingnotes_evaulation/Scripts_Audio/WER_assessment.py", line 55, in <module>
    main()
    ~~~~^^
  File "/home/msak1/ietf_meetingnotes_evaulation/Scripts_Audio/WER_assessment.py", line 19, in main
    hypothesis = load_text(args.hypothesis)
  File "/home/msak1/ietf_meetingnotes_evaulation/Scripts_Audio/WER_assessment.py", line 9, in load_text
    with open(file_path, "r") as f:
         ~~~~^^^^^^^^^^^^^^^^
FileNotFoundError: [Errno 2] No such file or directory: 'reproducibility_results/plenary_openmic/small.en/plenary_openmic.wav_whisper_run15.txt'
Running small.en, run 16
usage: whisper_transcription.py [-h] [--input INPUT] [--model MODEL]
                                [--output OUTPUT] [--language LANGUAGE]
                                [--glossary GLOSSARY]
whisper_transcription.py: error: unrecognized arguments:  
/var/spool/slurm/d/job1001614/slurm_script: line 26: --input: command not found
mv: cannot stat 'reproducibility_results/plenary_openmic/small.en/plenary_openmic.wav}_whisper.txt': No such file or directory
Traceback (most recent call last):
  File "/home/msak1/ietf_meetingnotes_evaulation/Scripts_Audio/WER_assessment.py", line 55, in <module>
    main()
    ~~~~^^
  File "/home/msak1/ietf_meetingnotes_evaulation/Scripts_Audio/WER_assessment.py", line 19, in main
    hypothesis = load_text(args.hypothesis)
  File "/home/msak1/ietf_meetingnotes_evaulation/Scripts_Audio/WER_assessment.py", line 9, in load_text
    with open(file_path, "r") as f:
         ~~~~^^^^^^^^^^^^^^^^
FileNotFoundError: [Errno 2] No such file or directory: 'reproducibility_results/plenary_openmic/small.en/plenary_openmic.wav_whisper_run16.txt'
Running small.en, run 17
usage: whisper_transcription.py [-h] [--input INPUT] [--model MODEL]
                                [--output OUTPUT] [--language LANGUAGE]
                                [--glossary GLOSSARY]
whisper_transcription.py: error: unrecognized arguments:  
/var/spool/slurm/d/job1001614/slurm_script: line 26: --input: command not found
mv: cannot stat 'reproducibility_results/plenary_openmic/small.en/plenary_openmic.wav}_whisper.txt': No such file or directory
Traceback (most recent call last):
  File "/home/msak1/ietf_meetingnotes_evaulation/Scripts_Audio/WER_assessment.py", line 55, in <module>
    main()
    ~~~~^^
  File "/home/msak1/ietf_meetingnotes_evaulation/Scripts_Audio/WER_assessment.py", line 19, in main
    hypothesis = load_text(args.hypothesis)
  File "/home/msak1/ietf_meetingnotes_evaulation/Scripts_Audio/WER_assessment.py", line 9, in load_text
    with open(file_path, "r") as f:
         ~~~~^^^^^^^^^^^^^^^^
FileNotFoundError: [Errno 2] No such file or directory: 'reproducibility_results/plenary_openmic/small.en/plenary_openmic.wav_whisper_run17.txt'
Running small.en, run 18
usage: whisper_transcription.py [-h] [--input INPUT] [--model MODEL]
                                [--output OUTPUT] [--language LANGUAGE]
                                [--glossary GLOSSARY]
whisper_transcription.py: error: unrecognized arguments:  
/var/spool/slurm/d/job1001614/slurm_script: line 26: --input: command not found
mv: cannot stat 'reproducibility_results/plenary_openmic/small.en/plenary_openmic.wav}_whisper.txt': No such file or directory
Traceback (most recent call last):
  File "/home/msak1/ietf_meetingnotes_evaulation/Scripts_Audio/WER_assessment.py", line 55, in <module>
    main()
    ~~~~^^
  File "/home/msak1/ietf_meetingnotes_evaulation/Scripts_Audio/WER_assessment.py", line 19, in main
    hypothesis = load_text(args.hypothesis)
  File "/home/msak1/ietf_meetingnotes_evaulation/Scripts_Audio/WER_assessment.py", line 9, in load_text
    with open(file_path, "r") as f:
         ~~~~^^^^^^^^^^^^^^^^
FileNotFoundError: [Errno 2] No such file or directory: 'reproducibility_results/plenary_openmic/small.en/plenary_openmic.wav_whisper_run18.txt'
Running small.en, run 19
usage: whisper_transcription.py [-h] [--input INPUT] [--model MODEL]
                                [--output OUTPUT] [--language LANGUAGE]
                                [--glossary GLOSSARY]
whisper_transcription.py: error: unrecognized arguments:  
/var/spool/slurm/d/job1001614/slurm_script: line 26: --input: command not found
mv: cannot stat 'reproducibility_results/plenary_openmic/small.en/plenary_openmic.wav}_whisper.txt': No such file or directory
Traceback (most recent call last):
  File "/home/msak1/ietf_meetingnotes_evaulation/Scripts_Audio/WER_assessment.py", line 55, in <module>
    main()
    ~~~~^^
  File "/home/msak1/ietf_meetingnotes_evaulation/Scripts_Audio/WER_assessment.py", line 19, in main
    hypothesis = load_text(args.hypothesis)
  File "/home/msak1/ietf_meetingnotes_evaulation/Scripts_Audio/WER_assessment.py", line 9, in load_text
    with open(file_path, "r") as f:
         ~~~~^^^^^^^^^^^^^^^^
FileNotFoundError: [Errno 2] No such file or directory: 'reproducibility_results/plenary_openmic/small.en/plenary_openmic.wav_whisper_run19.txt'
Running small.en, run 20
usage: whisper_transcription.py [-h] [--input INPUT] [--model MODEL]
                                [--output OUTPUT] [--language LANGUAGE]
                                [--glossary GLOSSARY]
whisper_transcription.py: error: unrecognized arguments:  
/var/spool/slurm/d/job1001614/slurm_script: line 26: --input: command not found
mv: cannot stat 'reproducibility_results/plenary_openmic/small.en/plenary_openmic.wav}_whisper.txt': No such file or directory
Traceback (most recent call last):
  File "/home/msak1/ietf_meetingnotes_evaulation/Scripts_Audio/WER_assessment.py", line 55, in <module>
    main()
    ~~~~^^
  File "/home/msak1/ietf_meetingnotes_evaulation/Scripts_Audio/WER_assessment.py", line 19, in main
    hypothesis = load_text(args.hypothesis)
  File "/home/msak1/ietf_meetingnotes_evaulation/Scripts_Audio/WER_assessment.py", line 9, in load_text
    with open(file_path, "r") as f:
         ~~~~^^^^^^^^^^^^^^^^
FileNotFoundError: [Errno 2] No such file or directory: 'reproducibility_results/plenary_openmic/small.en/plenary_openmic.wav_whisper_run20.txt'
Running small.en, run 21
usage: whisper_transcription.py [-h] [--input INPUT] [--model MODEL]
                                [--output OUTPUT] [--language LANGUAGE]
                                [--glossary GLOSSARY]
whisper_transcription.py: error: unrecognized arguments:  
/var/spool/slurm/d/job1001614/slurm_script: line 26: --input: command not found
mv: cannot stat 'reproducibility_results/plenary_openmic/small.en/plenary_openmic.wav}_whisper.txt': No such file or directory
Traceback (most recent call last):
  File "/home/msak1/ietf_meetingnotes_evaulation/Scripts_Audio/WER_assessment.py", line 55, in <module>
    main()
    ~~~~^^
  File "/home/msak1/ietf_meetingnotes_evaulation/Scripts_Audio/WER_assessment.py", line 19, in main
    hypothesis = load_text(args.hypothesis)
  File "/home/msak1/ietf_meetingnotes_evaulation/Scripts_Audio/WER_assessment.py", line 9, in load_text
    with open(file_path, "r") as f:
         ~~~~^^^^^^^^^^^^^^^^
FileNotFoundError: [Errno 2] No such file or directory: 'reproducibility_results/plenary_openmic/small.en/plenary_openmic.wav_whisper_run21.txt'
Running small.en, run 22
usage: whisper_transcription.py [-h] [--input INPUT] [--model MODEL]
                                [--output OUTPUT] [--language LANGUAGE]
                                [--glossary GLOSSARY]
whisper_transcription.py: error: unrecognized arguments:  
/var/spool/slurm/d/job1001614/slurm_script: line 26: --input: command not found
mv: cannot stat 'reproducibility_results/plenary_openmic/small.en/plenary_openmic.wav}_whisper.txt': No such file or directory
Traceback (most recent call last):
  File "/home/msak1/ietf_meetingnotes_evaulation/Scripts_Audio/WER_assessment.py", line 55, in <module>
    main()
    ~~~~^^
  File "/home/msak1/ietf_meetingnotes_evaulation/Scripts_Audio/WER_assessment.py", line 19, in main
    hypothesis = load_text(args.hypothesis)
  File "/home/msak1/ietf_meetingnotes_evaulation/Scripts_Audio/WER_assessment.py", line 9, in load_text
    with open(file_path, "r") as f:
         ~~~~^^^^^^^^^^^^^^^^
FileNotFoundError: [Errno 2] No such file or directory: 'reproducibility_results/plenary_openmic/small.en/plenary_openmic.wav_whisper_run22.txt'
Running small.en, run 23
usage: whisper_transcription.py [-h] [--input INPUT] [--model MODEL]
                                [--output OUTPUT] [--language LANGUAGE]
                                [--glossary GLOSSARY]
whisper_transcription.py: error: unrecognized arguments:  
/var/spool/slurm/d/job1001614/slurm_script: line 26: --input: command not found
mv: cannot stat 'reproducibility_results/plenary_openmic/small.en/plenary_openmic.wav}_whisper.txt': No such file or directory
Traceback (most recent call last):
  File "/home/msak1/ietf_meetingnotes_evaulation/Scripts_Audio/WER_assessment.py", line 55, in <module>
    main()
    ~~~~^^
  File "/home/msak1/ietf_meetingnotes_evaulation/Scripts_Audio/WER_assessment.py", line 19, in main
    hypothesis = load_text(args.hypothesis)
  File "/home/msak1/ietf_meetingnotes_evaulation/Scripts_Audio/WER_assessment.py", line 9, in load_text
    with open(file_path, "r") as f:
         ~~~~^^^^^^^^^^^^^^^^
FileNotFoundError: [Errno 2] No such file or directory: 'reproducibility_results/plenary_openmic/small.en/plenary_openmic.wav_whisper_run23.txt'
Running small.en, run 24
usage: whisper_transcription.py [-h] [--input INPUT] [--model MODEL]
                                [--output OUTPUT] [--language LANGUAGE]
                                [--glossary GLOSSARY]
whisper_transcription.py: error: unrecognized arguments:  
/var/spool/slurm/d/job1001614/slurm_script: line 26: --input: command not found
mv: cannot stat 'reproducibility_results/plenary_openmic/small.en/plenary_openmic.wav}_whisper.txt': No such file or directory
Traceback (most recent call last):
  File "/home/msak1/ietf_meetingnotes_evaulation/Scripts_Audio/WER_assessment.py", line 55, in <module>
    main()
    ~~~~^^
  File "/home/msak1/ietf_meetingnotes_evaulation/Scripts_Audio/WER_assessment.py", line 19, in main
    hypothesis = load_text(args.hypothesis)
  File "/home/msak1/ietf_meetingnotes_evaulation/Scripts_Audio/WER_assessment.py", line 9, in load_text
    with open(file_path, "r") as f:
         ~~~~^^^^^^^^^^^^^^^^
FileNotFoundError: [Errno 2] No such file or directory: 'reproducibility_results/plenary_openmic/small.en/plenary_openmic.wav_whisper_run24.txt'
Running small.en, run 25
usage: whisper_transcription.py [-h] [--input INPUT] [--model MODEL]
                                [--output OUTPUT] [--language LANGUAGE]
                                [--glossary GLOSSARY]
whisper_transcription.py: error: unrecognized arguments:  
/var/spool/slurm/d/job1001614/slurm_script: line 26: --input: command not found
mv: cannot stat 'reproducibility_results/plenary_openmic/small.en/plenary_openmic.wav}_whisper.txt': No such file or directory
Traceback (most recent call last):
  File "/home/msak1/ietf_meetingnotes_evaulation/Scripts_Audio/WER_assessment.py", line 55, in <module>
    main()
    ~~~~^^
  File "/home/msak1/ietf_meetingnotes_evaulation/Scripts_Audio/WER_assessment.py", line 19, in main
    hypothesis = load_text(args.hypothesis)
  File "/home/msak1/ietf_meetingnotes_evaulation/Scripts_Audio/WER_assessment.py", line 9, in load_text
    with open(file_path, "r") as f:
         ~~~~^^^^^^^^^^^^^^^^
FileNotFoundError: [Errno 2] No such file or directory: 'reproducibility_results/plenary_openmic/small.en/plenary_openmic.wav_whisper_run25.txt'
Running medium, run 01
usage: whisper_transcription.py [-h] [--input INPUT] [--model MODEL]
                                [--output OUTPUT] [--language LANGUAGE]
                                [--glossary GLOSSARY]
whisper_transcription.py: error: unrecognized arguments:  
/var/spool/slurm/d/job1001614/slurm_script: line 26: --input: command not found
mv: cannot stat 'reproducibility_results/plenary_openmic/medium/plenary_openmic.wav}_whisper.txt': No such file or directory
Traceback (most recent call last):
  File "/home/msak1/ietf_meetingnotes_evaulation/Scripts_Audio/WER_assessment.py", line 55, in <module>
    main()
    ~~~~^^
  File "/home/msak1/ietf_meetingnotes_evaulation/Scripts_Audio/WER_assessment.py", line 19, in main
    hypothesis = load_text(args.hypothesis)
  File "/home/msak1/ietf_meetingnotes_evaulation/Scripts_Audio/WER_assessment.py", line 9, in load_text
    with open(file_path, "r") as f:
         ~~~~^^^^^^^^^^^^^^^^
FileNotFoundError: [Errno 2] No such file or directory: 'reproducibility_results/plenary_openmic/medium/plenary_openmic.wav_whisper_run01.txt'
Running medium, run 02
usage: whisper_transcription.py [-h] [--input INPUT] [--model MODEL]
                                [--output OUTPUT] [--language LANGUAGE]
                                [--glossary GLOSSARY]
whisper_transcription.py: error: unrecognized arguments:  
/var/spool/slurm/d/job1001614/slurm_script: line 26: --input: command not found
mv: cannot stat 'reproducibility_results/plenary_openmic/medium/plenary_openmic.wav}_whisper.txt': No such file or directory
Traceback (most recent call last):
  File "/home/msak1/ietf_meetingnotes_evaulation/Scripts_Audio/WER_assessment.py", line 55, in <module>
    main()
    ~~~~^^
  File "/home/msak1/ietf_meetingnotes_evaulation/Scripts_Audio/WER_assessment.py", line 19, in main
    hypothesis = load_text(args.hypothesis)
  File "/home/msak1/ietf_meetingnotes_evaulation/Scripts_Audio/WER_assessment.py", line 9, in load_text
    with open(file_path, "r") as f:
         ~~~~^^^^^^^^^^^^^^^^
FileNotFoundError: [Errno 2] No such file or directory: 'reproducibility_results/plenary_openmic/medium/plenary_openmic.wav_whisper_run02.txt'
Running medium, run 03
usage: whisper_transcription.py [-h] [--input INPUT] [--model MODEL]
                                [--output OUTPUT] [--language LANGUAGE]
                                [--glossary GLOSSARY]
whisper_transcription.py: error: unrecognized arguments:  
/var/spool/slurm/d/job1001614/slurm_script: line 26: --input: command not found
mv: cannot stat 'reproducibility_results/plenary_openmic/medium/plenary_openmic.wav}_whisper.txt': No such file or directory
Traceback (most recent call last):
  File "/home/msak1/ietf_meetingnotes_evaulation/Scripts_Audio/WER_assessment.py", line 55, in <module>
    main()
    ~~~~^^
  File "/home/msak1/ietf_meetingnotes_evaulation/Scripts_Audio/WER_assessment.py", line 19, in main
    hypothesis = load_text(args.hypothesis)
  File "/home/msak1/ietf_meetingnotes_evaulation/Scripts_Audio/WER_assessment.py", line 9, in load_text
    with open(file_path, "r") as f:
         ~~~~^^^^^^^^^^^^^^^^
FileNotFoundError: [Errno 2] No such file or directory: 'reproducibility_results/plenary_openmic/medium/plenary_openmic.wav_whisper_run03.txt'
Running medium, run 04
usage: whisper_transcription.py [-h] [--input INPUT] [--model MODEL]
                                [--output OUTPUT] [--language LANGUAGE]
                                [--glossary GLOSSARY]
whisper_transcription.py: error: unrecognized arguments:  
/var/spool/slurm/d/job1001614/slurm_script: line 26: --input: command not found
mv: cannot stat 'reproducibility_results/plenary_openmic/medium/plenary_openmic.wav}_whisper.txt': No such file or directory
Traceback (most recent call last):
  File "/home/msak1/ietf_meetingnotes_evaulation/Scripts_Audio/WER_assessment.py", line 55, in <module>
    main()
    ~~~~^^
  File "/home/msak1/ietf_meetingnotes_evaulation/Scripts_Audio/WER_assessment.py", line 19, in main
    hypothesis = load_text(args.hypothesis)
  File "/home/msak1/ietf_meetingnotes_evaulation/Scripts_Audio/WER_assessment.py", line 9, in load_text
    with open(file_path, "r") as f:
         ~~~~^^^^^^^^^^^^^^^^
FileNotFoundError: [Errno 2] No such file or directory: 'reproducibility_results/plenary_openmic/medium/plenary_openmic.wav_whisper_run04.txt'
Running medium, run 05
usage: whisper_transcription.py [-h] [--input INPUT] [--model MODEL]
                                [--output OUTPUT] [--language LANGUAGE]
                                [--glossary GLOSSARY]
whisper_transcription.py: error: unrecognized arguments:  
/var/spool/slurm/d/job1001614/slurm_script: line 26: --input: command not found
mv: cannot stat 'reproducibility_results/plenary_openmic/medium/plenary_openmic.wav}_whisper.txt': No such file or directory
Traceback (most recent call last):
  File "/home/msak1/ietf_meetingnotes_evaulation/Scripts_Audio/WER_assessment.py", line 55, in <module>
    main()
    ~~~~^^
  File "/home/msak1/ietf_meetingnotes_evaulation/Scripts_Audio/WER_assessment.py", line 19, in main
    hypothesis = load_text(args.hypothesis)
  File "/home/msak1/ietf_meetingnotes_evaulation/Scripts_Audio/WER_assessment.py", line 9, in load_text
    with open(file_path, "r") as f:
         ~~~~^^^^^^^^^^^^^^^^
FileNotFoundError: [Errno 2] No such file or directory: 'reproducibility_results/plenary_openmic/medium/plenary_openmic.wav_whisper_run05.txt'
Running medium, run 06
usage: whisper_transcription.py [-h] [--input INPUT] [--model MODEL]
                                [--output OUTPUT] [--language LANGUAGE]
                                [--glossary GLOSSARY]
whisper_transcription.py: error: unrecognized arguments:  
/var/spool/slurm/d/job1001614/slurm_script: line 26: --input: command not found
mv: cannot stat 'reproducibility_results/plenary_openmic/medium/plenary_openmic.wav}_whisper.txt': No such file or directory
Traceback (most recent call last):
  File "/home/msak1/ietf_meetingnotes_evaulation/Scripts_Audio/WER_assessment.py", line 55, in <module>
    main()
    ~~~~^^
  File "/home/msak1/ietf_meetingnotes_evaulation/Scripts_Audio/WER_assessment.py", line 19, in main
    hypothesis = load_text(args.hypothesis)
  File "/home/msak1/ietf_meetingnotes_evaulation/Scripts_Audio/WER_assessment.py", line 9, in load_text
    with open(file_path, "r") as f:
         ~~~~^^^^^^^^^^^^^^^^
FileNotFoundError: [Errno 2] No such file or directory: 'reproducibility_results/plenary_openmic/medium/plenary_openmic.wav_whisper_run06.txt'
Running medium, run 07
usage: whisper_transcription.py [-h] [--input INPUT] [--model MODEL]
                                [--output OUTPUT] [--language LANGUAGE]
                                [--glossary GLOSSARY]
whisper_transcription.py: error: unrecognized arguments:  
/var/spool/slurm/d/job1001614/slurm_script: line 26: --input: command not found
mv: cannot stat 'reproducibility_results/plenary_openmic/medium/plenary_openmic.wav}_whisper.txt': No such file or directory
Traceback (most recent call last):
  File "/home/msak1/ietf_meetingnotes_evaulation/Scripts_Audio/WER_assessment.py", line 55, in <module>
    main()
    ~~~~^^
  File "/home/msak1/ietf_meetingnotes_evaulation/Scripts_Audio/WER_assessment.py", line 19, in main
    hypothesis = load_text(args.hypothesis)
  File "/home/msak1/ietf_meetingnotes_evaulation/Scripts_Audio/WER_assessment.py", line 9, in load_text
    with open(file_path, "r") as f:
         ~~~~^^^^^^^^^^^^^^^^
FileNotFoundError: [Errno 2] No such file or directory: 'reproducibility_results/plenary_openmic/medium/plenary_openmic.wav_whisper_run07.txt'
Running medium, run 08
usage: whisper_transcription.py [-h] [--input INPUT] [--model MODEL]
                                [--output OUTPUT] [--language LANGUAGE]
                                [--glossary GLOSSARY]
whisper_transcription.py: error: unrecognized arguments:  
/var/spool/slurm/d/job1001614/slurm_script: line 26: --input: command not found
mv: cannot stat 'reproducibility_results/plenary_openmic/medium/plenary_openmic.wav}_whisper.txt': No such file or directory
Traceback (most recent call last):
  File "/home/msak1/ietf_meetingnotes_evaulation/Scripts_Audio/WER_assessment.py", line 55, in <module>
    main()
    ~~~~^^
  File "/home/msak1/ietf_meetingnotes_evaulation/Scripts_Audio/WER_assessment.py", line 19, in main
    hypothesis = load_text(args.hypothesis)
  File "/home/msak1/ietf_meetingnotes_evaulation/Scripts_Audio/WER_assessment.py", line 9, in load_text
    with open(file_path, "r") as f:
         ~~~~^^^^^^^^^^^^^^^^
FileNotFoundError: [Errno 2] No such file or directory: 'reproducibility_results/plenary_openmic/medium/plenary_openmic.wav_whisper_run08.txt'
Running medium, run 09
usage: whisper_transcription.py [-h] [--input INPUT] [--model MODEL]
                                [--output OUTPUT] [--language LANGUAGE]
                                [--glossary GLOSSARY]
whisper_transcription.py: error: unrecognized arguments:  
/var/spool/slurm/d/job1001614/slurm_script: line 26: --input: command not found
mv: cannot stat 'reproducibility_results/plenary_openmic/medium/plenary_openmic.wav}_whisper.txt': No such file or directory
Traceback (most recent call last):
  File "/home/msak1/ietf_meetingnotes_evaulation/Scripts_Audio/WER_assessment.py", line 55, in <module>
    main()
    ~~~~^^
  File "/home/msak1/ietf_meetingnotes_evaulation/Scripts_Audio/WER_assessment.py", line 19, in main
    hypothesis = load_text(args.hypothesis)
  File "/home/msak1/ietf_meetingnotes_evaulation/Scripts_Audio/WER_assessment.py", line 9, in load_text
    with open(file_path, "r") as f:
         ~~~~^^^^^^^^^^^^^^^^
FileNotFoundError: [Errno 2] No such file or directory: 'reproducibility_results/plenary_openmic/medium/plenary_openmic.wav_whisper_run09.txt'
Running medium, run 10
usage: whisper_transcription.py [-h] [--input INPUT] [--model MODEL]
                                [--output OUTPUT] [--language LANGUAGE]
                                [--glossary GLOSSARY]
whisper_transcription.py: error: unrecognized arguments:  
/var/spool/slurm/d/job1001614/slurm_script: line 26: --input: command not found
mv: cannot stat 'reproducibility_results/plenary_openmic/medium/plenary_openmic.wav}_whisper.txt': No such file or directory
Traceback (most recent call last):
  File "/home/msak1/ietf_meetingnotes_evaulation/Scripts_Audio/WER_assessment.py", line 55, in <module>
    main()
    ~~~~^^
  File "/home/msak1/ietf_meetingnotes_evaulation/Scripts_Audio/WER_assessment.py", line 19, in main
    hypothesis = load_text(args.hypothesis)
  File "/home/msak1/ietf_meetingnotes_evaulation/Scripts_Audio/WER_assessment.py", line 9, in load_text
    with open(file_path, "r") as f:
         ~~~~^^^^^^^^^^^^^^^^
FileNotFoundError: [Errno 2] No such file or directory: 'reproducibility_results/plenary_openmic/medium/plenary_openmic.wav_whisper_run10.txt'
Running medium, run 11
usage: whisper_transcription.py [-h] [--input INPUT] [--model MODEL]
                                [--output OUTPUT] [--language LANGUAGE]
                                [--glossary GLOSSARY]
whisper_transcription.py: error: unrecognized arguments:  
/var/spool/slurm/d/job1001614/slurm_script: line 26: --input: command not found
mv: cannot stat 'reproducibility_results/plenary_openmic/medium/plenary_openmic.wav}_whisper.txt': No such file or directory
Traceback (most recent call last):
  File "/home/msak1/ietf_meetingnotes_evaulation/Scripts_Audio/WER_assessment.py", line 55, in <module>
    main()
    ~~~~^^
  File "/home/msak1/ietf_meetingnotes_evaulation/Scripts_Audio/WER_assessment.py", line 19, in main
    hypothesis = load_text(args.hypothesis)
  File "/home/msak1/ietf_meetingnotes_evaulation/Scripts_Audio/WER_assessment.py", line 9, in load_text
    with open(file_path, "r") as f:
         ~~~~^^^^^^^^^^^^^^^^
FileNotFoundError: [Errno 2] No such file or directory: 'reproducibility_results/plenary_openmic/medium/plenary_openmic.wav_whisper_run11.txt'
Running medium, run 12
usage: whisper_transcription.py [-h] [--input INPUT] [--model MODEL]
                                [--output OUTPUT] [--language LANGUAGE]
                                [--glossary GLOSSARY]
whisper_transcription.py: error: unrecognized arguments:  
/var/spool/slurm/d/job1001614/slurm_script: line 26: --input: command not found
mv: cannot stat 'reproducibility_results/plenary_openmic/medium/plenary_openmic.wav}_whisper.txt': No such file or directory
Traceback (most recent call last):
  File "/home/msak1/ietf_meetingnotes_evaulation/Scripts_Audio/WER_assessment.py", line 55, in <module>
    main()
    ~~~~^^
  File "/home/msak1/ietf_meetingnotes_evaulation/Scripts_Audio/WER_assessment.py", line 19, in main
    hypothesis = load_text(args.hypothesis)
  File "/home/msak1/ietf_meetingnotes_evaulation/Scripts_Audio/WER_assessment.py", line 9, in load_text
    with open(file_path, "r") as f:
         ~~~~^^^^^^^^^^^^^^^^
FileNotFoundError: [Errno 2] No such file or directory: 'reproducibility_results/plenary_openmic/medium/plenary_openmic.wav_whisper_run12.txt'
Running medium, run 13
usage: whisper_transcription.py [-h] [--input INPUT] [--model MODEL]
                                [--output OUTPUT] [--language LANGUAGE]
                                [--glossary GLOSSARY]
whisper_transcription.py: error: unrecognized arguments:  
/var/spool/slurm/d/job1001614/slurm_script: line 26: --input: command not found
mv: cannot stat 'reproducibility_results/plenary_openmic/medium/plenary_openmic.wav}_whisper.txt': No such file or directory
Traceback (most recent call last):
  File "/home/msak1/ietf_meetingnotes_evaulation/Scripts_Audio/WER_assessment.py", line 55, in <module>
    main()
    ~~~~^^
  File "/home/msak1/ietf_meetingnotes_evaulation/Scripts_Audio/WER_assessment.py", line 19, in main
    hypothesis = load_text(args.hypothesis)
  File "/home/msak1/ietf_meetingnotes_evaulation/Scripts_Audio/WER_assessment.py", line 9, in load_text
    with open(file_path, "r") as f:
         ~~~~^^^^^^^^^^^^^^^^
FileNotFoundError: [Errno 2] No such file or directory: 'reproducibility_results/plenary_openmic/medium/plenary_openmic.wav_whisper_run13.txt'
Running medium, run 14
usage: whisper_transcription.py [-h] [--input INPUT] [--model MODEL]
                                [--output OUTPUT] [--language LANGUAGE]
                                [--glossary GLOSSARY]
whisper_transcription.py: error: unrecognized arguments:  
/var/spool/slurm/d/job1001614/slurm_script: line 26: --input: command not found
mv: cannot stat 'reproducibility_results/plenary_openmic/medium/plenary_openmic.wav}_whisper.txt': No such file or directory
Traceback (most recent call last):
  File "/home/msak1/ietf_meetingnotes_evaulation/Scripts_Audio/WER_assessment.py", line 55, in <module>
    main()
    ~~~~^^
  File "/home/msak1/ietf_meetingnotes_evaulation/Scripts_Audio/WER_assessment.py", line 19, in main
    hypothesis = load_text(args.hypothesis)
  File "/home/msak1/ietf_meetingnotes_evaulation/Scripts_Audio/WER_assessment.py", line 9, in load_text
    with open(file_path, "r") as f:
         ~~~~^^^^^^^^^^^^^^^^
FileNotFoundError: [Errno 2] No such file or directory: 'reproducibility_results/plenary_openmic/medium/plenary_openmic.wav_whisper_run14.txt'
Running medium, run 15
usage: whisper_transcription.py [-h] [--input INPUT] [--model MODEL]
                                [--output OUTPUT] [--language LANGUAGE]
                                [--glossary GLOSSARY]
whisper_transcription.py: error: unrecognized arguments:  
/var/spool/slurm/d/job1001614/slurm_script: line 26: --input: command not found
mv: cannot stat 'reproducibility_results/plenary_openmic/medium/plenary_openmic.wav}_whisper.txt': No such file or directory
Traceback (most recent call last):
  File "/home/msak1/ietf_meetingnotes_evaulation/Scripts_Audio/WER_assessment.py", line 55, in <module>
    main()
    ~~~~^^
  File "/home/msak1/ietf_meetingnotes_evaulation/Scripts_Audio/WER_assessment.py", line 19, in main
    hypothesis = load_text(args.hypothesis)
  File "/home/msak1/ietf_meetingnotes_evaulation/Scripts_Audio/WER_assessment.py", line 9, in load_text
    with open(file_path, "r") as f:
         ~~~~^^^^^^^^^^^^^^^^
FileNotFoundError: [Errno 2] No such file or directory: 'reproducibility_results/plenary_openmic/medium/plenary_openmic.wav_whisper_run15.txt'
Running medium, run 16
usage: whisper_transcription.py [-h] [--input INPUT] [--model MODEL]
                                [--output OUTPUT] [--language LANGUAGE]
                                [--glossary GLOSSARY]
whisper_transcription.py: error: unrecognized arguments:  
/var/spool/slurm/d/job1001614/slurm_script: line 26: --input: command not found
mv: cannot stat 'reproducibility_results/plenary_openmic/medium/plenary_openmic.wav}_whisper.txt': No such file or directory
Traceback (most recent call last):
  File "/home/msak1/ietf_meetingnotes_evaulation/Scripts_Audio/WER_assessment.py", line 55, in <module>
    main()
    ~~~~^^
  File "/home/msak1/ietf_meetingnotes_evaulation/Scripts_Audio/WER_assessment.py", line 19, in main
    hypothesis = load_text(args.hypothesis)
  File "/home/msak1/ietf_meetingnotes_evaulation/Scripts_Audio/WER_assessment.py", line 9, in load_text
    with open(file_path, "r") as f:
         ~~~~^^^^^^^^^^^^^^^^
FileNotFoundError: [Errno 2] No such file or directory: 'reproducibility_results/plenary_openmic/medium/plenary_openmic.wav_whisper_run16.txt'
Running medium, run 17
usage: whisper_transcription.py [-h] [--input INPUT] [--model MODEL]
                                [--output OUTPUT] [--language LANGUAGE]
                                [--glossary GLOSSARY]
whisper_transcription.py: error: unrecognized arguments:  
/var/spool/slurm/d/job1001614/slurm_script: line 26: --input: command not found
mv: cannot stat 'reproducibility_results/plenary_openmic/medium/plenary_openmic.wav}_whisper.txt': No such file or directory
Traceback (most recent call last):
  File "/home/msak1/ietf_meetingnotes_evaulation/Scripts_Audio/WER_assessment.py", line 55, in <module>
    main()
    ~~~~^^
  File "/home/msak1/ietf_meetingnotes_evaulation/Scripts_Audio/WER_assessment.py", line 19, in main
    hypothesis = load_text(args.hypothesis)
  File "/home/msak1/ietf_meetingnotes_evaulation/Scripts_Audio/WER_assessment.py", line 9, in load_text
    with open(file_path, "r") as f:
         ~~~~^^^^^^^^^^^^^^^^
FileNotFoundError: [Errno 2] No such file or directory: 'reproducibility_results/plenary_openmic/medium/plenary_openmic.wav_whisper_run17.txt'
Running medium, run 18
usage: whisper_transcription.py [-h] [--input INPUT] [--model MODEL]
                                [--output OUTPUT] [--language LANGUAGE]
                                [--glossary GLOSSARY]
whisper_transcription.py: error: unrecognized arguments:  
/var/spool/slurm/d/job1001614/slurm_script: line 26: --input: command not found
mv: cannot stat 'reproducibility_results/plenary_openmic/medium/plenary_openmic.wav}_whisper.txt': No such file or directory
Traceback (most recent call last):
  File "/home/msak1/ietf_meetingnotes_evaulation/Scripts_Audio/WER_assessment.py", line 55, in <module>
    main()
    ~~~~^^
  File "/home/msak1/ietf_meetingnotes_evaulation/Scripts_Audio/WER_assessment.py", line 19, in main
    hypothesis = load_text(args.hypothesis)
  File "/home/msak1/ietf_meetingnotes_evaulation/Scripts_Audio/WER_assessment.py", line 9, in load_text
    with open(file_path, "r") as f:
         ~~~~^^^^^^^^^^^^^^^^
FileNotFoundError: [Errno 2] No such file or directory: 'reproducibility_results/plenary_openmic/medium/plenary_openmic.wav_whisper_run18.txt'
Running medium, run 19
usage: whisper_transcription.py [-h] [--input INPUT] [--model MODEL]
                                [--output OUTPUT] [--language LANGUAGE]
                                [--glossary GLOSSARY]
whisper_transcription.py: error: unrecognized arguments:  
/var/spool/slurm/d/job1001614/slurm_script: line 26: --input: command not found
mv: cannot stat 'reproducibility_results/plenary_openmic/medium/plenary_openmic.wav}_whisper.txt': No such file or directory
Traceback (most recent call last):
  File "/home/msak1/ietf_meetingnotes_evaulation/Scripts_Audio/WER_assessment.py", line 55, in <module>
    main()
    ~~~~^^
  File "/home/msak1/ietf_meetingnotes_evaulation/Scripts_Audio/WER_assessment.py", line 19, in main
    hypothesis = load_text(args.hypothesis)
  File "/home/msak1/ietf_meetingnotes_evaulation/Scripts_Audio/WER_assessment.py", line 9, in load_text
    with open(file_path, "r") as f:
         ~~~~^^^^^^^^^^^^^^^^
FileNotFoundError: [Errno 2] No such file or directory: 'reproducibility_results/plenary_openmic/medium/plenary_openmic.wav_whisper_run19.txt'
Running medium, run 20
usage: whisper_transcription.py [-h] [--input INPUT] [--model MODEL]
                                [--output OUTPUT] [--language LANGUAGE]
                                [--glossary GLOSSARY]
whisper_transcription.py: error: unrecognized arguments:  
/var/spool/slurm/d/job1001614/slurm_script: line 26: --input: command not found
mv: cannot stat 'reproducibility_results/plenary_openmic/medium/plenary_openmic.wav}_whisper.txt': No such file or directory
Traceback (most recent call last):
  File "/home/msak1/ietf_meetingnotes_evaulation/Scripts_Audio/WER_assessment.py", line 55, in <module>
    main()
    ~~~~^^
  File "/home/msak1/ietf_meetingnotes_evaulation/Scripts_Audio/WER_assessment.py", line 19, in main
    hypothesis = load_text(args.hypothesis)
  File "/home/msak1/ietf_meetingnotes_evaulation/Scripts_Audio/WER_assessment.py", line 9, in load_text
    with open(file_path, "r") as f:
         ~~~~^^^^^^^^^^^^^^^^
FileNotFoundError: [Errno 2] No such file or directory: 'reproducibility_results/plenary_openmic/medium/plenary_openmic.wav_whisper_run20.txt'
Running medium, run 21
usage: whisper_transcription.py [-h] [--input INPUT] [--model MODEL]
                                [--output OUTPUT] [--language LANGUAGE]
                                [--glossary GLOSSARY]
whisper_transcription.py: error: unrecognized arguments:  
/var/spool/slurm/d/job1001614/slurm_script: line 26: --input: command not found
mv: cannot stat 'reproducibility_results/plenary_openmic/medium/plenary_openmic.wav}_whisper.txt': No such file or directory
Traceback (most recent call last):
  File "/home/msak1/ietf_meetingnotes_evaulation/Scripts_Audio/WER_assessment.py", line 55, in <module>
    main()
    ~~~~^^
  File "/home/msak1/ietf_meetingnotes_evaulation/Scripts_Audio/WER_assessment.py", line 19, in main
    hypothesis = load_text(args.hypothesis)
  File "/home/msak1/ietf_meetingnotes_evaulation/Scripts_Audio/WER_assessment.py", line 9, in load_text
    with open(file_path, "r") as f:
         ~~~~^^^^^^^^^^^^^^^^
FileNotFoundError: [Errno 2] No such file or directory: 'reproducibility_results/plenary_openmic/medium/plenary_openmic.wav_whisper_run21.txt'
Running medium, run 22
usage: whisper_transcription.py [-h] [--input INPUT] [--model MODEL]
                                [--output OUTPUT] [--language LANGUAGE]
                                [--glossary GLOSSARY]
whisper_transcription.py: error: unrecognized arguments:  
/var/spool/slurm/d/job1001614/slurm_script: line 26: --input: command not found
mv: cannot stat 'reproducibility_results/plenary_openmic/medium/plenary_openmic.wav}_whisper.txt': No such file or directory
Traceback (most recent call last):
  File "/home/msak1/ietf_meetingnotes_evaulation/Scripts_Audio/WER_assessment.py", line 55, in <module>
    main()
    ~~~~^^
  File "/home/msak1/ietf_meetingnotes_evaulation/Scripts_Audio/WER_assessment.py", line 19, in main
    hypothesis = load_text(args.hypothesis)
  File "/home/msak1/ietf_meetingnotes_evaulation/Scripts_Audio/WER_assessment.py", line 9, in load_text
    with open(file_path, "r") as f:
         ~~~~^^^^^^^^^^^^^^^^
FileNotFoundError: [Errno 2] No such file or directory: 'reproducibility_results/plenary_openmic/medium/plenary_openmic.wav_whisper_run22.txt'
Running medium, run 23
usage: whisper_transcription.py [-h] [--input INPUT] [--model MODEL]
                                [--output OUTPUT] [--language LANGUAGE]
                                [--glossary GLOSSARY]
whisper_transcription.py: error: unrecognized arguments:  
/var/spool/slurm/d/job1001614/slurm_script: line 26: --input: command not found
mv: cannot stat 'reproducibility_results/plenary_openmic/medium/plenary_openmic.wav}_whisper.txt': No such file or directory
Traceback (most recent call last):
  File "/home/msak1/ietf_meetingnotes_evaulation/Scripts_Audio/WER_assessment.py", line 55, in <module>
    main()
    ~~~~^^
  File "/home/msak1/ietf_meetingnotes_evaulation/Scripts_Audio/WER_assessment.py", line 19, in main
    hypothesis = load_text(args.hypothesis)
  File "/home/msak1/ietf_meetingnotes_evaulation/Scripts_Audio/WER_assessment.py", line 9, in load_text
    with open(file_path, "r") as f:
         ~~~~^^^^^^^^^^^^^^^^
FileNotFoundError: [Errno 2] No such file or directory: 'reproducibility_results/plenary_openmic/medium/plenary_openmic.wav_whisper_run23.txt'
Running medium, run 24
usage: whisper_transcription.py [-h] [--input INPUT] [--model MODEL]
                                [--output OUTPUT] [--language LANGUAGE]
                                [--glossary GLOSSARY]
whisper_transcription.py: error: unrecognized arguments:  
/var/spool/slurm/d/job1001614/slurm_script: line 26: --input: command not found
mv: cannot stat 'reproducibility_results/plenary_openmic/medium/plenary_openmic.wav}_whisper.txt': No such file or directory
Traceback (most recent call last):
  File "/home/msak1/ietf_meetingnotes_evaulation/Scripts_Audio/WER_assessment.py", line 55, in <module>
    main()
    ~~~~^^
  File "/home/msak1/ietf_meetingnotes_evaulation/Scripts_Audio/WER_assessment.py", line 19, in main
    hypothesis = load_text(args.hypothesis)
  File "/home/msak1/ietf_meetingnotes_evaulation/Scripts_Audio/WER_assessment.py", line 9, in load_text
    with open(file_path, "r") as f:
         ~~~~^^^^^^^^^^^^^^^^
FileNotFoundError: [Errno 2] No such file or directory: 'reproducibility_results/plenary_openmic/medium/plenary_openmic.wav_whisper_run24.txt'
Running medium, run 25
usage: whisper_transcription.py [-h] [--input INPUT] [--model MODEL]
                                [--output OUTPUT] [--language LANGUAGE]
                                [--glossary GLOSSARY]
whisper_transcription.py: error: unrecognized arguments:  
/var/spool/slurm/d/job1001614/slurm_script: line 26: --input: command not found
mv: cannot stat 'reproducibility_results/plenary_openmic/medium/plenary_openmic.wav}_whisper.txt': No such file or directory
Traceback (most recent call last):
  File "/home/msak1/ietf_meetingnotes_evaulation/Scripts_Audio/WER_assessment.py", line 55, in <module>
    main()
    ~~~~^^
  File "/home/msak1/ietf_meetingnotes_evaulation/Scripts_Audio/WER_assessment.py", line 19, in main
    hypothesis = load_text(args.hypothesis)
  File "/home/msak1/ietf_meetingnotes_evaulation/Scripts_Audio/WER_assessment.py", line 9, in load_text
    with open(file_path, "r") as f:
         ~~~~^^^^^^^^^^^^^^^^
FileNotFoundError: [Errno 2] No such file or directory: 'reproducibility_results/plenary_openmic/medium/plenary_openmic.wav_whisper_run25.txt'
Running medium.en, run 01
usage: whisper_transcription.py [-h] [--input INPUT] [--model MODEL]
                                [--output OUTPUT] [--language LANGUAGE]
                                [--glossary GLOSSARY]
whisper_transcription.py: error: unrecognized arguments:  
/var/spool/slurm/d/job1001614/slurm_script: line 26: --input: command not found
mv: cannot stat 'reproducibility_results/plenary_openmic/medium.en/plenary_openmic.wav}_whisper.txt': No such file or directory
Traceback (most recent call last):
  File "/home/msak1/ietf_meetingnotes_evaulation/Scripts_Audio/WER_assessment.py", line 55, in <module>
    main()
    ~~~~^^
  File "/home/msak1/ietf_meetingnotes_evaulation/Scripts_Audio/WER_assessment.py", line 19, in main
    hypothesis = load_text(args.hypothesis)
  File "/home/msak1/ietf_meetingnotes_evaulation/Scripts_Audio/WER_assessment.py", line 9, in load_text
    with open(file_path, "r") as f:
         ~~~~^^^^^^^^^^^^^^^^
FileNotFoundError: [Errno 2] No such file or directory: 'reproducibility_results/plenary_openmic/medium.en/plenary_openmic.wav_whisper_run01.txt'
Running medium.en, run 02
usage: whisper_transcription.py [-h] [--input INPUT] [--model MODEL]
                                [--output OUTPUT] [--language LANGUAGE]
                                [--glossary GLOSSARY]
whisper_transcription.py: error: unrecognized arguments:  
/var/spool/slurm/d/job1001614/slurm_script: line 26: --input: command not found
mv: cannot stat 'reproducibility_results/plenary_openmic/medium.en/plenary_openmic.wav}_whisper.txt': No such file or directory
Traceback (most recent call last):
  File "/home/msak1/ietf_meetingnotes_evaulation/Scripts_Audio/WER_assessment.py", line 55, in <module>
    main()
    ~~~~^^
  File "/home/msak1/ietf_meetingnotes_evaulation/Scripts_Audio/WER_assessment.py", line 19, in main
    hypothesis = load_text(args.hypothesis)
  File "/home/msak1/ietf_meetingnotes_evaulation/Scripts_Audio/WER_assessment.py", line 9, in load_text
    with open(file_path, "r") as f:
         ~~~~^^^^^^^^^^^^^^^^
FileNotFoundError: [Errno 2] No such file or directory: 'reproducibility_results/plenary_openmic/medium.en/plenary_openmic.wav_whisper_run02.txt'
Running medium.en, run 03
usage: whisper_transcription.py [-h] [--input INPUT] [--model MODEL]
                                [--output OUTPUT] [--language LANGUAGE]
                                [--glossary GLOSSARY]
whisper_transcription.py: error: unrecognized arguments:  
/var/spool/slurm/d/job1001614/slurm_script: line 26: --input: command not found
mv: cannot stat 'reproducibility_results/plenary_openmic/medium.en/plenary_openmic.wav}_whisper.txt': No such file or directory
Traceback (most recent call last):
  File "/home/msak1/ietf_meetingnotes_evaulation/Scripts_Audio/WER_assessment.py", line 55, in <module>
    main()
    ~~~~^^
  File "/home/msak1/ietf_meetingnotes_evaulation/Scripts_Audio/WER_assessment.py", line 19, in main
    hypothesis = load_text(args.hypothesis)
  File "/home/msak1/ietf_meetingnotes_evaulation/Scripts_Audio/WER_assessment.py", line 9, in load_text
    with open(file_path, "r") as f:
         ~~~~^^^^^^^^^^^^^^^^
FileNotFoundError: [Errno 2] No such file or directory: 'reproducibility_results/plenary_openmic/medium.en/plenary_openmic.wav_whisper_run03.txt'
Running medium.en, run 04
usage: whisper_transcription.py [-h] [--input INPUT] [--model MODEL]
                                [--output OUTPUT] [--language LANGUAGE]
                                [--glossary GLOSSARY]
whisper_transcription.py: error: unrecognized arguments:  
/var/spool/slurm/d/job1001614/slurm_script: line 26: --input: command not found
mv: cannot stat 'reproducibility_results/plenary_openmic/medium.en/plenary_openmic.wav}_whisper.txt': No such file or directory
Traceback (most recent call last):
  File "/home/msak1/ietf_meetingnotes_evaulation/Scripts_Audio/WER_assessment.py", line 55, in <module>
    main()
    ~~~~^^
  File "/home/msak1/ietf_meetingnotes_evaulation/Scripts_Audio/WER_assessment.py", line 19, in main
    hypothesis = load_text(args.hypothesis)
  File "/home/msak1/ietf_meetingnotes_evaulation/Scripts_Audio/WER_assessment.py", line 9, in load_text
    with open(file_path, "r") as f:
         ~~~~^^^^^^^^^^^^^^^^
FileNotFoundError: [Errno 2] No such file or directory: 'reproducibility_results/plenary_openmic/medium.en/plenary_openmic.wav_whisper_run04.txt'
Running medium.en, run 05
usage: whisper_transcription.py [-h] [--input INPUT] [--model MODEL]
                                [--output OUTPUT] [--language LANGUAGE]
                                [--glossary GLOSSARY]
whisper_transcription.py: error: unrecognized arguments:  
/var/spool/slurm/d/job1001614/slurm_script: line 26: --input: command not found
mv: cannot stat 'reproducibility_results/plenary_openmic/medium.en/plenary_openmic.wav}_whisper.txt': No such file or directory
Traceback (most recent call last):
  File "/home/msak1/ietf_meetingnotes_evaulation/Scripts_Audio/WER_assessment.py", line 55, in <module>
    main()
    ~~~~^^
  File "/home/msak1/ietf_meetingnotes_evaulation/Scripts_Audio/WER_assessment.py", line 19, in main
    hypothesis = load_text(args.hypothesis)
  File "/home/msak1/ietf_meetingnotes_evaulation/Scripts_Audio/WER_assessment.py", line 9, in load_text
    with open(file_path, "r") as f:
         ~~~~^^^^^^^^^^^^^^^^
FileNotFoundError: [Errno 2] No such file or directory: 'reproducibility_results/plenary_openmic/medium.en/plenary_openmic.wav_whisper_run05.txt'
Running medium.en, run 06
usage: whisper_transcription.py [-h] [--input INPUT] [--model MODEL]
                                [--output OUTPUT] [--language LANGUAGE]
                                [--glossary GLOSSARY]
whisper_transcription.py: error: unrecognized arguments:  
/var/spool/slurm/d/job1001614/slurm_script: line 26: --input: command not found
mv: cannot stat 'reproducibility_results/plenary_openmic/medium.en/plenary_openmic.wav}_whisper.txt': No such file or directory
Traceback (most recent call last):
  File "/home/msak1/ietf_meetingnotes_evaulation/Scripts_Audio/WER_assessment.py", line 55, in <module>
    main()
    ~~~~^^
  File "/home/msak1/ietf_meetingnotes_evaulation/Scripts_Audio/WER_assessment.py", line 19, in main
    hypothesis = load_text(args.hypothesis)
  File "/home/msak1/ietf_meetingnotes_evaulation/Scripts_Audio/WER_assessment.py", line 9, in load_text
    with open(file_path, "r") as f:
         ~~~~^^^^^^^^^^^^^^^^
FileNotFoundError: [Errno 2] No such file or directory: 'reproducibility_results/plenary_openmic/medium.en/plenary_openmic.wav_whisper_run06.txt'
Running medium.en, run 07
usage: whisper_transcription.py [-h] [--input INPUT] [--model MODEL]
                                [--output OUTPUT] [--language LANGUAGE]
                                [--glossary GLOSSARY]
whisper_transcription.py: error: unrecognized arguments:  
/var/spool/slurm/d/job1001614/slurm_script: line 26: --input: command not found
mv: cannot stat 'reproducibility_results/plenary_openmic/medium.en/plenary_openmic.wav}_whisper.txt': No such file or directory
Traceback (most recent call last):
  File "/home/msak1/ietf_meetingnotes_evaulation/Scripts_Audio/WER_assessment.py", line 55, in <module>
    main()
    ~~~~^^
  File "/home/msak1/ietf_meetingnotes_evaulation/Scripts_Audio/WER_assessment.py", line 19, in main
    hypothesis = load_text(args.hypothesis)
  File "/home/msak1/ietf_meetingnotes_evaulation/Scripts_Audio/WER_assessment.py", line 9, in load_text
    with open(file_path, "r") as f:
         ~~~~^^^^^^^^^^^^^^^^
FileNotFoundError: [Errno 2] No such file or directory: 'reproducibility_results/plenary_openmic/medium.en/plenary_openmic.wav_whisper_run07.txt'
Running medium.en, run 08
usage: whisper_transcription.py [-h] [--input INPUT] [--model MODEL]
                                [--output OUTPUT] [--language LANGUAGE]
                                [--glossary GLOSSARY]
whisper_transcription.py: error: unrecognized arguments:  
/var/spool/slurm/d/job1001614/slurm_script: line 26: --input: command not found
mv: cannot stat 'reproducibility_results/plenary_openmic/medium.en/plenary_openmic.wav}_whisper.txt': No such file or directory
Traceback (most recent call last):
  File "/home/msak1/ietf_meetingnotes_evaulation/Scripts_Audio/WER_assessment.py", line 55, in <module>
    main()
    ~~~~^^
  File "/home/msak1/ietf_meetingnotes_evaulation/Scripts_Audio/WER_assessment.py", line 19, in main
    hypothesis = load_text(args.hypothesis)
  File "/home/msak1/ietf_meetingnotes_evaulation/Scripts_Audio/WER_assessment.py", line 9, in load_text
    with open(file_path, "r") as f:
         ~~~~^^^^^^^^^^^^^^^^
FileNotFoundError: [Errno 2] No such file or directory: 'reproducibility_results/plenary_openmic/medium.en/plenary_openmic.wav_whisper_run08.txt'
Running medium.en, run 09
usage: whisper_transcription.py [-h] [--input INPUT] [--model MODEL]
                                [--output OUTPUT] [--language LANGUAGE]
                                [--glossary GLOSSARY]
whisper_transcription.py: error: unrecognized arguments:  
/var/spool/slurm/d/job1001614/slurm_script: line 26: --input: command not found
mv: cannot stat 'reproducibility_results/plenary_openmic/medium.en/plenary_openmic.wav}_whisper.txt': No such file or directory
Traceback (most recent call last):
  File "/home/msak1/ietf_meetingnotes_evaulation/Scripts_Audio/WER_assessment.py", line 55, in <module>
    main()
    ~~~~^^
  File "/home/msak1/ietf_meetingnotes_evaulation/Scripts_Audio/WER_assessment.py", line 19, in main
    hypothesis = load_text(args.hypothesis)
  File "/home/msak1/ietf_meetingnotes_evaulation/Scripts_Audio/WER_assessment.py", line 9, in load_text
    with open(file_path, "r") as f:
         ~~~~^^^^^^^^^^^^^^^^
FileNotFoundError: [Errno 2] No such file or directory: 'reproducibility_results/plenary_openmic/medium.en/plenary_openmic.wav_whisper_run09.txt'
Running medium.en, run 10
usage: whisper_transcription.py [-h] [--input INPUT] [--model MODEL]
                                [--output OUTPUT] [--language LANGUAGE]
                                [--glossary GLOSSARY]
whisper_transcription.py: error: unrecognized arguments:  
/var/spool/slurm/d/job1001614/slurm_script: line 26: --input: command not found
mv: cannot stat 'reproducibility_results/plenary_openmic/medium.en/plenary_openmic.wav}_whisper.txt': No such file or directory
Traceback (most recent call last):
  File "/home/msak1/ietf_meetingnotes_evaulation/Scripts_Audio/WER_assessment.py", line 55, in <module>
    main()
    ~~~~^^
  File "/home/msak1/ietf_meetingnotes_evaulation/Scripts_Audio/WER_assessment.py", line 19, in main
    hypothesis = load_text(args.hypothesis)
  File "/home/msak1/ietf_meetingnotes_evaulation/Scripts_Audio/WER_assessment.py", line 9, in load_text
    with open(file_path, "r") as f:
         ~~~~^^^^^^^^^^^^^^^^
FileNotFoundError: [Errno 2] No such file or directory: 'reproducibility_results/plenary_openmic/medium.en/plenary_openmic.wav_whisper_run10.txt'
Running medium.en, run 11
usage: whisper_transcription.py [-h] [--input INPUT] [--model MODEL]
                                [--output OUTPUT] [--language LANGUAGE]
                                [--glossary GLOSSARY]
whisper_transcription.py: error: unrecognized arguments:  
/var/spool/slurm/d/job1001614/slurm_script: line 26: --input: command not found
mv: cannot stat 'reproducibility_results/plenary_openmic/medium.en/plenary_openmic.wav}_whisper.txt': No such file or directory
Traceback (most recent call last):
  File "/home/msak1/ietf_meetingnotes_evaulation/Scripts_Audio/WER_assessment.py", line 55, in <module>
    main()
    ~~~~^^
  File "/home/msak1/ietf_meetingnotes_evaulation/Scripts_Audio/WER_assessment.py", line 19, in main
    hypothesis = load_text(args.hypothesis)
  File "/home/msak1/ietf_meetingnotes_evaulation/Scripts_Audio/WER_assessment.py", line 9, in load_text
    with open(file_path, "r") as f:
         ~~~~^^^^^^^^^^^^^^^^
FileNotFoundError: [Errno 2] No such file or directory: 'reproducibility_results/plenary_openmic/medium.en/plenary_openmic.wav_whisper_run11.txt'
Running medium.en, run 12
usage: whisper_transcription.py [-h] [--input INPUT] [--model MODEL]
                                [--output OUTPUT] [--language LANGUAGE]
                                [--glossary GLOSSARY]
whisper_transcription.py: error: unrecognized arguments:  
/var/spool/slurm/d/job1001614/slurm_script: line 26: --input: command not found
mv: cannot stat 'reproducibility_results/plenary_openmic/medium.en/plenary_openmic.wav}_whisper.txt': No such file or directory
Traceback (most recent call last):
  File "/home/msak1/ietf_meetingnotes_evaulation/Scripts_Audio/WER_assessment.py", line 55, in <module>
    main()
    ~~~~^^
  File "/home/msak1/ietf_meetingnotes_evaulation/Scripts_Audio/WER_assessment.py", line 19, in main
    hypothesis = load_text(args.hypothesis)
  File "/home/msak1/ietf_meetingnotes_evaulation/Scripts_Audio/WER_assessment.py", line 9, in load_text
    with open(file_path, "r") as f:
         ~~~~^^^^^^^^^^^^^^^^
FileNotFoundError: [Errno 2] No such file or directory: 'reproducibility_results/plenary_openmic/medium.en/plenary_openmic.wav_whisper_run12.txt'
Running medium.en, run 13
usage: whisper_transcription.py [-h] [--input INPUT] [--model MODEL]
                                [--output OUTPUT] [--language LANGUAGE]
                                [--glossary GLOSSARY]
whisper_transcription.py: error: unrecognized arguments:  
/var/spool/slurm/d/job1001614/slurm_script: line 26: --input: command not found
mv: cannot stat 'reproducibility_results/plenary_openmic/medium.en/plenary_openmic.wav}_whisper.txt': No such file or directory
Traceback (most recent call last):
  File "/home/msak1/ietf_meetingnotes_evaulation/Scripts_Audio/WER_assessment.py", line 55, in <module>
    main()
    ~~~~^^
  File "/home/msak1/ietf_meetingnotes_evaulation/Scripts_Audio/WER_assessment.py", line 19, in main
    hypothesis = load_text(args.hypothesis)
  File "/home/msak1/ietf_meetingnotes_evaulation/Scripts_Audio/WER_assessment.py", line 9, in load_text
    with open(file_path, "r") as f:
         ~~~~^^^^^^^^^^^^^^^^
FileNotFoundError: [Errno 2] No such file or directory: 'reproducibility_results/plenary_openmic/medium.en/plenary_openmic.wav_whisper_run13.txt'
Running medium.en, run 14
usage: whisper_transcription.py [-h] [--input INPUT] [--model MODEL]
                                [--output OUTPUT] [--language LANGUAGE]
                                [--glossary GLOSSARY]
whisper_transcription.py: error: unrecognized arguments:  
/var/spool/slurm/d/job1001614/slurm_script: line 26: --input: command not found
mv: cannot stat 'reproducibility_results/plenary_openmic/medium.en/plenary_openmic.wav}_whisper.txt': No such file or directory
Traceback (most recent call last):
  File "/home/msak1/ietf_meetingnotes_evaulation/Scripts_Audio/WER_assessment.py", line 55, in <module>
    main()
    ~~~~^^
  File "/home/msak1/ietf_meetingnotes_evaulation/Scripts_Audio/WER_assessment.py", line 19, in main
    hypothesis = load_text(args.hypothesis)
  File "/home/msak1/ietf_meetingnotes_evaulation/Scripts_Audio/WER_assessment.py", line 9, in load_text
    with open(file_path, "r") as f:
         ~~~~^^^^^^^^^^^^^^^^
FileNotFoundError: [Errno 2] No such file or directory: 'reproducibility_results/plenary_openmic/medium.en/plenary_openmic.wav_whisper_run14.txt'
Running medium.en, run 15
usage: whisper_transcription.py [-h] [--input INPUT] [--model MODEL]
                                [--output OUTPUT] [--language LANGUAGE]
                                [--glossary GLOSSARY]
whisper_transcription.py: error: unrecognized arguments:  
/var/spool/slurm/d/job1001614/slurm_script: line 26: --input: command not found
mv: cannot stat 'reproducibility_results/plenary_openmic/medium.en/plenary_openmic.wav}_whisper.txt': No such file or directory
Traceback (most recent call last):
  File "/home/msak1/ietf_meetingnotes_evaulation/Scripts_Audio/WER_assessment.py", line 55, in <module>
    main()
    ~~~~^^
  File "/home/msak1/ietf_meetingnotes_evaulation/Scripts_Audio/WER_assessment.py", line 19, in main
    hypothesis = load_text(args.hypothesis)
  File "/home/msak1/ietf_meetingnotes_evaulation/Scripts_Audio/WER_assessment.py", line 9, in load_text
    with open(file_path, "r") as f:
         ~~~~^^^^^^^^^^^^^^^^
FileNotFoundError: [Errno 2] No such file or directory: 'reproducibility_results/plenary_openmic/medium.en/plenary_openmic.wav_whisper_run15.txt'
Running medium.en, run 16
usage: whisper_transcription.py [-h] [--input INPUT] [--model MODEL]
                                [--output OUTPUT] [--language LANGUAGE]
                                [--glossary GLOSSARY]
whisper_transcription.py: error: unrecognized arguments:  
/var/spool/slurm/d/job1001614/slurm_script: line 26: --input: command not found
mv: cannot stat 'reproducibility_results/plenary_openmic/medium.en/plenary_openmic.wav}_whisper.txt': No such file or directory
Traceback (most recent call last):
  File "/home/msak1/ietf_meetingnotes_evaulation/Scripts_Audio/WER_assessment.py", line 55, in <module>
    main()
    ~~~~^^
  File "/home/msak1/ietf_meetingnotes_evaulation/Scripts_Audio/WER_assessment.py", line 19, in main
    hypothesis = load_text(args.hypothesis)
  File "/home/msak1/ietf_meetingnotes_evaulation/Scripts_Audio/WER_assessment.py", line 9, in load_text
    with open(file_path, "r") as f:
         ~~~~^^^^^^^^^^^^^^^^
FileNotFoundError: [Errno 2] No such file or directory: 'reproducibility_results/plenary_openmic/medium.en/plenary_openmic.wav_whisper_run16.txt'
Running medium.en, run 17
usage: whisper_transcription.py [-h] [--input INPUT] [--model MODEL]
                                [--output OUTPUT] [--language LANGUAGE]
                                [--glossary GLOSSARY]
whisper_transcription.py: error: unrecognized arguments:  
/var/spool/slurm/d/job1001614/slurm_script: line 26: --input: command not found
mv: cannot stat 'reproducibility_results/plenary_openmic/medium.en/plenary_openmic.wav}_whisper.txt': No such file or directory
Traceback (most recent call last):
  File "/home/msak1/ietf_meetingnotes_evaulation/Scripts_Audio/WER_assessment.py", line 55, in <module>
    main()
    ~~~~^^
  File "/home/msak1/ietf_meetingnotes_evaulation/Scripts_Audio/WER_assessment.py", line 19, in main
    hypothesis = load_text(args.hypothesis)
  File "/home/msak1/ietf_meetingnotes_evaulation/Scripts_Audio/WER_assessment.py", line 9, in load_text
    with open(file_path, "r") as f:
         ~~~~^^^^^^^^^^^^^^^^
FileNotFoundError: [Errno 2] No such file or directory: 'reproducibility_results/plenary_openmic/medium.en/plenary_openmic.wav_whisper_run17.txt'
Running medium.en, run 18
usage: whisper_transcription.py [-h] [--input INPUT] [--model MODEL]
                                [--output OUTPUT] [--language LANGUAGE]
                                [--glossary GLOSSARY]
whisper_transcription.py: error: unrecognized arguments:  
/var/spool/slurm/d/job1001614/slurm_script: line 26: --input: command not found
mv: cannot stat 'reproducibility_results/plenary_openmic/medium.en/plenary_openmic.wav}_whisper.txt': No such file or directory
Traceback (most recent call last):
  File "/home/msak1/ietf_meetingnotes_evaulation/Scripts_Audio/WER_assessment.py", line 55, in <module>
    main()
    ~~~~^^
  File "/home/msak1/ietf_meetingnotes_evaulation/Scripts_Audio/WER_assessment.py", line 19, in main
    hypothesis = load_text(args.hypothesis)
  File "/home/msak1/ietf_meetingnotes_evaulation/Scripts_Audio/WER_assessment.py", line 9, in load_text
    with open(file_path, "r") as f:
         ~~~~^^^^^^^^^^^^^^^^
FileNotFoundError: [Errno 2] No such file or directory: 'reproducibility_results/plenary_openmic/medium.en/plenary_openmic.wav_whisper_run18.txt'
Running medium.en, run 19
usage: whisper_transcription.py [-h] [--input INPUT] [--model MODEL]
                                [--output OUTPUT] [--language LANGUAGE]
                                [--glossary GLOSSARY]
whisper_transcription.py: error: unrecognized arguments:  
/var/spool/slurm/d/job1001614/slurm_script: line 26: --input: command not found
mv: cannot stat 'reproducibility_results/plenary_openmic/medium.en/plenary_openmic.wav}_whisper.txt': No such file or directory
Traceback (most recent call last):
  File "/home/msak1/ietf_meetingnotes_evaulation/Scripts_Audio/WER_assessment.py", line 55, in <module>
    main()
    ~~~~^^
  File "/home/msak1/ietf_meetingnotes_evaulation/Scripts_Audio/WER_assessment.py", line 19, in main
    hypothesis = load_text(args.hypothesis)
  File "/home/msak1/ietf_meetingnotes_evaulation/Scripts_Audio/WER_assessment.py", line 9, in load_text
    with open(file_path, "r") as f:
         ~~~~^^^^^^^^^^^^^^^^
FileNotFoundError: [Errno 2] No such file or directory: 'reproducibility_results/plenary_openmic/medium.en/plenary_openmic.wav_whisper_run19.txt'
Running medium.en, run 20
usage: whisper_transcription.py [-h] [--input INPUT] [--model MODEL]
                                [--output OUTPUT] [--language LANGUAGE]
                                [--glossary GLOSSARY]
whisper_transcription.py: error: unrecognized arguments:  
/var/spool/slurm/d/job1001614/slurm_script: line 26: --input: command not found
mv: cannot stat 'reproducibility_results/plenary_openmic/medium.en/plenary_openmic.wav}_whisper.txt': No such file or directory
Traceback (most recent call last):
  File "/home/msak1/ietf_meetingnotes_evaulation/Scripts_Audio/WER_assessment.py", line 55, in <module>
    main()
    ~~~~^^
  File "/home/msak1/ietf_meetingnotes_evaulation/Scripts_Audio/WER_assessment.py", line 19, in main
    hypothesis = load_text(args.hypothesis)
  File "/home/msak1/ietf_meetingnotes_evaulation/Scripts_Audio/WER_assessment.py", line 9, in load_text
    with open(file_path, "r") as f:
         ~~~~^^^^^^^^^^^^^^^^
FileNotFoundError: [Errno 2] No such file or directory: 'reproducibility_results/plenary_openmic/medium.en/plenary_openmic.wav_whisper_run20.txt'
Running medium.en, run 21
usage: whisper_transcription.py [-h] [--input INPUT] [--model MODEL]
                                [--output OUTPUT] [--language LANGUAGE]
                                [--glossary GLOSSARY]
whisper_transcription.py: error: unrecognized arguments:  
/var/spool/slurm/d/job1001614/slurm_script: line 26: --input: command not found
mv: cannot stat 'reproducibility_results/plenary_openmic/medium.en/plenary_openmic.wav}_whisper.txt': No such file or directory
Traceback (most recent call last):
  File "/home/msak1/ietf_meetingnotes_evaulation/Scripts_Audio/WER_assessment.py", line 55, in <module>
    main()
    ~~~~^^
  File "/home/msak1/ietf_meetingnotes_evaulation/Scripts_Audio/WER_assessment.py", line 19, in main
    hypothesis = load_text(args.hypothesis)
  File "/home/msak1/ietf_meetingnotes_evaulation/Scripts_Audio/WER_assessment.py", line 9, in load_text
    with open(file_path, "r") as f:
         ~~~~^^^^^^^^^^^^^^^^
FileNotFoundError: [Errno 2] No such file or directory: 'reproducibility_results/plenary_openmic/medium.en/plenary_openmic.wav_whisper_run21.txt'
Running medium.en, run 22
usage: whisper_transcription.py [-h] [--input INPUT] [--model MODEL]
                                [--output OUTPUT] [--language LANGUAGE]
                                [--glossary GLOSSARY]
whisper_transcription.py: error: unrecognized arguments:  
/var/spool/slurm/d/job1001614/slurm_script: line 26: --input: command not found
mv: cannot stat 'reproducibility_results/plenary_openmic/medium.en/plenary_openmic.wav}_whisper.txt': No such file or directory
Traceback (most recent call last):
  File "/home/msak1/ietf_meetingnotes_evaulation/Scripts_Audio/WER_assessment.py", line 55, in <module>
    main()
    ~~~~^^
  File "/home/msak1/ietf_meetingnotes_evaulation/Scripts_Audio/WER_assessment.py", line 19, in main
    hypothesis = load_text(args.hypothesis)
  File "/home/msak1/ietf_meetingnotes_evaulation/Scripts_Audio/WER_assessment.py", line 9, in load_text
    with open(file_path, "r") as f:
         ~~~~^^^^^^^^^^^^^^^^
FileNotFoundError: [Errno 2] No such file or directory: 'reproducibility_results/plenary_openmic/medium.en/plenary_openmic.wav_whisper_run22.txt'
Running medium.en, run 23
usage: whisper_transcription.py [-h] [--input INPUT] [--model MODEL]
                                [--output OUTPUT] [--language LANGUAGE]
                                [--glossary GLOSSARY]
whisper_transcription.py: error: unrecognized arguments:  
/var/spool/slurm/d/job1001614/slurm_script: line 26: --input: command not found
mv: cannot stat 'reproducibility_results/plenary_openmic/medium.en/plenary_openmic.wav}_whisper.txt': No such file or directory
Traceback (most recent call last):
  File "/home/msak1/ietf_meetingnotes_evaulation/Scripts_Audio/WER_assessment.py", line 55, in <module>
    main()
    ~~~~^^
  File "/home/msak1/ietf_meetingnotes_evaulation/Scripts_Audio/WER_assessment.py", line 19, in main
    hypothesis = load_text(args.hypothesis)
  File "/home/msak1/ietf_meetingnotes_evaulation/Scripts_Audio/WER_assessment.py", line 9, in load_text
    with open(file_path, "r") as f:
         ~~~~^^^^^^^^^^^^^^^^
FileNotFoundError: [Errno 2] No such file or directory: 'reproducibility_results/plenary_openmic/medium.en/plenary_openmic.wav_whisper_run23.txt'
Running medium.en, run 24
usage: whisper_transcription.py [-h] [--input INPUT] [--model MODEL]
                                [--output OUTPUT] [--language LANGUAGE]
                                [--glossary GLOSSARY]
whisper_transcription.py: error: unrecognized arguments:  
/var/spool/slurm/d/job1001614/slurm_script: line 26: --input: command not found
mv: cannot stat 'reproducibility_results/plenary_openmic/medium.en/plenary_openmic.wav}_whisper.txt': No such file or directory
Traceback (most recent call last):
  File "/home/msak1/ietf_meetingnotes_evaulation/Scripts_Audio/WER_assessment.py", line 55, in <module>
    main()
    ~~~~^^
  File "/home/msak1/ietf_meetingnotes_evaulation/Scripts_Audio/WER_assessment.py", line 19, in main
    hypothesis = load_text(args.hypothesis)
  File "/home/msak1/ietf_meetingnotes_evaulation/Scripts_Audio/WER_assessment.py", line 9, in load_text
    with open(file_path, "r") as f:
         ~~~~^^^^^^^^^^^^^^^^
FileNotFoundError: [Errno 2] No such file or directory: 'reproducibility_results/plenary_openmic/medium.en/plenary_openmic.wav_whisper_run24.txt'
Running medium.en, run 25
usage: whisper_transcription.py [-h] [--input INPUT] [--model MODEL]
                                [--output OUTPUT] [--language LANGUAGE]
                                [--glossary GLOSSARY]
whisper_transcription.py: error: unrecognized arguments:  
/var/spool/slurm/d/job1001614/slurm_script: line 26: --input: command not found
mv: cannot stat 'reproducibility_results/plenary_openmic/medium.en/plenary_openmic.wav}_whisper.txt': No such file or directory
Traceback (most recent call last):
  File "/home/msak1/ietf_meetingnotes_evaulation/Scripts_Audio/WER_assessment.py", line 55, in <module>
    main()
    ~~~~^^
  File "/home/msak1/ietf_meetingnotes_evaulation/Scripts_Audio/WER_assessment.py", line 19, in main
    hypothesis = load_text(args.hypothesis)
  File "/home/msak1/ietf_meetingnotes_evaulation/Scripts_Audio/WER_assessment.py", line 9, in load_text
    with open(file_path, "r") as f:
         ~~~~^^^^^^^^^^^^^^^^
FileNotFoundError: [Errno 2] No such file or directory: 'reproducibility_results/plenary_openmic/medium.en/plenary_openmic.wav_whisper_run25.txt'
Running large-v3, run 01
usage: whisper_transcription.py [-h] [--input INPUT] [--model MODEL]
                                [--output OUTPUT] [--language LANGUAGE]
                                [--glossary GLOSSARY]
whisper_transcription.py: error: unrecognized arguments:  
/var/spool/slurm/d/job1001614/slurm_script: line 26: --input: command not found
mv: cannot stat 'reproducibility_results/plenary_openmic/large-v3/plenary_openmic.wav}_whisper.txt': No such file or directory
Traceback (most recent call last):
  File "/home/msak1/ietf_meetingnotes_evaulation/Scripts_Audio/WER_assessment.py", line 55, in <module>
    main()
    ~~~~^^
  File "/home/msak1/ietf_meetingnotes_evaulation/Scripts_Audio/WER_assessment.py", line 19, in main
    hypothesis = load_text(args.hypothesis)
  File "/home/msak1/ietf_meetingnotes_evaulation/Scripts_Audio/WER_assessment.py", line 9, in load_text
    with open(file_path, "r") as f:
         ~~~~^^^^^^^^^^^^^^^^
FileNotFoundError: [Errno 2] No such file or directory: 'reproducibility_results/plenary_openmic/large-v3/plenary_openmic.wav_whisper_run01.txt'
Running large-v3, run 02
usage: whisper_transcription.py [-h] [--input INPUT] [--model MODEL]
                                [--output OUTPUT] [--language LANGUAGE]
                                [--glossary GLOSSARY]
whisper_transcription.py: error: unrecognized arguments:  
/var/spool/slurm/d/job1001614/slurm_script: line 26: --input: command not found
mv: cannot stat 'reproducibility_results/plenary_openmic/large-v3/plenary_openmic.wav}_whisper.txt': No such file or directory
Traceback (most recent call last):
  File "/home/msak1/ietf_meetingnotes_evaulation/Scripts_Audio/WER_assessment.py", line 55, in <module>
    main()
    ~~~~^^
  File "/home/msak1/ietf_meetingnotes_evaulation/Scripts_Audio/WER_assessment.py", line 19, in main
    hypothesis = load_text(args.hypothesis)
  File "/home/msak1/ietf_meetingnotes_evaulation/Scripts_Audio/WER_assessment.py", line 9, in load_text
    with open(file_path, "r") as f:
         ~~~~^^^^^^^^^^^^^^^^
FileNotFoundError: [Errno 2] No such file or directory: 'reproducibility_results/plenary_openmic/large-v3/plenary_openmic.wav_whisper_run02.txt'
Running large-v3, run 03
usage: whisper_transcription.py [-h] [--input INPUT] [--model MODEL]
                                [--output OUTPUT] [--language LANGUAGE]
                                [--glossary GLOSSARY]
whisper_transcription.py: error: unrecognized arguments:  
/var/spool/slurm/d/job1001614/slurm_script: line 26: --input: command not found
mv: cannot stat 'reproducibility_results/plenary_openmic/large-v3/plenary_openmic.wav}_whisper.txt': No such file or directory
Traceback (most recent call last):
  File "/home/msak1/ietf_meetingnotes_evaulation/Scripts_Audio/WER_assessment.py", line 55, in <module>
    main()
    ~~~~^^
  File "/home/msak1/ietf_meetingnotes_evaulation/Scripts_Audio/WER_assessment.py", line 19, in main
    hypothesis = load_text(args.hypothesis)
  File "/home/msak1/ietf_meetingnotes_evaulation/Scripts_Audio/WER_assessment.py", line 9, in load_text
    with open(file_path, "r") as f:
         ~~~~^^^^^^^^^^^^^^^^
FileNotFoundError: [Errno 2] No such file or directory: 'reproducibility_results/plenary_openmic/large-v3/plenary_openmic.wav_whisper_run03.txt'
Running large-v3, run 04
usage: whisper_transcription.py [-h] [--input INPUT] [--model MODEL]
                                [--output OUTPUT] [--language LANGUAGE]
                                [--glossary GLOSSARY]
whisper_transcription.py: error: unrecognized arguments:  
/var/spool/slurm/d/job1001614/slurm_script: line 26: --input: command not found
mv: cannot stat 'reproducibility_results/plenary_openmic/large-v3/plenary_openmic.wav}_whisper.txt': No such file or directory
Traceback (most recent call last):
  File "/home/msak1/ietf_meetingnotes_evaulation/Scripts_Audio/WER_assessment.py", line 55, in <module>
    main()
    ~~~~^^
  File "/home/msak1/ietf_meetingnotes_evaulation/Scripts_Audio/WER_assessment.py", line 19, in main
    hypothesis = load_text(args.hypothesis)
  File "/home/msak1/ietf_meetingnotes_evaulation/Scripts_Audio/WER_assessment.py", line 9, in load_text
    with open(file_path, "r") as f:
         ~~~~^^^^^^^^^^^^^^^^
FileNotFoundError: [Errno 2] No such file or directory: 'reproducibility_results/plenary_openmic/large-v3/plenary_openmic.wav_whisper_run04.txt'
Running large-v3, run 05
usage: whisper_transcription.py [-h] [--input INPUT] [--model MODEL]
                                [--output OUTPUT] [--language LANGUAGE]
                                [--glossary GLOSSARY]
whisper_transcription.py: error: unrecognized arguments:  
/var/spool/slurm/d/job1001614/slurm_script: line 26: --input: command not found
mv: cannot stat 'reproducibility_results/plenary_openmic/large-v3/plenary_openmic.wav}_whisper.txt': No such file or directory
Traceback (most recent call last):
  File "/home/msak1/ietf_meetingnotes_evaulation/Scripts_Audio/WER_assessment.py", line 55, in <module>
    main()
    ~~~~^^
  File "/home/msak1/ietf_meetingnotes_evaulation/Scripts_Audio/WER_assessment.py", line 19, in main
    hypothesis = load_text(args.hypothesis)
  File "/home/msak1/ietf_meetingnotes_evaulation/Scripts_Audio/WER_assessment.py", line 9, in load_text
    with open(file_path, "r") as f:
         ~~~~^^^^^^^^^^^^^^^^
FileNotFoundError: [Errno 2] No such file or directory: 'reproducibility_results/plenary_openmic/large-v3/plenary_openmic.wav_whisper_run05.txt'
Running large-v3, run 06
usage: whisper_transcription.py [-h] [--input INPUT] [--model MODEL]
                                [--output OUTPUT] [--language LANGUAGE]
                                [--glossary GLOSSARY]
whisper_transcription.py: error: unrecognized arguments:  
/var/spool/slurm/d/job1001614/slurm_script: line 26: --input: command not found
mv: cannot stat 'reproducibility_results/plenary_openmic/large-v3/plenary_openmic.wav}_whisper.txt': No such file or directory
Traceback (most recent call last):
  File "/home/msak1/ietf_meetingnotes_evaulation/Scripts_Audio/WER_assessment.py", line 55, in <module>
    main()
    ~~~~^^
  File "/home/msak1/ietf_meetingnotes_evaulation/Scripts_Audio/WER_assessment.py", line 19, in main
    hypothesis = load_text(args.hypothesis)
  File "/home/msak1/ietf_meetingnotes_evaulation/Scripts_Audio/WER_assessment.py", line 9, in load_text
    with open(file_path, "r") as f:
         ~~~~^^^^^^^^^^^^^^^^
FileNotFoundError: [Errno 2] No such file or directory: 'reproducibility_results/plenary_openmic/large-v3/plenary_openmic.wav_whisper_run06.txt'
Running large-v3, run 07
usage: whisper_transcription.py [-h] [--input INPUT] [--model MODEL]
                                [--output OUTPUT] [--language LANGUAGE]
                                [--glossary GLOSSARY]
whisper_transcription.py: error: unrecognized arguments:  
/var/spool/slurm/d/job1001614/slurm_script: line 26: --input: command not found
mv: cannot stat 'reproducibility_results/plenary_openmic/large-v3/plenary_openmic.wav}_whisper.txt': No such file or directory
Traceback (most recent call last):
  File "/home/msak1/ietf_meetingnotes_evaulation/Scripts_Audio/WER_assessment.py", line 55, in <module>
    main()
    ~~~~^^
  File "/home/msak1/ietf_meetingnotes_evaulation/Scripts_Audio/WER_assessment.py", line 19, in main
    hypothesis = load_text(args.hypothesis)
  File "/home/msak1/ietf_meetingnotes_evaulation/Scripts_Audio/WER_assessment.py", line 9, in load_text
    with open(file_path, "r") as f:
         ~~~~^^^^^^^^^^^^^^^^
FileNotFoundError: [Errno 2] No such file or directory: 'reproducibility_results/plenary_openmic/large-v3/plenary_openmic.wav_whisper_run07.txt'
Running large-v3, run 08
usage: whisper_transcription.py [-h] [--input INPUT] [--model MODEL]
                                [--output OUTPUT] [--language LANGUAGE]
                                [--glossary GLOSSARY]
whisper_transcription.py: error: unrecognized arguments:  
/var/spool/slurm/d/job1001614/slurm_script: line 26: --input: command not found
mv: cannot stat 'reproducibility_results/plenary_openmic/large-v3/plenary_openmic.wav}_whisper.txt': No such file or directory
Traceback (most recent call last):
  File "/home/msak1/ietf_meetingnotes_evaulation/Scripts_Audio/WER_assessment.py", line 55, in <module>
    main()
    ~~~~^^
  File "/home/msak1/ietf_meetingnotes_evaulation/Scripts_Audio/WER_assessment.py", line 19, in main
    hypothesis = load_text(args.hypothesis)
  File "/home/msak1/ietf_meetingnotes_evaulation/Scripts_Audio/WER_assessment.py", line 9, in load_text
    with open(file_path, "r") as f:
         ~~~~^^^^^^^^^^^^^^^^
FileNotFoundError: [Errno 2] No such file or directory: 'reproducibility_results/plenary_openmic/large-v3/plenary_openmic.wav_whisper_run08.txt'
Running large-v3, run 09
usage: whisper_transcription.py [-h] [--input INPUT] [--model MODEL]
                                [--output OUTPUT] [--language LANGUAGE]
                                [--glossary GLOSSARY]
whisper_transcription.py: error: unrecognized arguments:  
/var/spool/slurm/d/job1001614/slurm_script: line 26: --input: command not found
mv: cannot stat 'reproducibility_results/plenary_openmic/large-v3/plenary_openmic.wav}_whisper.txt': No such file or directory
Traceback (most recent call last):
  File "/home/msak1/ietf_meetingnotes_evaulation/Scripts_Audio/WER_assessment.py", line 55, in <module>
    main()
    ~~~~^^
  File "/home/msak1/ietf_meetingnotes_evaulation/Scripts_Audio/WER_assessment.py", line 19, in main
    hypothesis = load_text(args.hypothesis)
  File "/home/msak1/ietf_meetingnotes_evaulation/Scripts_Audio/WER_assessment.py", line 9, in load_text
    with open(file_path, "r") as f:
         ~~~~^^^^^^^^^^^^^^^^
FileNotFoundError: [Errno 2] No such file or directory: 'reproducibility_results/plenary_openmic/large-v3/plenary_openmic.wav_whisper_run09.txt'
Running large-v3, run 10
usage: whisper_transcription.py [-h] [--input INPUT] [--model MODEL]
                                [--output OUTPUT] [--language LANGUAGE]
                                [--glossary GLOSSARY]
whisper_transcription.py: error: unrecognized arguments:  
/var/spool/slurm/d/job1001614/slurm_script: line 26: --input: command not found
mv: cannot stat 'reproducibility_results/plenary_openmic/large-v3/plenary_openmic.wav}_whisper.txt': No such file or directory
Traceback (most recent call last):
  File "/home/msak1/ietf_meetingnotes_evaulation/Scripts_Audio/WER_assessment.py", line 55, in <module>
    main()
    ~~~~^^
  File "/home/msak1/ietf_meetingnotes_evaulation/Scripts_Audio/WER_assessment.py", line 19, in main
    hypothesis = load_text(args.hypothesis)
  File "/home/msak1/ietf_meetingnotes_evaulation/Scripts_Audio/WER_assessment.py", line 9, in load_text
    with open(file_path, "r") as f:
         ~~~~^^^^^^^^^^^^^^^^
FileNotFoundError: [Errno 2] No such file or directory: 'reproducibility_results/plenary_openmic/large-v3/plenary_openmic.wav_whisper_run10.txt'
Running large-v3, run 11
usage: whisper_transcription.py [-h] [--input INPUT] [--model MODEL]
                                [--output OUTPUT] [--language LANGUAGE]
                                [--glossary GLOSSARY]
whisper_transcription.py: error: unrecognized arguments:  
/var/spool/slurm/d/job1001614/slurm_script: line 26: --input: command not found
mv: cannot stat 'reproducibility_results/plenary_openmic/large-v3/plenary_openmic.wav}_whisper.txt': No such file or directory
Traceback (most recent call last):
  File "/home/msak1/ietf_meetingnotes_evaulation/Scripts_Audio/WER_assessment.py", line 55, in <module>
    main()
    ~~~~^^
  File "/home/msak1/ietf_meetingnotes_evaulation/Scripts_Audio/WER_assessment.py", line 19, in main
    hypothesis = load_text(args.hypothesis)
  File "/home/msak1/ietf_meetingnotes_evaulation/Scripts_Audio/WER_assessment.py", line 9, in load_text
    with open(file_path, "r") as f:
         ~~~~^^^^^^^^^^^^^^^^
FileNotFoundError: [Errno 2] No such file or directory: 'reproducibility_results/plenary_openmic/large-v3/plenary_openmic.wav_whisper_run11.txt'
Running large-v3, run 12
usage: whisper_transcription.py [-h] [--input INPUT] [--model MODEL]
                                [--output OUTPUT] [--language LANGUAGE]
                                [--glossary GLOSSARY]
whisper_transcription.py: error: unrecognized arguments:  
/var/spool/slurm/d/job1001614/slurm_script: line 26: --input: command not found
mv: cannot stat 'reproducibility_results/plenary_openmic/large-v3/plenary_openmic.wav}_whisper.txt': No such file or directory
Traceback (most recent call last):
  File "/home/msak1/ietf_meetingnotes_evaulation/Scripts_Audio/WER_assessment.py", line 55, in <module>
    main()
    ~~~~^^
  File "/home/msak1/ietf_meetingnotes_evaulation/Scripts_Audio/WER_assessment.py", line 19, in main
    hypothesis = load_text(args.hypothesis)
  File "/home/msak1/ietf_meetingnotes_evaulation/Scripts_Audio/WER_assessment.py", line 9, in load_text
    with open(file_path, "r") as f:
         ~~~~^^^^^^^^^^^^^^^^
FileNotFoundError: [Errno 2] No such file or directory: 'reproducibility_results/plenary_openmic/large-v3/plenary_openmic.wav_whisper_run12.txt'
Running large-v3, run 13
usage: whisper_transcription.py [-h] [--input INPUT] [--model MODEL]
                                [--output OUTPUT] [--language LANGUAGE]
                                [--glossary GLOSSARY]
whisper_transcription.py: error: unrecognized arguments:  
/var/spool/slurm/d/job1001614/slurm_script: line 26: --input: command not found
mv: cannot stat 'reproducibility_results/plenary_openmic/large-v3/plenary_openmic.wav}_whisper.txt': No such file or directory
Traceback (most recent call last):
  File "/home/msak1/ietf_meetingnotes_evaulation/Scripts_Audio/WER_assessment.py", line 55, in <module>
    main()
    ~~~~^^
  File "/home/msak1/ietf_meetingnotes_evaulation/Scripts_Audio/WER_assessment.py", line 19, in main
    hypothesis = load_text(args.hypothesis)
  File "/home/msak1/ietf_meetingnotes_evaulation/Scripts_Audio/WER_assessment.py", line 9, in load_text
    with open(file_path, "r") as f:
         ~~~~^^^^^^^^^^^^^^^^
FileNotFoundError: [Errno 2] No such file or directory: 'reproducibility_results/plenary_openmic/large-v3/plenary_openmic.wav_whisper_run13.txt'
Running large-v3, run 14
usage: whisper_transcription.py [-h] [--input INPUT] [--model MODEL]
                                [--output OUTPUT] [--language LANGUAGE]
                                [--glossary GLOSSARY]
whisper_transcription.py: error: unrecognized arguments:  
/var/spool/slurm/d/job1001614/slurm_script: line 26: --input: command not found
mv: cannot stat 'reproducibility_results/plenary_openmic/large-v3/plenary_openmic.wav}_whisper.txt': No such file or directory
Traceback (most recent call last):
  File "/home/msak1/ietf_meetingnotes_evaulation/Scripts_Audio/WER_assessment.py", line 55, in <module>
    main()
    ~~~~^^
  File "/home/msak1/ietf_meetingnotes_evaulation/Scripts_Audio/WER_assessment.py", line 19, in main
    hypothesis = load_text(args.hypothesis)
  File "/home/msak1/ietf_meetingnotes_evaulation/Scripts_Audio/WER_assessment.py", line 9, in load_text
    with open(file_path, "r") as f:
         ~~~~^^^^^^^^^^^^^^^^
FileNotFoundError: [Errno 2] No such file or directory: 'reproducibility_results/plenary_openmic/large-v3/plenary_openmic.wav_whisper_run14.txt'
Running large-v3, run 15
usage: whisper_transcription.py [-h] [--input INPUT] [--model MODEL]
                                [--output OUTPUT] [--language LANGUAGE]
                                [--glossary GLOSSARY]
whisper_transcription.py: error: unrecognized arguments:  
/var/spool/slurm/d/job1001614/slurm_script: line 26: --input: command not found
mv: cannot stat 'reproducibility_results/plenary_openmic/large-v3/plenary_openmic.wav}_whisper.txt': No such file or directory
Traceback (most recent call last):
  File "/home/msak1/ietf_meetingnotes_evaulation/Scripts_Audio/WER_assessment.py", line 55, in <module>
    main()
    ~~~~^^
  File "/home/msak1/ietf_meetingnotes_evaulation/Scripts_Audio/WER_assessment.py", line 19, in main
    hypothesis = load_text(args.hypothesis)
  File "/home/msak1/ietf_meetingnotes_evaulation/Scripts_Audio/WER_assessment.py", line 9, in load_text
    with open(file_path, "r") as f:
         ~~~~^^^^^^^^^^^^^^^^
FileNotFoundError: [Errno 2] No such file or directory: 'reproducibility_results/plenary_openmic/large-v3/plenary_openmic.wav_whisper_run15.txt'
Running large-v3, run 16
usage: whisper_transcription.py [-h] [--input INPUT] [--model MODEL]
                                [--output OUTPUT] [--language LANGUAGE]
                                [--glossary GLOSSARY]
whisper_transcription.py: error: unrecognized arguments:  
/var/spool/slurm/d/job1001614/slurm_script: line 26: --input: command not found
mv: cannot stat 'reproducibility_results/plenary_openmic/large-v3/plenary_openmic.wav}_whisper.txt': No such file or directory
Traceback (most recent call last):
  File "/home/msak1/ietf_meetingnotes_evaulation/Scripts_Audio/WER_assessment.py", line 55, in <module>
    main()
    ~~~~^^
  File "/home/msak1/ietf_meetingnotes_evaulation/Scripts_Audio/WER_assessment.py", line 19, in main
    hypothesis = load_text(args.hypothesis)
  File "/home/msak1/ietf_meetingnotes_evaulation/Scripts_Audio/WER_assessment.py", line 9, in load_text
    with open(file_path, "r") as f:
         ~~~~^^^^^^^^^^^^^^^^
FileNotFoundError: [Errno 2] No such file or directory: 'reproducibility_results/plenary_openmic/large-v3/plenary_openmic.wav_whisper_run16.txt'
Running large-v3, run 17
usage: whisper_transcription.py [-h] [--input INPUT] [--model MODEL]
                                [--output OUTPUT] [--language LANGUAGE]
                                [--glossary GLOSSARY]
whisper_transcription.py: error: unrecognized arguments:  
/var/spool/slurm/d/job1001614/slurm_script: line 26: --input: command not found
mv: cannot stat 'reproducibility_results/plenary_openmic/large-v3/plenary_openmic.wav}_whisper.txt': No such file or directory
Traceback (most recent call last):
  File "/home/msak1/ietf_meetingnotes_evaulation/Scripts_Audio/WER_assessment.py", line 55, in <module>
    main()
    ~~~~^^
  File "/home/msak1/ietf_meetingnotes_evaulation/Scripts_Audio/WER_assessment.py", line 19, in main
    hypothesis = load_text(args.hypothesis)
  File "/home/msak1/ietf_meetingnotes_evaulation/Scripts_Audio/WER_assessment.py", line 9, in load_text
    with open(file_path, "r") as f:
         ~~~~^^^^^^^^^^^^^^^^
FileNotFoundError: [Errno 2] No such file or directory: 'reproducibility_results/plenary_openmic/large-v3/plenary_openmic.wav_whisper_run17.txt'
Running large-v3, run 18
usage: whisper_transcription.py [-h] [--input INPUT] [--model MODEL]
                                [--output OUTPUT] [--language LANGUAGE]
                                [--glossary GLOSSARY]
whisper_transcription.py: error: unrecognized arguments:  
/var/spool/slurm/d/job1001614/slurm_script: line 26: --input: command not found
mv: cannot stat 'reproducibility_results/plenary_openmic/large-v3/plenary_openmic.wav}_whisper.txt': No such file or directory
Traceback (most recent call last):
  File "/home/msak1/ietf_meetingnotes_evaulation/Scripts_Audio/WER_assessment.py", line 55, in <module>
    main()
    ~~~~^^
  File "/home/msak1/ietf_meetingnotes_evaulation/Scripts_Audio/WER_assessment.py", line 19, in main
    hypothesis = load_text(args.hypothesis)
  File "/home/msak1/ietf_meetingnotes_evaulation/Scripts_Audio/WER_assessment.py", line 9, in load_text
    with open(file_path, "r") as f:
         ~~~~^^^^^^^^^^^^^^^^
FileNotFoundError: [Errno 2] No such file or directory: 'reproducibility_results/plenary_openmic/large-v3/plenary_openmic.wav_whisper_run18.txt'
Running large-v3, run 19
usage: whisper_transcription.py [-h] [--input INPUT] [--model MODEL]
                                [--output OUTPUT] [--language LANGUAGE]
                                [--glossary GLOSSARY]
whisper_transcription.py: error: unrecognized arguments:  
/var/spool/slurm/d/job1001614/slurm_script: line 26: --input: command not found
mv: cannot stat 'reproducibility_results/plenary_openmic/large-v3/plenary_openmic.wav}_whisper.txt': No such file or directory
Traceback (most recent call last):
  File "/home/msak1/ietf_meetingnotes_evaulation/Scripts_Audio/WER_assessment.py", line 55, in <module>
    main()
    ~~~~^^
  File "/home/msak1/ietf_meetingnotes_evaulation/Scripts_Audio/WER_assessment.py", line 19, in main
    hypothesis = load_text(args.hypothesis)
  File "/home/msak1/ietf_meetingnotes_evaulation/Scripts_Audio/WER_assessment.py", line 9, in load_text
    with open(file_path, "r") as f:
         ~~~~^^^^^^^^^^^^^^^^
FileNotFoundError: [Errno 2] No such file or directory: 'reproducibility_results/plenary_openmic/large-v3/plenary_openmic.wav_whisper_run19.txt'
Running large-v3, run 20
usage: whisper_transcription.py [-h] [--input INPUT] [--model MODEL]
                                [--output OUTPUT] [--language LANGUAGE]
                                [--glossary GLOSSARY]
whisper_transcription.py: error: unrecognized arguments:  
/var/spool/slurm/d/job1001614/slurm_script: line 26: --input: command not found
mv: cannot stat 'reproducibility_results/plenary_openmic/large-v3/plenary_openmic.wav}_whisper.txt': No such file or directory
Traceback (most recent call last):
  File "/home/msak1/ietf_meetingnotes_evaulation/Scripts_Audio/WER_assessment.py", line 55, in <module>
    main()
    ~~~~^^
  File "/home/msak1/ietf_meetingnotes_evaulation/Scripts_Audio/WER_assessment.py", line 19, in main
    hypothesis = load_text(args.hypothesis)
  File "/home/msak1/ietf_meetingnotes_evaulation/Scripts_Audio/WER_assessment.py", line 9, in load_text
    with open(file_path, "r") as f:
         ~~~~^^^^^^^^^^^^^^^^
FileNotFoundError: [Errno 2] No such file or directory: 'reproducibility_results/plenary_openmic/large-v3/plenary_openmic.wav_whisper_run20.txt'
Running large-v3, run 21
usage: whisper_transcription.py [-h] [--input INPUT] [--model MODEL]
                                [--output OUTPUT] [--language LANGUAGE]
                                [--glossary GLOSSARY]
whisper_transcription.py: error: unrecognized arguments:  
/var/spool/slurm/d/job1001614/slurm_script: line 26: --input: command not found
mv: cannot stat 'reproducibility_results/plenary_openmic/large-v3/plenary_openmic.wav}_whisper.txt': No such file or directory
Traceback (most recent call last):
  File "/home/msak1/ietf_meetingnotes_evaulation/Scripts_Audio/WER_assessment.py", line 55, in <module>
    main()
    ~~~~^^
  File "/home/msak1/ietf_meetingnotes_evaulation/Scripts_Audio/WER_assessment.py", line 19, in main
    hypothesis = load_text(args.hypothesis)
  File "/home/msak1/ietf_meetingnotes_evaulation/Scripts_Audio/WER_assessment.py", line 9, in load_text
    with open(file_path, "r") as f:
         ~~~~^^^^^^^^^^^^^^^^
FileNotFoundError: [Errno 2] No such file or directory: 'reproducibility_results/plenary_openmic/large-v3/plenary_openmic.wav_whisper_run21.txt'
Running large-v3, run 22
usage: whisper_transcription.py [-h] [--input INPUT] [--model MODEL]
                                [--output OUTPUT] [--language LANGUAGE]
                                [--glossary GLOSSARY]
whisper_transcription.py: error: unrecognized arguments:  
/var/spool/slurm/d/job1001614/slurm_script: line 26: --input: command not found
mv: cannot stat 'reproducibility_results/plenary_openmic/large-v3/plenary_openmic.wav}_whisper.txt': No such file or directory
Traceback (most recent call last):
  File "/home/msak1/ietf_meetingnotes_evaulation/Scripts_Audio/WER_assessment.py", line 55, in <module>
    main()
    ~~~~^^
  File "/home/msak1/ietf_meetingnotes_evaulation/Scripts_Audio/WER_assessment.py", line 19, in main
    hypothesis = load_text(args.hypothesis)
  File "/home/msak1/ietf_meetingnotes_evaulation/Scripts_Audio/WER_assessment.py", line 9, in load_text
    with open(file_path, "r") as f:
         ~~~~^^^^^^^^^^^^^^^^
FileNotFoundError: [Errno 2] No such file or directory: 'reproducibility_results/plenary_openmic/large-v3/plenary_openmic.wav_whisper_run22.txt'
Running large-v3, run 23
usage: whisper_transcription.py [-h] [--input INPUT] [--model MODEL]
                                [--output OUTPUT] [--language LANGUAGE]
                                [--glossary GLOSSARY]
whisper_transcription.py: error: unrecognized arguments:  
/var/spool/slurm/d/job1001614/slurm_script: line 26: --input: command not found
mv: cannot stat 'reproducibility_results/plenary_openmic/large-v3/plenary_openmic.wav}_whisper.txt': No such file or directory
Traceback (most recent call last):
  File "/home/msak1/ietf_meetingnotes_evaulation/Scripts_Audio/WER_assessment.py", line 55, in <module>
    main()
    ~~~~^^
  File "/home/msak1/ietf_meetingnotes_evaulation/Scripts_Audio/WER_assessment.py", line 19, in main
    hypothesis = load_text(args.hypothesis)
  File "/home/msak1/ietf_meetingnotes_evaulation/Scripts_Audio/WER_assessment.py", line 9, in load_text
    with open(file_path, "r") as f:
         ~~~~^^^^^^^^^^^^^^^^
FileNotFoundError: [Errno 2] No such file or directory: 'reproducibility_results/plenary_openmic/large-v3/plenary_openmic.wav_whisper_run23.txt'
Running large-v3, run 24
usage: whisper_transcription.py [-h] [--input INPUT] [--model MODEL]
                                [--output OUTPUT] [--language LANGUAGE]
                                [--glossary GLOSSARY]
whisper_transcription.py: error: unrecognized arguments:  
/var/spool/slurm/d/job1001614/slurm_script: line 26: --input: command not found
mv: cannot stat 'reproducibility_results/plenary_openmic/large-v3/plenary_openmic.wav}_whisper.txt': No such file or directory
Traceback (most recent call last):
  File "/home/msak1/ietf_meetingnotes_evaulation/Scripts_Audio/WER_assessment.py", line 55, in <module>
    main()
    ~~~~^^
  File "/home/msak1/ietf_meetingnotes_evaulation/Scripts_Audio/WER_assessment.py", line 19, in main
    hypothesis = load_text(args.hypothesis)
  File "/home/msak1/ietf_meetingnotes_evaulation/Scripts_Audio/WER_assessment.py", line 9, in load_text
    with open(file_path, "r") as f:
         ~~~~^^^^^^^^^^^^^^^^
FileNotFoundError: [Errno 2] No such file or directory: 'reproducibility_results/plenary_openmic/large-v3/plenary_openmic.wav_whisper_run24.txt'
Running large-v3, run 25
usage: whisper_transcription.py [-h] [--input INPUT] [--model MODEL]
                                [--output OUTPUT] [--language LANGUAGE]
                                [--glossary GLOSSARY]
whisper_transcription.py: error: unrecognized arguments:  
/var/spool/slurm/d/job1001614/slurm_script: line 26: --input: command not found
mv: cannot stat 'reproducibility_results/plenary_openmic/large-v3/plenary_openmic.wav}_whisper.txt': No such file or directory
Traceback (most recent call last):
  File "/home/msak1/ietf_meetingnotes_evaulation/Scripts_Audio/WER_assessment.py", line 55, in <module>
    main()
    ~~~~^^
  File "/home/msak1/ietf_meetingnotes_evaulation/Scripts_Audio/WER_assessment.py", line 19, in main
    hypothesis = load_text(args.hypothesis)
  File "/home/msak1/ietf_meetingnotes_evaulation/Scripts_Audio/WER_assessment.py", line 9, in load_text
    with open(file_path, "r") as f:
         ~~~~^^^^^^^^^^^^^^^^
FileNotFoundError: [Errno 2] No such file or directory: 'reproducibility_results/plenary_openmic/large-v3/plenary_openmic.wav_whisper_run25.txt'
Running turbo, run 01
usage: whisper_transcription.py [-h] [--input INPUT] [--model MODEL]
                                [--output OUTPUT] [--language LANGUAGE]
                                [--glossary GLOSSARY]
whisper_transcription.py: error: unrecognized arguments:  
/var/spool/slurm/d/job1001614/slurm_script: line 26: --input: command not found
mv: cannot stat 'reproducibility_results/plenary_openmic/turbo/plenary_openmic.wav}_whisper.txt': No such file or directory
Traceback (most recent call last):
  File "/home/msak1/ietf_meetingnotes_evaulation/Scripts_Audio/WER_assessment.py", line 55, in <module>
    main()
    ~~~~^^
  File "/home/msak1/ietf_meetingnotes_evaulation/Scripts_Audio/WER_assessment.py", line 19, in main
    hypothesis = load_text(args.hypothesis)
  File "/home/msak1/ietf_meetingnotes_evaulation/Scripts_Audio/WER_assessment.py", line 9, in load_text
    with open(file_path, "r") as f:
         ~~~~^^^^^^^^^^^^^^^^
FileNotFoundError: [Errno 2] No such file or directory: 'reproducibility_results/plenary_openmic/turbo/plenary_openmic.wav_whisper_run01.txt'
Running turbo, run 02
usage: whisper_transcription.py [-h] [--input INPUT] [--model MODEL]
                                [--output OUTPUT] [--language LANGUAGE]
                                [--glossary GLOSSARY]
whisper_transcription.py: error: unrecognized arguments:  
/var/spool/slurm/d/job1001614/slurm_script: line 26: --input: command not found
mv: cannot stat 'reproducibility_results/plenary_openmic/turbo/plenary_openmic.wav}_whisper.txt': No such file or directory
Traceback (most recent call last):
  File "/home/msak1/ietf_meetingnotes_evaulation/Scripts_Audio/WER_assessment.py", line 55, in <module>
    main()
    ~~~~^^
  File "/home/msak1/ietf_meetingnotes_evaulation/Scripts_Audio/WER_assessment.py", line 19, in main
    hypothesis = load_text(args.hypothesis)
  File "/home/msak1/ietf_meetingnotes_evaulation/Scripts_Audio/WER_assessment.py", line 9, in load_text
    with open(file_path, "r") as f:
         ~~~~^^^^^^^^^^^^^^^^
FileNotFoundError: [Errno 2] No such file or directory: 'reproducibility_results/plenary_openmic/turbo/plenary_openmic.wav_whisper_run02.txt'
Running turbo, run 03
usage: whisper_transcription.py [-h] [--input INPUT] [--model MODEL]
                                [--output OUTPUT] [--language LANGUAGE]
                                [--glossary GLOSSARY]
whisper_transcription.py: error: unrecognized arguments:  
/var/spool/slurm/d/job1001614/slurm_script: line 26: --input: command not found
mv: cannot stat 'reproducibility_results/plenary_openmic/turbo/plenary_openmic.wav}_whisper.txt': No such file or directory
Traceback (most recent call last):
  File "/home/msak1/ietf_meetingnotes_evaulation/Scripts_Audio/WER_assessment.py", line 55, in <module>
    main()
    ~~~~^^
  File "/home/msak1/ietf_meetingnotes_evaulation/Scripts_Audio/WER_assessment.py", line 19, in main
    hypothesis = load_text(args.hypothesis)
  File "/home/msak1/ietf_meetingnotes_evaulation/Scripts_Audio/WER_assessment.py", line 9, in load_text
    with open(file_path, "r") as f:
         ~~~~^^^^^^^^^^^^^^^^
FileNotFoundError: [Errno 2] No such file or directory: 'reproducibility_results/plenary_openmic/turbo/plenary_openmic.wav_whisper_run03.txt'
Running turbo, run 04
usage: whisper_transcription.py [-h] [--input INPUT] [--model MODEL]
                                [--output OUTPUT] [--language LANGUAGE]
                                [--glossary GLOSSARY]
whisper_transcription.py: error: unrecognized arguments:  
/var/spool/slurm/d/job1001614/slurm_script: line 26: --input: command not found
mv: cannot stat 'reproducibility_results/plenary_openmic/turbo/plenary_openmic.wav}_whisper.txt': No such file or directory
Traceback (most recent call last):
  File "/home/msak1/ietf_meetingnotes_evaulation/Scripts_Audio/WER_assessment.py", line 55, in <module>
    main()
    ~~~~^^
  File "/home/msak1/ietf_meetingnotes_evaulation/Scripts_Audio/WER_assessment.py", line 19, in main
    hypothesis = load_text(args.hypothesis)
  File "/home/msak1/ietf_meetingnotes_evaulation/Scripts_Audio/WER_assessment.py", line 9, in load_text
    with open(file_path, "r") as f:
         ~~~~^^^^^^^^^^^^^^^^
FileNotFoundError: [Errno 2] No such file or directory: 'reproducibility_results/plenary_openmic/turbo/plenary_openmic.wav_whisper_run04.txt'
Running turbo, run 05
usage: whisper_transcription.py [-h] [--input INPUT] [--model MODEL]
                                [--output OUTPUT] [--language LANGUAGE]
                                [--glossary GLOSSARY]
whisper_transcription.py: error: unrecognized arguments:  
/var/spool/slurm/d/job1001614/slurm_script: line 26: --input: command not found
mv: cannot stat 'reproducibility_results/plenary_openmic/turbo/plenary_openmic.wav}_whisper.txt': No such file or directory
Traceback (most recent call last):
  File "/home/msak1/ietf_meetingnotes_evaulation/Scripts_Audio/WER_assessment.py", line 55, in <module>
    main()
    ~~~~^^
  File "/home/msak1/ietf_meetingnotes_evaulation/Scripts_Audio/WER_assessment.py", line 19, in main
    hypothesis = load_text(args.hypothesis)
  File "/home/msak1/ietf_meetingnotes_evaulation/Scripts_Audio/WER_assessment.py", line 9, in load_text
    with open(file_path, "r") as f:
         ~~~~^^^^^^^^^^^^^^^^
FileNotFoundError: [Errno 2] No such file or directory: 'reproducibility_results/plenary_openmic/turbo/plenary_openmic.wav_whisper_run05.txt'
Running turbo, run 06
usage: whisper_transcription.py [-h] [--input INPUT] [--model MODEL]
                                [--output OUTPUT] [--language LANGUAGE]
                                [--glossary GLOSSARY]
whisper_transcription.py: error: unrecognized arguments:  
/var/spool/slurm/d/job1001614/slurm_script: line 26: --input: command not found
mv: cannot stat 'reproducibility_results/plenary_openmic/turbo/plenary_openmic.wav}_whisper.txt': No such file or directory
Traceback (most recent call last):
  File "/home/msak1/ietf_meetingnotes_evaulation/Scripts_Audio/WER_assessment.py", line 55, in <module>
    main()
    ~~~~^^
  File "/home/msak1/ietf_meetingnotes_evaulation/Scripts_Audio/WER_assessment.py", line 19, in main
    hypothesis = load_text(args.hypothesis)
  File "/home/msak1/ietf_meetingnotes_evaulation/Scripts_Audio/WER_assessment.py", line 9, in load_text
    with open(file_path, "r") as f:
         ~~~~^^^^^^^^^^^^^^^^
FileNotFoundError: [Errno 2] No such file or directory: 'reproducibility_results/plenary_openmic/turbo/plenary_openmic.wav_whisper_run06.txt'
Running turbo, run 07
usage: whisper_transcription.py [-h] [--input INPUT] [--model MODEL]
                                [--output OUTPUT] [--language LANGUAGE]
                                [--glossary GLOSSARY]
whisper_transcription.py: error: unrecognized arguments:  
/var/spool/slurm/d/job1001614/slurm_script: line 26: --input: command not found
mv: cannot stat 'reproducibility_results/plenary_openmic/turbo/plenary_openmic.wav}_whisper.txt': No such file or directory
Traceback (most recent call last):
  File "/home/msak1/ietf_meetingnotes_evaulation/Scripts_Audio/WER_assessment.py", line 55, in <module>
    main()
    ~~~~^^
  File "/home/msak1/ietf_meetingnotes_evaulation/Scripts_Audio/WER_assessment.py", line 19, in main
    hypothesis = load_text(args.hypothesis)
  File "/home/msak1/ietf_meetingnotes_evaulation/Scripts_Audio/WER_assessment.py", line 9, in load_text
    with open(file_path, "r") as f:
         ~~~~^^^^^^^^^^^^^^^^
FileNotFoundError: [Errno 2] No such file or directory: 'reproducibility_results/plenary_openmic/turbo/plenary_openmic.wav_whisper_run07.txt'
Running turbo, run 08
usage: whisper_transcription.py [-h] [--input INPUT] [--model MODEL]
                                [--output OUTPUT] [--language LANGUAGE]
                                [--glossary GLOSSARY]
whisper_transcription.py: error: unrecognized arguments:  
/var/spool/slurm/d/job1001614/slurm_script: line 26: --input: command not found
mv: cannot stat 'reproducibility_results/plenary_openmic/turbo/plenary_openmic.wav}_whisper.txt': No such file or directory
Traceback (most recent call last):
  File "/home/msak1/ietf_meetingnotes_evaulation/Scripts_Audio/WER_assessment.py", line 55, in <module>
    main()
    ~~~~^^
  File "/home/msak1/ietf_meetingnotes_evaulation/Scripts_Audio/WER_assessment.py", line 19, in main
    hypothesis = load_text(args.hypothesis)
  File "/home/msak1/ietf_meetingnotes_evaulation/Scripts_Audio/WER_assessment.py", line 9, in load_text
    with open(file_path, "r") as f:
         ~~~~^^^^^^^^^^^^^^^^
FileNotFoundError: [Errno 2] No such file or directory: 'reproducibility_results/plenary_openmic/turbo/plenary_openmic.wav_whisper_run08.txt'
Running turbo, run 09
usage: whisper_transcription.py [-h] [--input INPUT] [--model MODEL]
                                [--output OUTPUT] [--language LANGUAGE]
                                [--glossary GLOSSARY]
whisper_transcription.py: error: unrecognized arguments:  
/var/spool/slurm/d/job1001614/slurm_script: line 26: --input: command not found
mv: cannot stat 'reproducibility_results/plenary_openmic/turbo/plenary_openmic.wav}_whisper.txt': No such file or directory
Traceback (most recent call last):
  File "/home/msak1/ietf_meetingnotes_evaulation/Scripts_Audio/WER_assessment.py", line 55, in <module>
    main()
    ~~~~^^
  File "/home/msak1/ietf_meetingnotes_evaulation/Scripts_Audio/WER_assessment.py", line 19, in main
    hypothesis = load_text(args.hypothesis)
  File "/home/msak1/ietf_meetingnotes_evaulation/Scripts_Audio/WER_assessment.py", line 9, in load_text
    with open(file_path, "r") as f:
         ~~~~^^^^^^^^^^^^^^^^
FileNotFoundError: [Errno 2] No such file or directory: 'reproducibility_results/plenary_openmic/turbo/plenary_openmic.wav_whisper_run09.txt'
Running turbo, run 10
usage: whisper_transcription.py [-h] [--input INPUT] [--model MODEL]
                                [--output OUTPUT] [--language LANGUAGE]
                                [--glossary GLOSSARY]
whisper_transcription.py: error: unrecognized arguments:  
/var/spool/slurm/d/job1001614/slurm_script: line 26: --input: command not found
mv: cannot stat 'reproducibility_results/plenary_openmic/turbo/plenary_openmic.wav}_whisper.txt': No such file or directory
Traceback (most recent call last):
  File "/home/msak1/ietf_meetingnotes_evaulation/Scripts_Audio/WER_assessment.py", line 55, in <module>
    main()
    ~~~~^^
  File "/home/msak1/ietf_meetingnotes_evaulation/Scripts_Audio/WER_assessment.py", line 19, in main
    hypothesis = load_text(args.hypothesis)
  File "/home/msak1/ietf_meetingnotes_evaulation/Scripts_Audio/WER_assessment.py", line 9, in load_text
    with open(file_path, "r") as f:
         ~~~~^^^^^^^^^^^^^^^^
FileNotFoundError: [Errno 2] No such file or directory: 'reproducibility_results/plenary_openmic/turbo/plenary_openmic.wav_whisper_run10.txt'
Running turbo, run 11
usage: whisper_transcription.py [-h] [--input INPUT] [--model MODEL]
                                [--output OUTPUT] [--language LANGUAGE]
                                [--glossary GLOSSARY]
whisper_transcription.py: error: unrecognized arguments:  
/var/spool/slurm/d/job1001614/slurm_script: line 26: --input: command not found
mv: cannot stat 'reproducibility_results/plenary_openmic/turbo/plenary_openmic.wav}_whisper.txt': No such file or directory
Traceback (most recent call last):
  File "/home/msak1/ietf_meetingnotes_evaulation/Scripts_Audio/WER_assessment.py", line 55, in <module>
    main()
    ~~~~^^
  File "/home/msak1/ietf_meetingnotes_evaulation/Scripts_Audio/WER_assessment.py", line 19, in main
    hypothesis = load_text(args.hypothesis)
  File "/home/msak1/ietf_meetingnotes_evaulation/Scripts_Audio/WER_assessment.py", line 9, in load_text
    with open(file_path, "r") as f:
         ~~~~^^^^^^^^^^^^^^^^
FileNotFoundError: [Errno 2] No such file or directory: 'reproducibility_results/plenary_openmic/turbo/plenary_openmic.wav_whisper_run11.txt'
Running turbo, run 12
usage: whisper_transcription.py [-h] [--input INPUT] [--model MODEL]
                                [--output OUTPUT] [--language LANGUAGE]
                                [--glossary GLOSSARY]
whisper_transcription.py: error: unrecognized arguments:  
/var/spool/slurm/d/job1001614/slurm_script: line 26: --input: command not found
mv: cannot stat 'reproducibility_results/plenary_openmic/turbo/plenary_openmic.wav}_whisper.txt': No such file or directory
Traceback (most recent call last):
  File "/home/msak1/ietf_meetingnotes_evaulation/Scripts_Audio/WER_assessment.py", line 55, in <module>
    main()
    ~~~~^^
  File "/home/msak1/ietf_meetingnotes_evaulation/Scripts_Audio/WER_assessment.py", line 19, in main
    hypothesis = load_text(args.hypothesis)
  File "/home/msak1/ietf_meetingnotes_evaulation/Scripts_Audio/WER_assessment.py", line 9, in load_text
    with open(file_path, "r") as f:
         ~~~~^^^^^^^^^^^^^^^^
FileNotFoundError: [Errno 2] No such file or directory: 'reproducibility_results/plenary_openmic/turbo/plenary_openmic.wav_whisper_run12.txt'
Running turbo, run 13
usage: whisper_transcription.py [-h] [--input INPUT] [--model MODEL]
                                [--output OUTPUT] [--language LANGUAGE]
                                [--glossary GLOSSARY]
whisper_transcription.py: error: unrecognized arguments:  
/var/spool/slurm/d/job1001614/slurm_script: line 26: --input: command not found
mv: cannot stat 'reproducibility_results/plenary_openmic/turbo/plenary_openmic.wav}_whisper.txt': No such file or directory
Traceback (most recent call last):
  File "/home/msak1/ietf_meetingnotes_evaulation/Scripts_Audio/WER_assessment.py", line 55, in <module>
    main()
    ~~~~^^
  File "/home/msak1/ietf_meetingnotes_evaulation/Scripts_Audio/WER_assessment.py", line 19, in main
    hypothesis = load_text(args.hypothesis)
  File "/home/msak1/ietf_meetingnotes_evaulation/Scripts_Audio/WER_assessment.py", line 9, in load_text
    with open(file_path, "r") as f:
         ~~~~^^^^^^^^^^^^^^^^
FileNotFoundError: [Errno 2] No such file or directory: 'reproducibility_results/plenary_openmic/turbo/plenary_openmic.wav_whisper_run13.txt'
Running turbo, run 14
usage: whisper_transcription.py [-h] [--input INPUT] [--model MODEL]
                                [--output OUTPUT] [--language LANGUAGE]
                                [--glossary GLOSSARY]
whisper_transcription.py: error: unrecognized arguments:  
/var/spool/slurm/d/job1001614/slurm_script: line 26: --input: command not found
mv: cannot stat 'reproducibility_results/plenary_openmic/turbo/plenary_openmic.wav}_whisper.txt': No such file or directory
Traceback (most recent call last):
  File "/home/msak1/ietf_meetingnotes_evaulation/Scripts_Audio/WER_assessment.py", line 55, in <module>
    main()
    ~~~~^^
  File "/home/msak1/ietf_meetingnotes_evaulation/Scripts_Audio/WER_assessment.py", line 19, in main
    hypothesis = load_text(args.hypothesis)
  File "/home/msak1/ietf_meetingnotes_evaulation/Scripts_Audio/WER_assessment.py", line 9, in load_text
    with open(file_path, "r") as f:
         ~~~~^^^^^^^^^^^^^^^^
FileNotFoundError: [Errno 2] No such file or directory: 'reproducibility_results/plenary_openmic/turbo/plenary_openmic.wav_whisper_run14.txt'
Running turbo, run 15
usage: whisper_transcription.py [-h] [--input INPUT] [--model MODEL]
                                [--output OUTPUT] [--language LANGUAGE]
                                [--glossary GLOSSARY]
whisper_transcription.py: error: unrecognized arguments:  
/var/spool/slurm/d/job1001614/slurm_script: line 26: --input: command not found
mv: cannot stat 'reproducibility_results/plenary_openmic/turbo/plenary_openmic.wav}_whisper.txt': No such file or directory
Traceback (most recent call last):
  File "/home/msak1/ietf_meetingnotes_evaulation/Scripts_Audio/WER_assessment.py", line 55, in <module>
    main()
    ~~~~^^
  File "/home/msak1/ietf_meetingnotes_evaulation/Scripts_Audio/WER_assessment.py", line 19, in main
    hypothesis = load_text(args.hypothesis)
  File "/home/msak1/ietf_meetingnotes_evaulation/Scripts_Audio/WER_assessment.py", line 9, in load_text
    with open(file_path, "r") as f:
         ~~~~^^^^^^^^^^^^^^^^
FileNotFoundError: [Errno 2] No such file or directory: 'reproducibility_results/plenary_openmic/turbo/plenary_openmic.wav_whisper_run15.txt'
Running turbo, run 16
usage: whisper_transcription.py [-h] [--input INPUT] [--model MODEL]
                                [--output OUTPUT] [--language LANGUAGE]
                                [--glossary GLOSSARY]
whisper_transcription.py: error: unrecognized arguments:  
/var/spool/slurm/d/job1001614/slurm_script: line 26: --input: command not found
mv: cannot stat 'reproducibility_results/plenary_openmic/turbo/plenary_openmic.wav}_whisper.txt': No such file or directory
Traceback (most recent call last):
  File "/home/msak1/ietf_meetingnotes_evaulation/Scripts_Audio/WER_assessment.py", line 55, in <module>
    main()
    ~~~~^^
  File "/home/msak1/ietf_meetingnotes_evaulation/Scripts_Audio/WER_assessment.py", line 19, in main
    hypothesis = load_text(args.hypothesis)
  File "/home/msak1/ietf_meetingnotes_evaulation/Scripts_Audio/WER_assessment.py", line 9, in load_text
    with open(file_path, "r") as f:
         ~~~~^^^^^^^^^^^^^^^^
FileNotFoundError: [Errno 2] No such file or directory: 'reproducibility_results/plenary_openmic/turbo/plenary_openmic.wav_whisper_run16.txt'
Running turbo, run 17
usage: whisper_transcription.py [-h] [--input INPUT] [--model MODEL]
                                [--output OUTPUT] [--language LANGUAGE]
                                [--glossary GLOSSARY]
whisper_transcription.py: error: unrecognized arguments:  
/var/spool/slurm/d/job1001614/slurm_script: line 26: --input: command not found
mv: cannot stat 'reproducibility_results/plenary_openmic/turbo/plenary_openmic.wav}_whisper.txt': No such file or directory
Traceback (most recent call last):
  File "/home/msak1/ietf_meetingnotes_evaulation/Scripts_Audio/WER_assessment.py", line 55, in <module>
    main()
    ~~~~^^
  File "/home/msak1/ietf_meetingnotes_evaulation/Scripts_Audio/WER_assessment.py", line 19, in main
    hypothesis = load_text(args.hypothesis)
  File "/home/msak1/ietf_meetingnotes_evaulation/Scripts_Audio/WER_assessment.py", line 9, in load_text
    with open(file_path, "r") as f:
         ~~~~^^^^^^^^^^^^^^^^
FileNotFoundError: [Errno 2] No such file or directory: 'reproducibility_results/plenary_openmic/turbo/plenary_openmic.wav_whisper_run17.txt'
Running turbo, run 18
usage: whisper_transcription.py [-h] [--input INPUT] [--model MODEL]
                                [--output OUTPUT] [--language LANGUAGE]
                                [--glossary GLOSSARY]
whisper_transcription.py: error: unrecognized arguments:  
/var/spool/slurm/d/job1001614/slurm_script: line 26: --input: command not found
mv: cannot stat 'reproducibility_results/plenary_openmic/turbo/plenary_openmic.wav}_whisper.txt': No such file or directory
Traceback (most recent call last):
  File "/home/msak1/ietf_meetingnotes_evaulation/Scripts_Audio/WER_assessment.py", line 55, in <module>
    main()
    ~~~~^^
  File "/home/msak1/ietf_meetingnotes_evaulation/Scripts_Audio/WER_assessment.py", line 19, in main
    hypothesis = load_text(args.hypothesis)
  File "/home/msak1/ietf_meetingnotes_evaulation/Scripts_Audio/WER_assessment.py", line 9, in load_text
    with open(file_path, "r") as f:
         ~~~~^^^^^^^^^^^^^^^^
FileNotFoundError: [Errno 2] No such file or directory: 'reproducibility_results/plenary_openmic/turbo/plenary_openmic.wav_whisper_run18.txt'
Running turbo, run 19
usage: whisper_transcription.py [-h] [--input INPUT] [--model MODEL]
                                [--output OUTPUT] [--language LANGUAGE]
                                [--glossary GLOSSARY]
whisper_transcription.py: error: unrecognized arguments:  
/var/spool/slurm/d/job1001614/slurm_script: line 26: --input: command not found
mv: cannot stat 'reproducibility_results/plenary_openmic/turbo/plenary_openmic.wav}_whisper.txt': No such file or directory
Traceback (most recent call last):
  File "/home/msak1/ietf_meetingnotes_evaulation/Scripts_Audio/WER_assessment.py", line 55, in <module>
    main()
    ~~~~^^
  File "/home/msak1/ietf_meetingnotes_evaulation/Scripts_Audio/WER_assessment.py", line 19, in main
    hypothesis = load_text(args.hypothesis)
  File "/home/msak1/ietf_meetingnotes_evaulation/Scripts_Audio/WER_assessment.py", line 9, in load_text
    with open(file_path, "r") as f:
         ~~~~^^^^^^^^^^^^^^^^
FileNotFoundError: [Errno 2] No such file or directory: 'reproducibility_results/plenary_openmic/turbo/plenary_openmic.wav_whisper_run19.txt'
Running turbo, run 20
usage: whisper_transcription.py [-h] [--input INPUT] [--model MODEL]
                                [--output OUTPUT] [--language LANGUAGE]
                                [--glossary GLOSSARY]
whisper_transcription.py: error: unrecognized arguments:  
/var/spool/slurm/d/job1001614/slurm_script: line 26: --input: command not found
mv: cannot stat 'reproducibility_results/plenary_openmic/turbo/plenary_openmic.wav}_whisper.txt': No such file or directory
Traceback (most recent call last):
  File "/home/msak1/ietf_meetingnotes_evaulation/Scripts_Audio/WER_assessment.py", line 55, in <module>
    main()
    ~~~~^^
  File "/home/msak1/ietf_meetingnotes_evaulation/Scripts_Audio/WER_assessment.py", line 19, in main
    hypothesis = load_text(args.hypothesis)
  File "/home/msak1/ietf_meetingnotes_evaulation/Scripts_Audio/WER_assessment.py", line 9, in load_text
    with open(file_path, "r") as f:
         ~~~~^^^^^^^^^^^^^^^^
FileNotFoundError: [Errno 2] No such file or directory: 'reproducibility_results/plenary_openmic/turbo/plenary_openmic.wav_whisper_run20.txt'
Running turbo, run 21
usage: whisper_transcription.py [-h] [--input INPUT] [--model MODEL]
                                [--output OUTPUT] [--language LANGUAGE]
                                [--glossary GLOSSARY]
whisper_transcription.py: error: unrecognized arguments:  
/var/spool/slurm/d/job1001614/slurm_script: line 26: --input: command not found
mv: cannot stat 'reproducibility_results/plenary_openmic/turbo/plenary_openmic.wav}_whisper.txt': No such file or directory
Traceback (most recent call last):
  File "/home/msak1/ietf_meetingnotes_evaulation/Scripts_Audio/WER_assessment.py", line 55, in <module>
    main()
    ~~~~^^
  File "/home/msak1/ietf_meetingnotes_evaulation/Scripts_Audio/WER_assessment.py", line 19, in main
    hypothesis = load_text(args.hypothesis)
  File "/home/msak1/ietf_meetingnotes_evaulation/Scripts_Audio/WER_assessment.py", line 9, in load_text
    with open(file_path, "r") as f:
         ~~~~^^^^^^^^^^^^^^^^
FileNotFoundError: [Errno 2] No such file or directory: 'reproducibility_results/plenary_openmic/turbo/plenary_openmic.wav_whisper_run21.txt'
Running turbo, run 22
usage: whisper_transcription.py [-h] [--input INPUT] [--model MODEL]
                                [--output OUTPUT] [--language LANGUAGE]
                                [--glossary GLOSSARY]
whisper_transcription.py: error: unrecognized arguments:  
/var/spool/slurm/d/job1001614/slurm_script: line 26: --input: command not found
mv: cannot stat 'reproducibility_results/plenary_openmic/turbo/plenary_openmic.wav}_whisper.txt': No such file or directory
Traceback (most recent call last):
  File "/home/msak1/ietf_meetingnotes_evaulation/Scripts_Audio/WER_assessment.py", line 55, in <module>
    main()
    ~~~~^^
  File "/home/msak1/ietf_meetingnotes_evaulation/Scripts_Audio/WER_assessment.py", line 19, in main
    hypothesis = load_text(args.hypothesis)
  File "/home/msak1/ietf_meetingnotes_evaulation/Scripts_Audio/WER_assessment.py", line 9, in load_text
    with open(file_path, "r") as f:
         ~~~~^^^^^^^^^^^^^^^^
FileNotFoundError: [Errno 2] No such file or directory: 'reproducibility_results/plenary_openmic/turbo/plenary_openmic.wav_whisper_run22.txt'
Running turbo, run 23
usage: whisper_transcription.py [-h] [--input INPUT] [--model MODEL]
                                [--output OUTPUT] [--language LANGUAGE]
                                [--glossary GLOSSARY]
whisper_transcription.py: error: unrecognized arguments:  
/var/spool/slurm/d/job1001614/slurm_script: line 26: --input: command not found
mv: cannot stat 'reproducibility_results/plenary_openmic/turbo/plenary_openmic.wav}_whisper.txt': No such file or directory
Traceback (most recent call last):
  File "/home/msak1/ietf_meetingnotes_evaulation/Scripts_Audio/WER_assessment.py", line 55, in <module>
    main()
    ~~~~^^
  File "/home/msak1/ietf_meetingnotes_evaulation/Scripts_Audio/WER_assessment.py", line 19, in main
    hypothesis = load_text(args.hypothesis)
  File "/home/msak1/ietf_meetingnotes_evaulation/Scripts_Audio/WER_assessment.py", line 9, in load_text
    with open(file_path, "r") as f:
         ~~~~^^^^^^^^^^^^^^^^
FileNotFoundError: [Errno 2] No such file or directory: 'reproducibility_results/plenary_openmic/turbo/plenary_openmic.wav_whisper_run23.txt'
Running turbo, run 24
usage: whisper_transcription.py [-h] [--input INPUT] [--model MODEL]
                                [--output OUTPUT] [--language LANGUAGE]
                                [--glossary GLOSSARY]
whisper_transcription.py: error: unrecognized arguments:  
/var/spool/slurm/d/job1001614/slurm_script: line 26: --input: command not found
mv: cannot stat 'reproducibility_results/plenary_openmic/turbo/plenary_openmic.wav}_whisper.txt': No such file or directory
Traceback (most recent call last):
  File "/home/msak1/ietf_meetingnotes_evaulation/Scripts_Audio/WER_assessment.py", line 55, in <module>
    main()
    ~~~~^^
  File "/home/msak1/ietf_meetingnotes_evaulation/Scripts_Audio/WER_assessment.py", line 19, in main
    hypothesis = load_text(args.hypothesis)
  File "/home/msak1/ietf_meetingnotes_evaulation/Scripts_Audio/WER_assessment.py", line 9, in load_text
    with open(file_path, "r") as f:
         ~~~~^^^^^^^^^^^^^^^^
FileNotFoundError: [Errno 2] No such file or directory: 'reproducibility_results/plenary_openmic/turbo/plenary_openmic.wav_whisper_run24.txt'
Running turbo, run 25
usage: whisper_transcription.py [-h] [--input INPUT] [--model MODEL]
                                [--output OUTPUT] [--language LANGUAGE]
                                [--glossary GLOSSARY]
whisper_transcription.py: error: unrecognized arguments:  
/var/spool/slurm/d/job1001614/slurm_script: line 26: --input: command not found
mv: cannot stat 'reproducibility_results/plenary_openmic/turbo/plenary_openmic.wav}_whisper.txt': No such file or directory
Traceback (most recent call last):
  File "/home/msak1/ietf_meetingnotes_evaulation/Scripts_Audio/WER_assessment.py", line 55, in <module>
    main()
    ~~~~^^
  File "/home/msak1/ietf_meetingnotes_evaulation/Scripts_Audio/WER_assessment.py", line 19, in main
    hypothesis = load_text(args.hypothesis)
  File "/home/msak1/ietf_meetingnotes_evaulation/Scripts_Audio/WER_assessment.py", line 9, in load_text
    with open(file_path, "r") as f:
         ~~~~^^^^^^^^^^^^^^^^
FileNotFoundError: [Errno 2] No such file or directory: 'reproducibility_results/plenary_openmic/turbo/plenary_openmic.wav_whisper_run25.txt'
plenary opemic done
